Title: Charting the Galactic acceleration field I. A search for stellar
    streams with Gaia DR2 and EDR3 with follow-up from ESPaDOnS and UVES
Authors: Ibata R., Malhan K., Martin N., Aubert D., Famaey B., Bianchini P.,
    Monari G., Siebert A., Thomas G.F., Bellazzini M., Bonifacio P.,
    Caffau E., Renaud F. 
Table: STREAMFINDER catalog of 5960 stars detected in Gaia DR2, with updated EDR3 astrometry
================================================================================
Byte-by-byte Description of file: apjabfcc2t1_mrt.txt
--------------------------------------------------------------------------------
   Bytes Format Units    Label     Explanations
--------------------------------------------------------------------------------
   1- 19 I19    ---      Gaia      Gaia EDR3 star identifier
  21- 31 F11.7  deg      RAdeg     Gaia EDR3 right ascension, decimal degrees (J2000) 
  33- 43 F11.7  deg      DEdeg     Gaia EDR3 declination, decimal degrees (J2000)
  45- 50 F6.3   mas      plx       Gaia EDR3 parallax
  52- 58 F7.3   mas/yr   pmRA      Gaia EDR3 proper motion in RA
  60- 66 F7.3   mas/yr   pmDE      Gaia EDR3 proper motion in DE
  68- 73 F6.3   mag      Gmag0     Gaia DR2 extinction-corrected magnitude, Gmag0
  75- 79 F5.3   mag      (BP-RP)0  Gaia DR2 extinction-corrected color (GBP-GRP)0 
  81- 84 F4.1   kpc      dSF       Distance to the star estimated by STREAMFINDER
  86- 93 F8.2   km/s     HRV       ?=1000.00 Best heliocentric line-of-sight velocity
  95-102 F8.2   km/s   e_HRV       ?=10000.00 Uncertainty in HRV
 104-105 I2     ---    r_HRV       Reference for HRV (1)
 107-108 I2     ---      Stream    A unique stream identification label; used in Figures 1-3
--------------------------------------------------------------------------------
Note (1): References for HRV --
     0 = No measurement;
     1 = APOGEE-2 (Majewski et al. 2017 [2017AJ....154...94M]);
     2 = GALAH DR3 survey (Buder et al. 2018 [2018MNRAS.478.4513B]);
     3 = Gaia Radial Velocity Spectrometer catalog;
     4 = LAMOST DR5 survey (Cui et al. 2012 [2012RAA....12.1197C]);
     5 = RAVE DR5 (Kunder et al. 2017 [2017AJ....153...75K]);
     6 = SDSS/Segue survey (Yanny et al. 2009 [2009AJ....137.4377Y]);
     7 = BOSS;
     8 = ESPaDOnS (this work);
     9 = AAOmega (from Ibata et al. 2017 [2017ApJ...842..120I]);
    10 = FLAMES (from Ibata et al. 2017 [2017ApJ...842..120I]);
    11 = UVES (from Odenkirchen et al. 2009 [2009AJ....137.3378O]);
    12 = EFOSC (this work);
    13 = UVES (this work).
--------------------------------------------------------------------------------
4976492500371673600   0.5550946 -50.8463493 -0.155   8.388  -4.010 19.452 0.668  9.3  1000.00 10000.00  0  1 
4973150156822139264   1.5151347 -51.9761751  0.174   6.889  -3.500 18.507 0.697 11.9  1000.00 10000.00  0  1 
4973592611470354688   1.7731105 -50.8343482  0.140   7.972  -3.240 19.180 0.582 10.0  1000.00 10000.00  0  1 
2429494258672369152   1.8757480  -8.4297405 -0.075   0.264   0.520 19.235 0.794  7.0  1000.00 10000.00  0  2 
4973559626121475968   2.8546245 -50.7333002  0.430   7.136  -3.877 19.429 0.574 10.3  1000.00 10000.00  0  1 
4973378962616486912   3.1114491 -50.6157726  0.121   7.975  -3.357 17.038 0.897 11.0    27.90     0.43 13  1 
2424367510829683456   3.2166034 -12.3131045 -0.002   0.174  -0.165 18.903 0.659  7.2  1000.00 10000.00  0  2 
2424399499746804608   3.8243910 -12.0557274 -0.147  -0.136   0.055 18.853 0.706  6.8  1000.00 10000.00  0  2 
2424146577712223616   3.9632298 -12.6432028  0.041  -0.078   0.012 17.946 0.622  6.9  1000.00 10000.00  0  2 
2417215325130569216   4.7171801 -13.8830239 -0.178  -0.763  -0.479 19.269 0.659  6.8  1000.00 10000.00  0  2 
2416796759093292288   4.7242583 -14.9737111  0.010   0.102  -0.081 17.534 0.715  7.0  1000.00 10000.00  0  2 
2417018894801668224   4.9153989 -14.0408728  0.195   0.178  -0.045 17.276 0.840  7.1     6.06     0.41 13  2 
2417019508981021696   5.0019235 -14.0355947  0.421  -0.360  -0.177 19.330 0.744  7.2  1000.00 10000.00  0  2 
2423031569842474880   5.0931360 -13.8112515 -0.189  -0.058  -0.093 19.112 0.676  6.9  1000.00 10000.00  0  2 
2423010301164331904   5.3198712 -14.0338514  0.331  -0.724  -2.175 19.300 0.862  7.0  1000.00 10000.00  0  2 
2368882992996545408   5.5018579 -14.7245615 -0.327   0.559   0.112 18.814 0.680  7.0  1000.00 10000.00  0  2 
2368859490935410176   5.6133976 -15.0164922  0.095  -0.204  -0.270 19.202 0.641  7.9  1000.00 10000.00  0  2 
2368862342793728256   5.6980907 -14.9120576 -0.085  -0.304  -0.216 19.361 0.740  6.8  1000.00 10000.00  0  2 
2367616974076387072   6.0996924 -16.5768883 -0.015   0.434  -0.078 18.480 0.640  6.8  1000.00 10000.00  0  2 
2368489440849264768   6.2040736 -16.1110176  0.459   0.470   0.589 16.429 0.823  6.8   -18.41     0.55  8  2 
2367616566055618176   6.2127536 -16.5626948 -0.401   0.426   1.270 19.366 0.777  6.8  1000.00 10000.00  0  2 
2367621990598220672   6.4513260 -16.4504206 -0.452  -0.530   0.011 19.358 0.670  7.8  1000.00 10000.00  0  2 
4973026771000769152   6.4565788 -50.2683395  0.144   7.061  -2.923 19.047 0.579 10.5  1000.00 10000.00  0  1 
2367552343408985600   6.5596782 -16.8367454  0.177   0.741   0.211 19.299 0.860  6.8  1000.00 10000.00  0  2 
2367551557430664576   6.7600887 -16.7751937  0.097   0.257  -0.125 16.720 0.867  7.0 -3837.77     1.48 13  2 
2367256059385314432   7.5787930 -17.4890066  0.038   0.172   0.245 19.042 0.617  7.1  1000.00 10000.00  0  2 
2364140734922494208   7.5984414 -18.3322548  0.067   0.117  -0.064 17.759 0.738  6.8  1000.00 10000.00  0  2 
4974285024620094720   7.8035975 -50.4251735  0.068   8.163  -2.992 18.303 0.766 10.7  1000.00 10000.00  0  1 
2363916533334114048   7.9048220 -18.9015877  0.369   0.924   0.577 19.222 0.761  6.8  1000.00 10000.00  0  2 
2363467348474334592   8.0536138 -19.4167236 -0.339  -0.766   0.005 19.455 0.677  7.8  1000.00 10000.00  0  2 
2362694116922300416   8.4245342 -19.6659619 -0.896  -0.517  -0.547 19.426 0.639  7.7  1000.00 10000.00  0  2 
4926327870766845824   8.5414353 -50.4910177 -0.081   8.574  -3.006 18.420 0.646 10.4  1000.00 10000.00  0  1 
2362355879657197056   8.8223081 -20.8619220  0.037  -0.245  -0.216 19.187 0.714  7.2  1000.00 10000.00  0  2 
2362378041688591616   8.8436344 -20.6311553 -0.063  -0.020  -0.030 17.877 0.824  6.9  1000.00 10000.00  0  2 
2362362442367262592   8.9046056 -20.7946362 -0.123  -0.006   0.483 19.163 0.722  6.8  1000.00 10000.00  0  2 
2362612890500392704   8.9828541 -19.9661116  0.137   0.502   0.511 18.884 0.646  6.9  1000.00 10000.00  0  2 
2362385570766838528   9.1297036 -20.6642489  0.307   0.129  -0.141 17.716 0.771  7.1  1000.00 10000.00  0  2 
2362305233402543488   9.1450423 -21.0337056 -0.593  -0.147   0.432 19.073 0.708  6.9  1000.00 10000.00  0  2 
4926678408817278208  10.4882421 -50.0127874  0.083   7.895  -2.535 18.458 0.652 10.7  1000.00 10000.00  0  1 
2372078070707542016  14.2319132 -14.5706875  0.077   0.288   0.446 19.217 0.645  7.4  1000.00 10000.00  0  3 
2371424995160191872  14.7746855 -15.1825237  0.131  -0.007   0.024 18.725 0.624  7.4  1000.00 10000.00  0  3 
2359723442661688320  16.4371428 -15.3406400  0.535   1.055   0.114 18.990 0.646  7.5  1000.00 10000.00  0  3 
2359455471062597888  16.8553824 -15.9889208  0.196  -0.281  -0.010 18.477 0.650  7.1  1000.00 10000.00  0  3 
2359462308650577536  16.8734056 -15.8033623  0.246  -0.106   0.700 19.490 0.706  7.6  1000.00 10000.00  0  3 
2358097917799166208  17.1333630 -17.7219003  0.444  -0.430   0.089 19.280 0.650  7.6  1000.00 10000.00  0  3 
2357865714687502848  17.1427498 -18.2376454  0.002  -0.244  -0.424 19.170 0.673  7.3  1000.00 10000.00  0  3 
2359565971981051264  17.1545535 -15.5648937  0.027  -0.427  -0.768 18.882 0.657  7.0  1000.00 10000.00  0  3 
2359814736486790144  17.1913085 -14.8921293 -0.346  -0.668  -0.021 19.178 0.656  7.4  1000.00 10000.00  0  3 
5034927901255296512  17.3843942 -25.4143146  0.601  -0.370  -1.345 19.421 0.740 20.6  1000.00 10000.00  0  4 
2358561400605901056  17.4409086 -16.9638406 -0.059  -0.041   0.378 18.215 0.602  7.5  1000.00 10000.00  0  3 
2357886364890057216  17.4800614 -18.0502176  0.000  -0.380  -0.556 19.467 0.881  7.2  1000.00 10000.00  0  3 
2357779746621767936  17.5109513 -18.7222925  0.099   0.236   0.059 17.719 0.684  7.4  1000.00 10000.00  0  3 
2357779682198093440  17.5149345 -18.7296830  0.264   0.186  -0.008 18.553 0.631  7.5  1000.00 10000.00  0  3 
2455874226978014976  17.5264300 -14.9527654  0.105   0.074   0.331 19.366 0.700  7.5  1000.00 10000.00  0  3 
2358512708560910720  17.5853737 -17.0378648 -0.417  -0.362  -0.501 19.466 0.674  7.7  1000.00 10000.00  0  3 
5034637011710070912  17.5880985 -25.9951581  0.016  -0.288  -1.074 18.142 0.958 27.0  1000.00 10000.00  0  4 
2358598474764151552  17.6676343 -16.6466706 -0.076  -0.277   0.717 18.718 0.674  7.5  1000.00 10000.00  0  3 
5040976937490509184  17.8042742 -24.7467354  0.048  -0.240  -0.992 15.858 1.036 18.4  -118.97     0.98  8  4 
2359520758861027328  17.8577828 -15.6873408  0.072  -0.276  -0.152 19.452 0.736  7.5  1000.00 10000.00  0  3 
5034639936583618944  17.9902018 -26.1464337 -0.015   0.230  -0.773 15.618 1.239 34.2   -75.18     1.24  8  4 
2358720211316695296  18.0235946 -16.1614800  0.051  -0.236  -0.327 19.179 0.663  7.4  1000.00 10000.00  0  3 
5040671754294144512  18.0910045 -25.7478182  0.018  -0.302  -0.928 15.953 1.088 25.1  -117.67     1.86  8  4 
5034653611759500160  18.1352202 -25.8658345  0.056  -0.207  -1.027 16.820 1.019 23.9  -117.10     0.44 13  4 
2358308474276049536  18.1362992 -17.4397101  0.087   0.257  -0.463 18.928 0.850  6.3  1000.00 10000.00  0  3 
2358633826638958336  18.4098503 -16.6166884 -0.064   0.522  -0.500 18.948 0.836  7.1  1000.00 10000.00  0  3 
2358357441198856064  18.8112381 -17.3260977  0.378  -0.368   0.158 17.298 0.843  7.3  1000.00 10000.00  0  3 
2358666090432706432  18.8597107 -16.3709577  0.266  -0.111   0.715 19.413 0.741  7.3  1000.00 10000.00  0  3 
5039838702437479936  19.1129041 -26.1169267  0.032  -0.104  -0.949 15.550 1.161 26.1  -113.36     0.22 13  4 
5039844985973995776  19.3030194 -26.2254447 -0.236  -0.444  -1.069 18.292 0.933 27.1  1000.00 10000.00  0  4 
2355169780895341056  19.3226054 -17.9896655  0.225  -0.579   0.041 17.589 0.768  7.4  1000.00 10000.00  0  3 
5039851312461480960  19.3267294 -26.0942008  0.081  -0.162  -0.944 16.853 1.024 27.0  1000.00 10000.00  0  4 
2354459530743981696  19.3328979 -19.4071609  0.056  -0.030   0.057 17.534 0.846  7.6  1000.00 10000.00  0  3 
5039600172838457344  19.3695787 -26.8152761  0.098  -0.052  -0.947 18.871 0.861 17.0  1000.00 10000.00  0  4 
2354461424825065216  19.4392375 -19.3555675 -0.055  -0.086   0.065 17.072 0.842  6.8  1000.00 10000.00  0  3 
2354950295182530560  19.5178321 -18.4404271 -0.036   0.003   0.124 18.053 0.668  7.6  1000.00 10000.00  0  3 
5039668651797264384  19.6708941 -25.9651638  0.122  -0.718   0.019 19.286 0.595 16.3  1000.00 10000.00  0  4 
2355309010851089920  19.8973375 -17.4402771 -0.181  -0.511   0.366 18.307 0.602  7.5  1000.00 10000.00  0  3 
2355281518764553600  19.9439701 -17.7965782 -0.054   0.238   0.202 17.613 0.742  7.6  1000.00 10000.00  0  3 
2355065533449118720  20.0605798 -17.9401327  0.137  -0.243   0.258 19.444 0.688  7.4  1000.00 10000.00  0  3 
2353595383323800192  20.0988126 -20.2042963 -0.330  -0.105  -0.188 19.494 0.666  7.8  1000.00 10000.00  0  3 
5036538552646587904  20.3692903 -27.2114721 -0.043  -0.344  -0.862 16.442 1.057 23.8  -108.33     1.01 13  4 
2354095042639306112  20.5255115 -19.1302673  0.262   0.136   0.125 19.109 0.624  7.6  1000.00 10000.00  0  3 
2353326861968478592  20.6280209 -20.7803522 -0.115   0.409  -0.245 18.995 0.737  7.6  1000.00 10000.00  0  3 
2353338303761486720  20.7196554 -20.5724164  0.279   0.141  -0.010 18.849 0.613  7.6  1000.00 10000.00  0  3 
5036649942622417792  20.7287312 -26.7063663  0.024  -0.066  -0.977 17.750 0.973 28.3  1000.00 10000.00  0  4 
2353320093100016128  20.8611373 -20.7887704 -0.128  -0.079   0.060 18.036 0.704  7.9  1000.00 10000.00  0  3 
2354129471096781952  21.1723220 -19.1878905  0.226  -0.214   0.037 18.346 0.631  7.5  1000.00 10000.00  0  3 
5036582979788129024  21.2837016 -27.0144904  0.021  -0.023  -1.004 17.292 0.988 25.7  1000.00 10000.00  0  4 
5036381597361539712  21.3588260 -27.3089379  0.000  -0.156  -1.019 17.150 0.980 24.7  1000.00 10000.00  0  4 
5043178086754615552  21.6018046 -21.5972451  0.230  -0.600   0.176 18.784 0.741  7.5  1000.00 10000.00  0  3 
5043777011353478656  21.8034000 -20.9944730  0.031   0.041  -0.715 19.013 0.921  7.5  1000.00 10000.00  0  3 
5036293464632658048  21.9062317 -27.8168213  0.072  -0.043  -0.872 16.698 0.948 17.6   -99.94     1.17 13  4 
5043565698962889344  22.1385844 -21.3464868  0.082  -0.027   0.193 18.926 0.621  7.6  1000.00 10000.00  0  3 
5043593770869260288  22.2838923 -21.1026043 -0.169  -0.006  -0.095 18.359 0.610  7.1  1000.00 10000.00  0  3 
5043601879767544320  22.4692870 -20.9797185 -0.001  -0.256  -0.169 19.143 0.927  7.1  1000.00 10000.00  0  3 
5042629808409312896  23.0814096 -22.5187101  0.172  -0.256  -0.137 19.285 0.743  6.6  1000.00 10000.00  0  3 
5043689123438756096  23.0826273 -20.8363622 -0.359  -0.143  -0.148 19.039 0.715  6.5  1000.00 10000.00  0  3 
5042248552752505856  23.0987034 -22.7003517  0.172   0.017   0.188 19.402 0.687  7.6  1000.00 10000.00  0  3 
5038496847279685760  23.3802372 -25.2422160 -0.187   0.020   0.116 19.055 0.653  7.4  1000.00 10000.00  0  3 
5036134718345963776  23.7108304 -26.3080549 -0.269   0.769  -1.042 18.845 0.932 35.6  1000.00 10000.00  0  3 
5042366956410326656  23.7357072 -22.9728400 -0.273  -0.285   0.180 18.924 0.613  7.8  1000.00 10000.00  0  3 
5038964861276211072  23.8818889 -23.3482959 -0.175  -1.115  -0.670 19.489 0.707  7.6  1000.00 10000.00  0  3 
5023168280799070208  23.9428766 -29.2089823 -0.117  -0.645  -0.058 19.406 0.839 20.5  1000.00 10000.00  0  4 
5023197830173654400  23.9534305 -28.7568992  0.271   0.597  -0.440 19.383 0.818 19.5  1000.00 10000.00  0  4 
5042403210230292736  24.0331154 -22.6206261  0.178  -0.033   0.078 19.391 0.721  6.8  1000.00 10000.00  0  3 
5038827456681768064  24.0337763 -24.4509249 -0.152   0.032  -0.086 18.819 0.676  6.7  1000.00 10000.00  0  3 
5022762599663670784  24.0759295 -30.1797455  0.010  -0.094  -0.962 17.256 0.992 25.1  1000.00 10000.00  0  4 
5042776524492087936  24.2299285 -21.7175161 -0.005  -0.162  -0.028 17.999 0.646  6.9  1000.00 10000.00  0  3 
5038619958221820672  24.2819650 -24.7466089 -0.316  -0.003  -0.056 19.425 0.703  7.8  1000.00 10000.00  0  3 
5038869757816534144  24.3657664 -24.0328710 -0.155  -0.024   0.002 17.884 0.753  7.8  1000.00 10000.00  0  3 
5039333953585238656  24.4404919 -23.2180010 -0.221   0.028   0.122 18.697 0.786  7.4  1000.00 10000.00  0  3 
5038628788674620672  24.4470535 -24.5901014  0.493   0.171  -0.184 19.043 0.726  6.7  1000.00 10000.00  0  3 
5038670192159456512  24.4958186 -24.2428084 -0.137  -0.185  -0.025 17.946 0.636  7.5  1000.00 10000.00  0  3 
5042515119897951232  24.5558344 -22.1795354  0.023  -0.018   0.057 19.100 0.794  6.9  1000.00 10000.00  0  3 
5042496943596361728  24.6691803 -22.3979317 -0.442  -0.025   0.284 19.477 0.825  6.9  1000.00 10000.00  0  3 
5042512336759174016  24.6700224 -22.2358162  0.124  -0.142  -0.021 18.079 0.636  6.5  1000.00 10000.00  0  3 
5038571682789750784  24.6805503 -24.8421541 -0.175  -0.207  -0.178 17.912 0.829  7.8  1000.00 10000.00  0  3 
5039058354124244608  24.7376704 -23.9588478 -0.483  -0.309  -0.218 19.284 0.611  7.7  1000.00 10000.00  0  3 
5039368867375186560  24.7394404 -22.9131473  0.068  -0.026   0.042 18.057 0.605  7.5  1000.00 10000.00  0  3 
5037612088312615808  24.7871505 -26.0090337 -0.328  -0.289   0.182 19.072 0.846  7.2  1000.00 10000.00  0  3 
5039256163137780480  24.8278462 -23.7256639 -0.147  -0.425  -0.139 19.160 0.645  7.7  1000.00 10000.00  0  3 
5022841901939606144  24.9565600 -29.9738666 -0.031  -0.023  -0.832 17.323 1.003 28.3  1000.00 10000.00  0  4 
5037619230842336512  24.9579235 -25.9307574  0.090  -0.107  -0.053 18.790 0.622  7.0  1000.00 10000.00  0  3 
5022844307121290752  25.0361288 -29.8707073  0.005   0.054  -0.936 14.921 1.272 28.4   -86.36     0.48  8  4 
5022074919564478208  25.3651587 -30.1110922 -0.070  -0.216  -0.903 17.884 0.944 25.5  1000.00 10000.00  0  4 
5037819101439969920  25.3956114 -24.9154727  0.166  -0.329   0.051 19.058 0.790  7.5  1000.00 10000.00  0  3 
5039195110178071936  25.4209136 -23.4116328 -0.248  -0.027  -0.427 19.340 0.704  7.7  1000.00 10000.00  0  3 
5022381653244104704  25.7509812 -30.3286099 -0.059  -0.208  -0.993 18.369 0.905 24.4  1000.00 10000.00  0  4 
5022383646108929280  25.7687929 -30.2631746 -0.015   0.096  -0.836 17.575 0.969 27.8  1000.00 10000.00  0  4 
5022167420275379200  26.3560244 -30.6972555 -0.224  -0.445  -0.992 19.280 0.877 19.7  1000.00 10000.00  0  4 
5135679106645639808  26.7552911 -21.6004030 -0.061   0.030  -0.369 18.136 0.658  7.8  1000.00 10000.00  0  3 
5025330195536660352  26.8541023 -26.8637343 -0.161  -0.386   0.199 19.234 0.688  7.5  1000.00 10000.00  0  3 
5135472501539227520  26.9471884 -21.8799603  0.172  -0.351  -0.115 19.248 1.092  7.5  1000.00 10000.00  0  3 
5024940590464054144  27.1841043 -27.9363702  0.069  -0.180  -0.163 18.112 0.599  7.0  1000.00 10000.00  0  3 
5025113385587730176  27.3345777 -27.3499850  0.394  -0.158   0.171 19.395 0.727  7.1  1000.00 10000.00  0  3 
5025741997001041920  27.3497484 -26.3952438 -0.065  -0.299   0.282 18.881 0.642  6.8  1000.00 10000.00  0  3 
5134518434683613440  27.3505969 -22.9118491 -0.004   0.207   0.180 18.952 0.609  7.9  1000.00 10000.00  0  3 
5025788764900753920  27.5718786 -26.0748382  0.299  -0.651  -0.221 17.260 0.774  6.6  1000.00 10000.00  0  3 
5019037312534021376  27.6630920 -31.3347113 -0.286  -0.223  -0.818 18.795 0.858 18.1  1000.00 10000.00  0  4 
5019032502170365824  27.9143026 -31.2663147 -0.073  -0.427   0.020 19.388 0.810 18.5  1000.00 10000.00  0  4 
5018779653152167168  27.9519773 -32.1617050  0.102   0.103  -0.727 18.339 0.926 25.6  1000.00 10000.00  0  4 
5134227618153599104  27.9602029 -23.7217530  0.198   0.000  -0.048 19.234 0.652  7.9  1000.00 10000.00  0  3 
5018817375848878592  28.3520349 -31.6991895 -0.242  -0.065   0.182 19.283 0.861 24.8  1000.00 10000.00  0  4 
5024234222962589952  28.7489506 -27.9780163  0.035   0.108   0.294 19.433 0.713  7.8  1000.00 10000.00  0  3 
5018088777596976512  28.9068202 -32.0823685 -0.041   0.190  -0.935 18.177 0.936 29.2  1000.00 10000.00  0  4 
5017989409233601280  28.9424772 -32.2656984  0.075   0.106  -0.981 18.036 0.940 29.7  1000.00 10000.00  0  4 
5017924057011133440  29.1125040 -32.5148539  0.210  -0.195  -0.321 18.837 0.782 18.9  1000.00 10000.00  0  4 
5018070605590948864  29.1616842 -32.2728564  0.010   0.039  -0.872 17.364 0.981 26.6  1000.00 10000.00  0  4 
5020842470108348544  29.4679663 -29.4481886 -0.160  -0.099  -0.007 19.370 0.719  6.8  1000.00 10000.00  0  3 
5018003535381679488  29.5529729 -32.4908628  0.055   0.176  -0.857 16.044 1.129 30.0   -64.49     1.21  8  4 
5018005734404964224  29.7320624 -32.4970751  0.095   0.215  -0.994 17.712 0.982 30.3  1000.00 10000.00  0  4 
5017812216062240512  29.9015895 -32.6817927  0.030   0.120  -0.937 18.049 0.957 28.6  1000.00 10000.00  0  4 
5017800465031716480  30.0956312 -32.6871490  0.064   0.343  -0.895 18.403 0.934 24.2  1000.00 10000.00  0  4 
5017748272589075584  30.1837812 -32.8499673 -0.092   0.071  -0.643 18.869 0.822 21.6  1000.00 10000.00  0  4 
4971220071534578048  31.1726548 -32.8416479  0.064   0.207  -0.815 16.270 1.039 24.6   -50.19     1.55 13  4 
4970977178247907072  32.0523200 -33.1249639 -0.089  -0.038  -0.973 18.794 0.915 27.7  1000.00 10000.00  0  4 
4970884922349913728  32.6943449 -33.7587718 -0.053  -0.005  -0.520 19.460 0.816 20.6  1000.00 10000.00  0  4 
4970040463060599680  33.3552440 -34.4664082 -0.290  -0.075  -0.244 19.399 0.702 20.7  1000.00 10000.00  0  4 
4969737238369200000  33.8485997 -35.2713472  0.501   0.287  -0.535 18.340 0.875 19.1  1000.00 10000.00  0  4 
4969733458798289920  33.9878332 -35.3770516 -0.420   0.259  -0.291 19.425 0.855 19.9  1000.00 10000.00  0  4 
4969972671296277632  34.5039683 -34.0099958 -0.040   0.346  -0.742 19.446 0.742 23.3  1000.00 10000.00  0  4 
4967267666533659520  35.5269750 -34.2892672  0.125   0.361  -1.666 19.170 0.810 22.4  1000.00 10000.00  0  4 
3272258513929651968  58.2651626   3.7682262  0.251   7.693  -8.896 18.101 0.683  9.9    21.83     0.77 13  5 
3258272730320563328  59.1392067   1.8314882  0.139   8.081  -8.992 16.571 0.921 11.0  -135.68     0.42 13  5 
3258038396905144448  59.8450049   1.2622335  0.159   7.978  -9.508 15.634 0.952  9.8   -60.96     0.57 13  5 
3259876466812818432  59.9349308   2.5856930  0.338   8.091  -9.593 18.374 0.741  8.1  1000.00 10000.00  0  5 
3256994131440117760  60.4322409   0.0163987  0.443   9.312  -9.875 17.696 0.685  7.7  1000.00 10000.00  0  5 
3253802420983216128  61.2416570  -0.6496826  0.530   8.234  -9.232 18.196 0.735 10.3  1000.00 10000.00  0  5 
3253605539682948864  61.4761915  -1.4506801 -0.705   9.212  -9.479 18.998 0.693  6.5  1000.00 10000.00  0  5 
3258647762568265472  61.4785014   0.8961308  0.507   8.558 -10.212 17.909 0.737  7.7  1000.00 10000.00  0  5 
3253841453646167680  61.6846522  -0.2098318  0.182  10.140  -9.935 18.126 0.669 10.1  1000.00 10000.00  0  5 
3253743670127402880  61.9453362  -0.6805911  0.026   8.452  -9.585 16.341 0.914  8.5  -107.84     0.37 13  5 
3253347498047682560  62.0107792  -1.7523369 -0.068   8.932  -9.377 18.611 0.583  7.9  1000.00 10000.00  0  5 
3255340397232608512  62.5191589   0.0067222  0.089   7.601  -9.147 17.039 0.731  8.8  1000.00 10000.00  0  5 
3252450468357499648  62.5792035  -2.7754196 -0.162   8.122 -10.150 18.865 0.628  6.9  1000.00 10000.00  0  5 
3252298082918063360  63.3751813  -2.4937151 -0.379   8.198  -9.696 19.197 0.582  8.6  1000.00 10000.00  0  5 
3252282964633118464  63.4820259  -2.6552099  0.259   8.570  -9.663 18.417 0.575  7.8  1000.00 10000.00  0  5 
3252213661040986880  63.7708787  -2.9226499  0.214  10.273 -10.713 19.274 0.695  7.7  1000.00 10000.00  0  5 
3252209400433390976  63.8807721  -2.9724024  0.070   9.269 -10.178 18.871 0.594  7.7  1000.00 10000.00  0  5 
3252309146754517376  63.8861660  -2.7841171  0.152   9.031  -9.931 19.029 0.640  7.1  1000.00 10000.00  0  5 
3204165930620573312  64.0586228  -3.0739444  0.203   9.314 -10.183 19.408 0.591  7.4  1000.00 10000.00  0  5 
3254136122762098048  64.0611679  -1.6246042  0.205   8.645  -9.528 17.854 0.686  7.8   142.90     0.68 13  5 
3253944021763271168  64.0960726  -1.7862366  0.302   7.894 -10.096 17.319 0.763  7.7   -13.53     0.29 13  5 
3252417384227327360  64.1620988  -2.1909948  0.185   9.333 -10.748 17.889 0.646  8.8   103.22     0.89 13  5 
3256060783506958336  64.4393746   1.8854967 -0.108  17.789 -18.438 19.053 0.914  3.9  1000.00 10000.00  0  6 
3202618093126494720  64.6165493  -4.9694241  0.133   8.740  -9.974 19.262 0.704  7.5  1000.00 10000.00  0  5 
3203790275600476800  65.0296030  -4.2921617  0.418   8.960 -10.172 18.800 0.616  7.5  1000.00 10000.00  0  5 
3203035667026762880  65.2232382  -4.3428711 -0.166   8.696 -10.049 19.274 0.773  6.6  1000.00 10000.00  0  5 
3202985501808882944  65.2854076  -4.8118336 -0.124   8.869 -10.046 18.255 0.587  7.5  1000.00 10000.00  0  5 
3203972450933330688  65.3085977  -3.5152591  0.154   9.196  -9.921 17.895 0.643  7.0  1000.00 10000.00  0  5 
3254112556278356608  65.5816559  -0.8638454  0.476  15.649 -16.470 14.026 0.974  4.6   -80.44     0.26  8  6 
3202939391039683712  65.7540221  -5.0274147 -0.021   8.807 -10.462 18.746 0.607 10.9  1000.00 10000.00  0  5 
3202248592797341696  65.8500651  -6.0325448  0.234   9.747 -10.039 17.681 0.604  6.6  1000.00 10000.00  0  5 
3203063670212989696  65.8614142  -4.5340861  0.553   7.471 -10.832 19.448 0.791  7.5  1000.00 10000.00  0  5 
3202956330390396800  65.8838839  -4.6695243 -0.574   8.666 -10.640 19.401 0.643  8.0  1000.00 10000.00  0  5 
3199236411973373696  66.1235496  -6.2240091  0.135   9.245 -10.397 18.979 0.610  7.5  1000.00 10000.00  0  5 
3202679532636614400  66.1749030  -5.4333673  0.142   9.859 -10.282 17.416 0.756  6.9    36.35     0.32 13  5 
3202675954925273344  66.2846375  -5.4542961  0.432   9.138 -10.479 19.395 0.791  7.4  1000.00 10000.00  0  5 
3202838721302624512  66.3775608  -4.9207423  0.302   8.328 -10.102 17.220 0.629  7.3   258.42    18.92  4  5 
3199174182189936128  66.4402404  -6.2928671  0.244   9.232 -10.317 18.083 0.613  8.2  1000.00 10000.00  0  5 
3199146183300507392  66.4835957  -6.6847237  0.167   8.853  -8.929 17.792 0.786  8.6    58.80     0.72 13  5 
3199546061935997696  66.7248700  -6.3186098  0.166   9.681 -10.266 18.889 0.606  7.4  1000.00 10000.00  0  5 
3278908978729366528  66.7760412   0.7932621  0.407  19.930 -21.187 18.969 0.921  3.2  1000.00 10000.00  0  6 
3198961568426410112  66.8413882  -6.6605087  0.180   8.206 -10.079 18.001 0.806  7.6  1000.00 10000.00  0  5 
3199340762498188416  66.9348295  -6.4782709 -0.289   9.085 -10.487 18.953 0.678  6.2  1000.00 10000.00  0  5 
3198883537460676736  66.9964559  -7.0771718  0.018   9.284 -10.488 17.856 0.672  7.5   -42.32     1.09 13  5 
3199564714976404736  67.2301617  -6.1319369  0.248   9.119 -10.317 19.070 0.650  7.5  1000.00 10000.00  0  5 
3199262456654577152  67.3051038  -7.0035684  0.196  10.293 -11.010 17.851 0.713  9.1   -64.58     0.64 13  5 
3278743712683982976  67.3326001   0.7643939  0.464  19.341 -21.133 18.066 0.845  3.6  1000.00 10000.00  0  6 
3199324304183607168  67.3756665  -6.6819673  0.193   8.713  -9.585 17.322 0.676  7.4   -50.22     0.56 13  5 
3198493863666356480  67.5608459  -7.1687302  0.174   9.025 -10.672 18.897 0.649  7.4  1000.00 10000.00  0  5 
3197992486365569280  67.5614030  -8.0712328  0.255   9.367 -10.761 16.917 0.751  7.1    -2.87     0.23 13  5 
3198033614972327680  67.8333655  -7.7920393  0.098   9.474 -10.651 17.896 0.580  7.3   -34.59     1.05 13  5 
3206492222346264064  67.8666392  -0.3311771  0.039  19.679 -20.378 18.106 0.749  4.0  1000.00 10000.00  0  6 
3199408622980890880  67.9067863  -6.2804205  0.343   8.968  -9.868 17.319 0.693  7.2  1000.00 10000.00  0  5 
3230616160295668736  67.9269429   0.2564824  0.223  18.840 -19.639 18.748 0.880  3.5  1000.00 10000.00  0  6 
3198425556506594048  67.9772773  -7.4160176  0.109   9.294 -10.254 18.621 0.591  7.4  1000.00 10000.00  0  5 
3198418096146880256  67.9995594  -7.5903418  0.268   9.911 -10.375 18.633 0.569  7.4  1000.00 10000.00  0  5 
3278842737450046976  68.1132384   1.1458676  0.179  20.516 -21.373 18.338 0.864  3.5  1000.00 10000.00  0  6 
3205214246237989120  68.2462536  -2.3856388  0.434  19.944 -20.744 18.926 0.841  3.6  1000.00 10000.00  0  6 
3197817384841141760  68.2915562  -8.0250175  0.261   8.545 -10.150 19.124 0.656  7.3  1000.00 10000.00  0  5 
3206158245689615488  68.3678494  -1.3592959  0.348  20.799 -21.576 17.345 0.681  3.9   -76.36     0.66 13  6 
3197739598690706944  68.5323230  -8.4488107  0.062   9.525 -10.889 19.195 0.650  7.4  1000.00 10000.00  0  5 
3206178552294994944  68.6529315  -1.3559172  0.167  21.019 -22.227 17.583 0.687  4.0  1000.00 10000.00  0  6 
3205199574629539840  68.7396703  -2.5196699  0.148  18.910 -19.535 18.611 0.782  3.5  1000.00 10000.00  0  6 
3205200158745104512  68.7626324  -2.4794039  0.180  20.141 -21.364 18.419 0.797  3.9  1000.00 10000.00  0  6 
3185625420094108928  68.7684149  -9.1166546  0.349   9.060 -10.860 17.112 0.797  7.1    42.97     0.20 13  5 
3205014409999318528  68.9243476  -2.4318188  0.730  20.584 -20.861 18.554 0.833  3.9  1000.00 10000.00  0  6 
3185227774842394496  69.1662449 -10.1589557  0.133   8.640 -10.467 17.300 0.804  7.7  1000.00 10000.00  0  5 
3185638953534242816  69.4138962  -9.0342517 -0.034   9.320 -10.626 19.159 0.713  7.3  1000.00 10000.00  0  5 
3201907602456296320  69.4369855  -3.2787618  0.887  20.011 -20.442 19.329 1.004  3.9  1000.00 10000.00  0  6 
3185345663103138432  69.5573010  -9.6968196  0.065   8.412  -9.354 17.390 0.656  8.1    82.92     0.82 13  5 
3205072649755632384  69.7389278  -2.4010915  0.330  19.639 -20.401 18.372 0.783  4.1  1000.00 10000.00  0  6 
3201892655970045568  69.7890851  -3.3763510  0.222  19.655 -20.567 19.314 0.922  4.1  1000.00 10000.00  0  6 
3229373063616887936  69.7931044  -1.5361802  0.632  19.441 -19.638 15.753 0.841  3.7   -33.17     0.65  8  6 
3205031181848570240  69.8345215  -2.6065040  0.195  18.984 -19.962 17.437 0.650  4.2   -56.74     0.80 13  6 
3229172192289896576  69.8389099  -1.8186429  0.197  19.537 -20.809 19.065 0.954  3.8  1000.00 10000.00  0  6 
3205051625891052288  69.9206565  -2.5784510  0.493  21.688 -21.706 19.174 1.126  3.4  1000.00 10000.00  0  6 
3185354901576834304  69.9341743  -9.6508978  0.394   9.471  -9.976 17.090 0.733  7.4   184.81     0.71 13  5 
3229102613820114688  70.2365305  -2.0433329  0.279  21.061 -22.038 17.631 0.746  3.7  1000.00 10000.00  0  6 
3201603828009155840  70.3289024  -4.0570792 -0.201  19.588 -20.494 19.076 0.939  3.6  1000.00 10000.00  0  6 
3184151520460040576  70.3453691 -11.3165000  0.148   9.557 -10.775 18.615 0.580  6.8  1000.00 10000.00  0  5 
3201616300594283776  70.3501751  -3.9033035  0.398  21.505 -22.854 18.045 0.776  3.8  1000.00 10000.00  0  6 
3184584796760850816  70.5372145  -9.9206167 -0.114   9.799 -11.018 19.117 0.745  6.6  1000.00 10000.00  0  5 
3184961173334402560  70.5856967  -9.8260611  0.412   9.602 -10.879 18.687 0.598  7.3  1000.00 10000.00  0  5 
3184083556896968832  70.7394258 -11.5766732  0.160   9.634 -10.662 18.514 0.631  6.9  1000.00 10000.00  0  5 
3229244695634618752  70.7845748  -1.4783653  0.131  20.473 -21.514 17.684 0.676  3.3  1000.00 10000.00  0  6 
3226072050536172416  70.7923653  -2.2971953  0.228  21.383 -22.416 18.641 0.926  3.7  1000.00 10000.00  0  6 
3185013056540015232  70.8890627  -9.3929070  0.068   9.211 -10.802 18.213 0.688  8.6  1000.00 10000.00  0  5 
3185125378524483456  71.2687089  -8.9049451  0.123   8.960  -9.977 17.506 0.663  6.9  1000.00 10000.00  0  5 
3184686196644365824  71.3352311 -10.2661505  0.291  10.170 -10.280 17.662 0.723  8.1   200.69     0.57 13  5 
3181161746481442432  71.3419339 -11.6193801  0.300   8.823  -9.200 16.001 0.918  7.9   -15.30     0.12 13  5 
3181217954717680768  71.4979311 -11.1022990  0.272   8.881  -9.707 17.298 0.689  6.9   237.75     0.58 13  5 
3200923986225776512  71.5094812  -3.7916970  0.070  19.453 -20.581 19.203 1.052  3.3  1000.00 10000.00  0  6 
3181095397826765824  71.6003316 -11.8460073  0.393   8.569  -8.698 17.220 0.796  7.7  1000.00 10000.00  0  5 
3200439105894964480  72.0845882  -5.1763906  0.211  20.659 -21.381 18.748 0.872  3.4   -15.18     4.38  6  6 
3200841694652514688  72.1962720  -4.2045925 -0.046  21.073 -21.987 18.403 0.854  3.6  1000.00 10000.00  0  6 
3180894629579454592  72.2581662 -11.9504324  0.218   9.690 -11.050 17.771 0.641  8.4     9.35     0.83 13  5 
3180887310955094784  72.2868060 -12.1367662  0.341   9.912 -11.073 17.942 0.645  7.2  1000.00 10000.00  0  5 
3200554554615324288  72.7425192  -4.8314255  0.335  21.957 -23.212 18.355 0.764  3.6  1000.00 10000.00  0  6 
3179884766805841792  72.7596829 -13.1996712  0.082   9.898 -11.037 18.545 0.609  6.8  1000.00 10000.00  0  5 
3188058536245928576  72.8481520  -6.7586760  0.353  22.678 -23.550 16.425 0.659  3.4     0.81     3.18  8  6 
3179669434325817856  72.9035549 -13.5809900  0.273   9.993 -10.641 18.115 0.656  9.5  1000.00 10000.00  0  5 
3181310970825207680  72.9060478 -11.4557645  0.199   9.849 -10.975 17.597 0.685  7.9  1000.00 10000.00  0  5 
3188312385993123968  72.9309329  -6.0463426  0.319  22.268 -23.376 17.354 0.672  3.6   -22.04     0.42 13  6 
3188214563817695616  73.2777309  -6.1011058  0.458  22.181 -23.018 19.246 0.989  3.7  1000.00 10000.00  0  6 
3188040974123753856  73.3854099  -6.6020333  0.296  21.563 -22.211 18.100 0.748  3.2  1000.00 10000.00  0  6 
3212479479773005696  73.6804026  -5.2491496  0.296  21.551 -22.584 16.943 0.628  3.1   -23.65     0.59 13  6 
3180008393144781568  73.6890544 -12.7106950  0.209   9.498 -10.496 18.851 0.607  6.8  1000.00 10000.00  0  5 
3179689186877804288  73.8358107 -13.6393028  0.150   9.707 -10.831 17.332 0.707  7.0  1000.00 10000.00  0  5 
3179788319020273280  73.9021241 -13.1825060  0.114   9.923 -10.849 16.833 0.616  6.5    30.96     1.22 13  5 
3179710902232644992  73.9469647 -13.4288370  0.286  10.029 -11.051 19.057 0.605  7.2  1000.00 10000.00  0  5 
2987530533285787776  73.9670854 -13.7808639  0.110   7.651  -8.883 17.608 0.748  8.5  1000.00 10000.00  0  5 
3180402185808925824  74.0374807 -12.2323938  0.029  10.017 -10.845 18.918 0.723  6.1  1000.00 10000.00  0  5 
2987562483545855488  74.2451126 -13.6031061 -0.031   9.696 -10.827 19.031 0.683  7.9  1000.00 10000.00  0  5 
3187421678493781888  74.5025582  -6.0661768  0.401  20.748 -21.871 17.588 0.705  3.1  1000.00 10000.00  0  6 
2987554683885274496  74.6012609 -13.5518533 -0.055   9.664 -10.811 18.782 0.598  7.1  1000.00 10000.00  0  5 
3187390548572555136  74.6272302  -6.4232761  0.271  22.158 -23.113 13.157 1.041  3.7   -10.14     0.09 13  6 
2987929926587682048  74.9619800 -13.4151756  0.494  10.082 -11.127 18.132 0.604  6.9  1000.00 10000.00  0  5 
2987290732375375616  75.1019110 -14.0233383  0.026  10.295 -11.176 19.279 0.728  7.1  1000.00 10000.00  0  5 
3183889733612983296  75.1648619  -8.0800315  0.363  22.922 -24.036 17.780 0.709  3.8     1.90     0.38 13  6 
2986387694028113408  75.5808651 -15.1355841  0.181   9.859 -11.400 16.414 0.882  7.0    40.91     0.16 13  5 
2986394733477193984  75.7737918 -15.0587964  0.329  10.011 -11.223 18.853 0.595  7.9  1000.00 10000.00  0  5 
3183924333870059264  75.8131780  -8.1205585  0.216  22.708 -23.944 19.040 0.934  3.7  1000.00 10000.00  0  6 
3182335646943552000  75.9862383  -9.8776414  0.377  22.858 -23.584 16.806 0.705  3.6    17.17     0.57 13  6 
3183616882930955520  76.0847358  -8.5414272  0.238  22.952 -23.668 19.068 1.022  3.6  1000.00 10000.00  0  6 
2986320722601516672  76.2422632 -15.3986217  0.172  10.185 -11.293 18.837 0.753  5.5  1000.00 10000.00  0  5 
3208047618985249536  76.2618959  -7.2932396  0.273  22.323 -23.382 18.945 0.832  3.9  1000.00 10000.00  0  6 
3182738201341292800  76.3853095  -9.4249263  0.633  23.476 -24.304 18.569 0.884  3.8  1000.00 10000.00  0  6 
3208095314594815872  76.4701606  -6.9194769  1.298  22.568 -22.383 18.938 1.004  3.8  1000.00 10000.00  0  6 
3182748749780942720  76.5302782  -9.4590214  0.055  22.619 -23.580 18.404 0.797  3.3  1000.00 10000.00  0  6 
3183733710337675136  76.5808710  -8.2171699  0.411  21.658 -22.409 17.863 0.712  3.3    13.27     0.48 13  6 
2986163118777647104  76.7382035 -15.2366322  0.246  10.127 -11.434 17.515 0.769  7.7  1000.00 10000.00  0  5 
2982830116780483456  76.9148710 -17.1482397  0.223  10.037 -10.839 18.710 0.629  7.3  1000.00 10000.00  0  5 
3182693361882614784  76.9253463  -9.5981609  0.419  23.165 -23.591 19.187 0.982  3.3  1000.00 10000.00  0  6 
2986084087083039104  76.9445759 -15.6755705  0.242  10.567 -11.601 16.792 0.682  7.2    43.42     0.39 13  5 
2983003873977163264  77.1068066 -16.5146915  0.040  10.218 -11.011 19.490 0.729  7.3  1000.00 10000.00  0  5 
2983010608485935872  77.1460230 -16.4504590 -0.045  10.299 -10.983 18.416 0.582  7.7  1000.00 10000.00  0  5 
2989805452906457216  77.4575489 -11.1399828  0.307  23.032 -23.811 18.095 0.742  3.8  1000.00 10000.00  0  6 
3182471432333039744  77.5712681  -9.9556989 -0.248  23.103 -23.896 18.491 0.863  3.9  1000.00 10000.00  0  6 
2989738180835998592  77.8381435 -11.3519493  0.179  23.348 -23.857 16.090 0.661  3.8    36.61     0.79 13  6 
3182506483563366656  78.2607478  -9.9723361  0.086  23.100 -23.840 18.137 0.788  3.8  1000.00 10000.00  0  6 
2990150119739480576  78.3236284 -10.9253719  0.234  22.092 -22.794 17.387 0.690  3.8    38.71     0.50 13  6 
2982698828219950720  78.5119502 -16.9557343  0.220  10.599 -10.296 16.897 0.623  6.1    79.83     1.38 13  5 
2981410376689844096  78.7842119 -19.0538463  0.324   9.756 -11.148 17.511 0.724  7.5  1000.00 10000.00  0  5 
2981386359232866304  78.7949558 -19.3263122 -0.035  10.308 -10.953 17.499 0.770  8.0    87.47     0.85 13  5 
2989967974468694144  79.4588933 -11.3988297  0.208  23.425 -23.926 19.459 1.040  3.2  1000.00 10000.00  0  6 
2969289768522812032  79.5447716 -19.8649843  0.214  10.292 -11.012 19.464 0.601  7.6  1000.00 10000.00  0  5 
2988333928392249984  79.6305560 -13.2815281  0.334  24.145 -24.477 18.057 0.764  3.1  1000.00 10000.00  0  6 
2969292276784110720  79.7267120 -19.7591703  0.177  10.035 -10.843 19.206 0.727  6.3  1000.00 10000.00  0  5 
2988994464299012352  79.7879091 -12.3373076  0.201  23.739 -24.010 17.275 0.724  3.3    59.66     0.38 13  6 
2969499294207941760  79.8030440 -18.8743675 -0.031  10.596 -11.014 19.492 0.767  6.0  1000.00 10000.00  0  5 
3014117819660143744  79.9050894 -10.2308488 -0.083  22.662 -23.402 19.091 1.099  3.2  1000.00 10000.00  0  6 
2969120581171786240  80.2738252 -19.6895327  0.026  10.233 -10.878 18.764 0.793  6.1  1000.00 10000.00  0  5 
2969117523155018752  80.3201830 -19.7841527  0.029  10.509 -11.157 18.529 0.599  7.7  1000.00 10000.00  0  5 
2985707611726244480  80.3571592 -13.1100671  0.181  23.277 -23.538 17.173 0.641  3.2    63.47     0.52 13  6 
2969054885351803904  80.4290204 -20.0703510  0.294  10.656 -11.163 19.489 0.658  7.8  1000.00 10000.00  0  5 
2968277225693063296  80.6944972 -20.5313934  0.106  10.390 -10.990 19.484 0.692  7.8  1000.00 10000.00  0  5 
2985448500643184896  81.3862941 -13.5977861  0.233  22.890 -22.607 17.679 0.731  3.1  1000.00 10000.00  0  6 
2985851682109593728  81.5527866 -12.5970305  0.309  23.295 -23.713 15.920 0.702  3.5    64.91     0.31 13  6 
2983863966948860928  81.7384576 -15.8015515  0.268  23.474 -23.577 18.718 0.942  3.0  1000.00 10000.00  0  6 
2968804578954400000  81.7481863 -19.6150813  0.233  10.432 -11.461 17.121 0.794  7.2  1000.00 10000.00  0  5 
2967934242485023872  81.9175496 -21.3107457 -0.002  10.328 -10.980 17.995 0.564  7.8   117.21     1.49 13  5 
2984608267601343488  81.9673308 -14.1469937  0.306  23.243 -23.259 17.955 0.734  3.1  1000.00 10000.00  0  6 
2964879975279651968  81.9874281 -21.7907956  0.220  10.621 -10.660 17.654 0.633  7.9   128.59     1.52 13  5 
2985367686538035968  82.0948379 -13.9904973  0.207  24.093 -24.423 17.610 0.749  3.2    77.30     0.58 13  6 
2985543956292701312  82.1041525 -13.3399027  0.242  24.002 -24.197 15.799 0.796  3.1    74.41     1.51  8  6 
2964808575743481600  82.1900091 -22.1387691  0.161  10.076 -10.477 16.354 0.873  6.7   120.19     0.44 13  5 
2964891520151815680  82.4246405 -21.7958562  0.228   9.870 -10.305 17.020 0.646  6.2    46.28     0.40 13  5 
2964577124247871488  82.8394698 -22.6694924  0.229  10.482 -10.628 17.980 0.566  7.5   134.25     1.86 13  5 
2964634195773663616  82.9231068 -22.1161948  0.109  10.433 -10.745 18.200 0.577  7.5  1000.00 10000.00  0  5 
2964504109803686144  83.1706152 -23.0735912  0.008  10.492 -10.915 18.887 0.604  6.4  1000.00 10000.00  0  5 
3008813603768886656  83.4227972 -13.0028637  0.346  23.589 -24.089 17.696 0.716  3.2  1000.00 10000.00  0  6 
2964547063775001728  83.4766429 -22.5427553  0.164  10.465 -10.522 17.911 0.579  7.6   128.36     1.34 13  5 
2964761468542012032  83.6046396 -21.6856309  0.055  10.190  -8.706 18.538 0.706  5.4  1000.00 10000.00  0  5 
2963688139034857472  84.1920703 -23.4854259  0.094  10.577 -10.636 14.783 0.986  9.1   143.50     0.18 13  5 
2972259721228451328  84.1994976 -15.3386932  0.734  24.075 -23.638 18.951 1.010  3.4  1000.00 10000.00  0  6 
2963401059123206784  84.2781914 -24.1116367 -0.523  10.177 -10.715 19.242 0.606  7.9  1000.00 10000.00  0  5 
2915328520971035136  84.6107086 -24.5733199  0.024  10.361 -10.238 19.330 0.817  7.7  1000.00 10000.00  0  5 
2970362273397297536  84.7466085 -18.1403405  0.281  24.533 -23.913 17.546 0.711  3.0  1000.00 10000.00  0  6 
2915340272001618432  84.7814310 -24.4059767  0.256  10.753 -10.506 19.120 0.629  7.9  1000.00 10000.00  0  5 
2971967869610949888  85.1313886 -16.0507953 -0.034  23.572 -23.491 18.806 0.957  3.1  1000.00 10000.00  0  6 
2915240491321488640  85.1559789 -25.0688296  0.376  10.443 -10.669 19.213 0.794  6.2  1000.00 10000.00  0  5 
2972007761267505792  85.1781360 -15.7943965  0.285  23.265 -22.871 17.720 0.734  3.4   106.55     0.48 13  6 
2971024729152562176  85.2733648 -16.9743996  0.255  24.069 -23.819 17.727 0.763  3.2   114.33     0.52 13  6 
2915296738212595328  85.2919011 -24.5263254 -0.256  10.422 -10.901 19.422 0.636  7.9  1000.00 10000.00  0  5 
2915079451525103616  85.5231070 -25.0302677 -0.008  10.413 -10.451 18.339 0.632  6.2  1000.00 10000.00  0  5 
2908948643408434688  85.5596200 -26.0209026  0.424  10.509 -10.395 19.097 0.737  6.2  1000.00 10000.00  0  5 
2915396832428955776  85.5992903 -24.3068983  0.163  10.854 -10.511 18.173 0.615  9.0  1000.00 10000.00  0  5 
2971143579487314816  85.7170354 -16.3986886  0.592  22.064 -23.772 16.682 0.665  3.2   -18.10     0.62 13  6 
2914958608325515520  85.8353960 -25.7570408  0.089  10.419 -10.217 17.803 0.624  7.8   163.37     1.14 13  5 
2915388238196174592  86.0834735 -24.3423193  0.324  10.682 -10.514 17.929 0.611  7.4  1000.00 10000.00  0  5 
2967677373378985472  86.3324963 -18.1237258  0.418  24.458 -23.309 17.088 0.673  3.4   126.62     0.35 13  6 
2915228607149046784  86.5262717 -24.1853823  0.007  11.019 -10.667 17.852 0.622  7.2   160.81     4.33 13  5 
2914343873947909888  86.5402338 -25.3207075  0.289  10.235 -10.681 19.214 0.724  6.5  1000.00 10000.00  0  5 
2914218808798490624  86.6023880 -25.8029967  0.063  10.664 -10.404 18.763 0.674  6.5  1000.00 10000.00  0  5 
2914171113185000704  86.6267505 -25.8533640  0.244   9.839 -10.139 17.670 0.651  7.9   188.80     0.98 13  5 
2914322364752101632  86.8558482 -25.5478322 -0.051  10.503 -10.426 18.548 0.628  6.2  1000.00 10000.00  0  5 
2914155067185753600  87.0573747 -26.0388446  0.052  10.496 -10.264 17.779 0.587  7.6   175.21     1.09 13  5 
2967743511577557120  87.4167806 -17.9253519  0.356  24.005 -22.933 17.586 0.797  3.2   135.92     0.46 13  6 
2991875597079477632  87.4884785 -17.0678587  0.165  24.312 -24.065 18.364 0.829  3.4  1000.00 10000.00  0  6 
2913872050318574080  87.5019174 -26.6909818  0.372  10.372 -10.851 17.366 0.744  7.9    88.44     0.40 13  5 
2966108262908568704  87.6005745 -19.9142017  0.258  24.489 -23.285 19.243 1.161  3.4  1000.00 10000.00  0  6 
2967375007681446784  87.6075530 -18.6317942  0.339  24.363 -23.549 17.450 0.701  3.4   137.00     0.60 13  6 
2910832450423247616  87.6869218 -27.1167259  0.283  10.855 -10.271 19.230 0.724  6.1  1000.00 10000.00  0  5 
2910859006203656960  87.8245532 -26.9245412  0.017  10.531 -10.018 18.892 0.633  7.5  1000.00 10000.00  0  5 
2910851584501333120  87.9759184 -26.9989685 -0.034  10.569 -10.190 18.209 0.595  7.6  1000.00 10000.00  0  5 
2910749368574390144  88.0480404 -27.5414334  0.159  10.204  -9.777 19.140 0.692  6.8  1000.00 10000.00  0  5 
2991860440139396608  88.2243963 -16.8689098  0.007  22.214 -22.003 18.543 0.866  3.3  1000.00 10000.00  0  6 
2904463662461722240  88.2924688 -28.5044211  0.171  11.300  -9.399 17.753 0.794  7.9   253.97     0.31 13  5 
2910561970562755968  88.5613437 -27.7860492  0.054  10.661 -10.178 18.745 0.674  7.8  1000.00 10000.00  0  5 
2966606032438342144  88.5995493 -19.4011704  0.331  23.599 -22.405 17.875 0.768  3.4  1000.00 10000.00  0  6 
2966413828356833152  88.8023432 -19.5049806  0.218  23.448 -22.293 17.207 0.699  3.5   145.01     0.57 13  6 
2909738294618626048  89.1119708 -28.1890869  0.126  10.550  -9.978 12.258 1.267  7.8   190.88     0.17 13  5 
2918181822364292736  89.1766303 -20.3284408  0.230  24.152 -22.695 17.970 0.774  3.4  1000.00 10000.00  0  6 
2909675862973380480  89.6832007 -28.3839816 -0.077  10.508  -9.901 18.728 0.614  6.6  1000.00 10000.00  0  5 
2917819911240750848  90.4126703 -21.3538403  0.391  23.783 -21.797 18.907 0.957  3.4  1000.00 10000.00  0  6 
2917037990975375872  90.7497022 -21.7885274  0.088  24.036 -21.865 18.951 1.010  3.4  1000.00 10000.00  0  6 
2918043082039995904  90.7734413 -20.3347655  0.342  23.480 -21.544 19.211 0.900  3.4  1000.00 10000.00  0  6 
2916935598955527424  90.8433399 -22.3984470  0.235  24.071 -22.150 17.697 0.730  3.1  1000.00 10000.00  0  6 
2917978004694480128  90.9742056 -20.5594945  0.316  23.992 -22.321 16.975 0.653  3.4   164.63     0.65 13  6 
2917953811141134464  91.0621397 -20.8058161  0.169  23.168 -22.129 19.474 1.049  3.2  1000.00 10000.00  0  6 
2897387136905465472  91.2079056 -29.6170852  0.097  10.818  -9.762 17.855 0.590  7.8   209.70     1.67 13  5 
2897390852052643584  91.4287910 -29.5351063  0.067  10.491  -9.539 19.312 0.626  7.8  1000.00 10000.00  0  5 
2897398647417393280  91.8196504 -29.5653060  0.006  10.791  -9.512 19.213 0.635  7.5  1000.00 10000.00  0  5 
2896170321130774272  91.8416279 -31.5398252  0.501  10.544  -8.925 19.212 0.633  7.9  1000.00 10000.00  0  5 
2941157702670871680  91.8673872 -20.9648328  0.316  23.637 -22.193 16.526 0.656  3.4   167.33     1.34 13  6 
2896992309152974208  91.9292728 -30.6019649  0.258  10.485  -9.689 18.323 0.593  7.1  1000.00 10000.00  0  5 
2897785439290329728  92.1518556 -29.2544228  0.427  10.789  -9.823 16.656 0.795  5.7   108.59     0.15 13  5 
2897140468344739328  92.2074671 -29.9390054 -0.037   9.562  -9.984 18.832 0.634  5.7  1000.00 10000.00  0  5 
2897096281720640256  92.2247571 -30.2925817  0.076  10.547  -9.562 17.828 0.648  8.0   223.83     0.78 13  5 
2941141931553193856  92.2363771 -21.1685547  0.324  23.182 -21.492 17.793 0.785  3.3  1000.00 10000.00  0  6 
2896307622646062464  92.4479377 -30.9686463 -0.160  10.452  -9.003 18.261 0.577  7.6  1000.00 10000.00  0  5 
2896034909401481472  93.3432327 -31.4978764  0.129  12.102  -8.943 18.777 0.697  6.2  1000.00 10000.00  0  5 
2937567140077010816  93.5861660 -22.6445186  0.563  23.418 -21.339 19.248 1.094  3.5  1000.00 10000.00  0  6 
2892957964768598400  93.8551276 -31.9290563  0.099   9.979  -9.061 18.934 0.622  6.5  1000.00 10000.00  0  5 
2892863917868467200  94.1383953 -32.6481568  0.154  10.427  -9.418 18.539 0.573  7.5  1000.00 10000.00  0  5 
2892918824729461504  94.3789032 -32.0368662  0.198  10.546  -9.077 17.816 0.610  7.8   240.03     1.38 13  5 
2893356434653192448  94.4636391 -31.5933965  0.165  11.127  -9.549 18.225 0.721  6.1  1000.00 10000.00  0  5 
2892505339638805632  94.5569834 -33.2922499  0.088  10.555  -8.852 18.915 0.616  6.8  1000.00 10000.00  0  5 
2892601551202815104  94.6469288 -33.0974594  0.237   9.331  -8.862 17.491 0.682  7.4  1000.00 10000.00  0  5 
2892489156201956992  94.7391096 -33.3985871  0.178  10.017  -8.390 17.375 0.712  7.1  1000.00 10000.00  0  5 
2893315920225351552  94.9195060 -31.4586854  0.116   9.617  -8.389 18.295 0.726  5.7  1000.00 10000.00  0  5 
2893094574792459904  95.1029845 -32.0430625  0.220   9.988  -8.730 18.400 0.607  7.7  1000.00 10000.00  0  5 
2892638655423696768  95.1119751 -32.6800777  0.286   9.671  -8.227 18.005 0.623  8.2  1000.00 10000.00  0  5 
2891808803319522688  95.2186656 -33.6811101  0.123  10.444  -9.064 17.402 0.762  7.8  1000.00 10000.00  0  5 
2891806638656237952  95.3646775 -33.6861402  0.034  10.214  -8.446 18.231 0.603  5.9  1000.00 10000.00  0  5 
2891872815508692992  95.5779159 -32.9253037  0.168  10.321  -9.123 19.305 0.863  4.9  1000.00 10000.00  0  5 
2892249879281517952  95.7016758 -32.7374582  0.337  10.203  -8.846 19.178 0.622  8.2  1000.00 10000.00  0  5 
2891789179611731584  95.9276898 -33.4913074  0.057  10.381  -8.851 18.506 0.571  7.0  1000.00 10000.00  0  5 
2891474925443527680  96.0412323 -34.6033536 -0.168  10.407  -8.438 19.089 0.710  6.1  1000.00 10000.00  0  5 
2891583059837672960  96.1045772 -33.7488457  0.129  10.372  -8.850 17.829 0.649  8.3   253.86     1.20 13  5 
2899980197640841600  96.1294557 -25.9494156  0.296  24.326 -20.919 18.731 0.976  3.0  1000.00 10000.00  0  6 
2924375165206138880  96.1718647 -24.1561045  0.107  23.749 -21.081 18.126 0.790  3.1   212.59     0.44 13  6 
2891592332671160832  96.3417863 -33.5297026  0.114  10.387  -8.452 19.102 0.683  6.9  1000.00 10000.00  0  5 
5581612263771185408  96.7167605 -34.6807172  0.475   9.771  -8.410 19.100 0.650  7.5  1000.00 10000.00  0  5 
2891901879552688256  96.9739949 -33.7559520 -0.022  10.475  -8.445 18.074 0.607  6.4  1000.00 10000.00  0  5 
5581626316905080448  97.2819347 -34.5767412 -0.137  10.554  -8.343 19.423 0.714  7.1  1000.00 10000.00  0  5 
2923136810173916032  97.5062987 -26.3394785  0.416  23.978 -20.420 17.868 0.727  3.1  1000.00 10000.00  0  6 
2892040594114555392  97.5677464 -33.0292230  0.611  -0.265   1.456 16.728 0.797  6.2    48.28     0.11 13  5 
5582016476030770688  97.5694715 -34.1650807  0.184   9.669  -9.237 17.283 0.671  5.4   145.11     0.82 13  5 
5582051071990753920  97.8200191 -33.8197681  0.200  10.408  -9.214 19.341 0.929  6.1  1000.00 10000.00  0  5 
5582050075558319488  97.8614167 -33.8403184  0.102  10.429  -8.590 18.162 0.636  5.9  1000.00 10000.00  0  5 
5581719741032631552  98.1420522 -35.2514764 -0.008  10.331  -7.848 18.599 0.678  6.0  1000.00 10000.00  0  5 
5581275641414943104  98.2377038 -35.6896318  0.127  10.561  -8.014 18.647 0.676  5.9  1000.00 10000.00  0  5 
5581755921837609984  98.3894388 -34.8422944  0.335  10.456  -8.122 19.138 0.661  7.4  1000.00 10000.00  0  5 
2922975147604312448  98.4478045 -26.0552529  0.335  24.493 -21.229 17.803 0.772  3.5   236.50     0.52 13  6 
5581781554203108736  98.4542813 -34.5079906  0.137  10.407  -8.668 18.896 0.748  5.9  1000.00 10000.00  0  5 
5581757158788609792  98.5546008 -34.7897926  0.328  10.494  -8.512 18.624 0.586  7.2  1000.00 10000.00  0  5 
2922944464355415552  98.5759048 -26.4779572  0.281  23.217 -19.617 18.314 0.762  3.5  1000.00 10000.00  0  6 
2919982994209531776  99.3552610 -26.4612595  0.656  23.049 -19.498 19.204 1.066  3.3  1000.00 10000.00  0  6 
5581031794648485120  99.6914346 -34.8507745  0.159   9.837  -8.529 17.210 0.739  6.9   127.34     0.41 13  5 
2919908712754630784  99.8386840 -26.8464904  0.288  23.474 -19.756 17.347 0.658  3.4   242.70     0.60 13  6 
2919475019837100288  99.9681112 -28.2351406  0.254  22.683 -18.530 18.705 0.919  3.1  1000.00 10000.00  0  6 
5580570545224430592 100.3861743 -36.4105548  0.334   9.013  -7.399 17.983 0.677  9.5  1000.00 10000.00  0  5 
2919619949213987200 100.5082779 -27.6072784  0.383  22.252 -18.713 18.464 0.812  3.6  1000.00 10000.00  0  6 
5577238303436320384 100.6964340 -37.9240710 -0.077   9.358  -7.866 19.269 0.715  6.5  1000.00 10000.00  0  5 
5577641240089735040 100.9728419 -36.6069747  0.257  10.086  -7.638 18.424 0.575  6.1  1000.00 10000.00  0  5 
5577228549568893568 101.1367842 -37.8726397 -0.212   9.064  -6.792 17.346 0.765  7.5   347.78     0.71 13  5 
2918864520305483264 101.3056745 -27.7484253  0.372  22.341 -18.569 17.937 0.815  3.2   258.23     0.47 13  6 
5577188726631926400 101.5971643 -37.9749935  0.151   8.056  -6.388 17.509 0.709  7.7  1000.00 10000.00  0  5 
2918553976991085952 101.7429083 -28.7048069  0.291  23.627 -19.094 18.431 0.893  3.1  1000.00 10000.00  0  6 
2919192204830525312 102.0144799 -27.5617785  0.232  22.392 -18.608 16.535 0.650  3.5   249.49     0.55 13  6 
5577392166345152768 102.0238633 -37.0874334  0.257  10.201  -7.787 18.602 0.680  5.9  1000.00 10000.00  0  5 
2918490819492192640 102.1118165 -28.8252822  0.396  22.821 -18.273 18.169 0.804  3.3   263.96     0.33 13  6 
5576336983077254272 102.3329750 -38.9511807  0.300  10.372  -7.803 16.724 0.788  5.9   105.88     0.17 13  5 
5577336125611793792 102.4267057 -37.1299396 -0.109  10.158  -8.043 18.671 0.620  5.8  1000.00 10000.00  0  5 
5578913306322232576 102.4765569 -36.5800360  0.294   9.827  -7.627 18.623 0.636  5.7  1000.00 10000.00  0  5 
5576346393348762624 102.4806499 -38.7731949  0.338  12.078  -9.177 18.260 0.817  3.1  1000.00 10000.00  0  5 
5576500874731717632 102.8221161 -37.9092393  0.186  10.118  -7.364 17.822 0.606  6.1   302.72     1.19 13  5 
5578078605198223232 102.8655639 -37.2332593  0.208   9.725  -7.262 17.549 0.707  7.8  1000.00 10000.00  0  5 
5578089153638217472 103.1538384 -37.0091744  0.483   9.509  -6.645 18.354 0.834  3.5  1000.00 10000.00  0  5 
5576173460786377728 103.4651371 -39.0985614  0.428   8.592  -7.954 17.472 0.856  6.5  1000.00 10000.00  0  5 
5577782492972811392 103.8140698 -38.0785675 -0.057  10.071  -7.312 18.700 0.742  5.9  1000.00 10000.00  0  5 
5577708383313447168 104.0812724 -38.6197132  0.407  10.285  -6.970 18.584 0.621  5.9  1000.00 10000.00  0  5 
5564196961659146752 104.0957151 -38.7365319  0.181   9.972  -6.391 17.631 0.766  8.5   130.01     0.49 13  5 
5577719477212316288 104.3041202 -38.3484890 -0.156   9.839  -7.267 18.471 0.680  5.5  1000.00 10000.00  0  5 
5565675151965783808 104.4030910 -39.0445949  0.118  10.409  -7.187 18.137 0.579  5.9  1000.00 10000.00  0  5 
5564093538846908672 104.4156139 -39.6993429  0.205  10.250  -7.131 17.822 0.656  8.2  1000.00 10000.00  0  5 
5565629350434565632 104.6008093 -39.0018841  0.177  10.213  -6.960 18.682 0.648  6.0  1000.00 10000.00  0  5 
5565820253139858304 105.0383462 -38.1781161  0.069   8.303  -7.581 17.872 0.776  3.2   247.94     0.61 13  5 
5565420237066609280 105.1431318 -39.3887567 -0.408  10.091  -6.956 19.075 0.701  5.9  1000.00 10000.00  0  5 
5565770465878119808 105.3217169 -38.2148316  0.125  10.116  -6.649 19.212 0.717  5.9  1000.00 10000.00  0  5 
5565337464456081408 105.5852308 -39.8188402 -0.037   9.562  -6.639 18.210 0.685  9.2  1000.00 10000.00  0  5 
5564577014726115328 105.7397476 -40.1329644  0.112  10.567  -6.379 17.823 0.768  9.2   122.98     0.38 13  5 
5564544995747855616 106.4520620 -40.0803240  0.291   0.578   2.250 18.706 0.821  5.9  1000.00 10000.00  0  5 
5564653327705306624 106.9374426 -39.5423032  0.215   9.181  -6.906 17.852 0.693  9.2  1000.00 10000.00  0  5 
5564258538609437056 107.0832398 -40.8714551  0.186   9.844  -6.666 16.977 0.878  8.5   331.01     0.70 13  5 
5564410992768334848 107.2899211 -40.4704729  0.105   9.647  -6.695 18.564 0.607  5.8  1000.00 10000.00  0  5 
5604387551929978624 107.4311114 -31.4823893  0.165  21.306 -16.164 17.446 0.700  3.1   298.94     0.84 13  6 
5564369859863280384 107.5509639 -40.3982927  0.184  10.028  -6.714 18.686 0.731  5.5  1000.00 10000.00  0  5 
5564399890275253248 107.9482900 -40.1737232  0.358   8.982  -6.028 18.844 0.699  6.3  1000.00 10000.00  0  5 
5561352147121401216 108.1616554 -40.8594032  0.157   9.698  -6.314 12.005 1.330  9.3   335.64     0.13 13  5 
5560960347323322752 108.2837113 -41.8213447  0.066   9.015  -8.119 18.679 0.742  5.9  1000.00 10000.00  0  5 
5561301883124260096 108.4937137 -40.9274527  0.060   9.763  -6.331 19.043 0.685  5.8  1000.00 10000.00  0  5 
5561308514552638208 108.6028159 -40.8315821  0.253   9.481  -4.861 16.771 0.650  6.0   145.95     0.74 13  5 
5561088917167335808 108.7741984 -41.3901072  0.224   9.938  -6.352 18.886 0.812  5.8  1000.00 10000.00  0  5 
5561093834907539968 108.9417556 -41.2897170  0.282   9.005  -7.742 16.734 0.706  5.7    11.31     0.27 13  5 
5561667638238791808 109.0036425 -40.8248222  0.257   9.835  -6.352 18.488 0.564 11.1  1000.00 10000.00  0  5 
5561000062882481664 109.1080597 -42.0735416  0.082   9.799  -6.212 18.085 0.596  7.9  1000.00 10000.00  0  5 
5561701585661307904 109.4467620 -40.4820207  0.267   9.496  -5.672 16.363 0.673  5.0   185.18     1.79 13  5 
5561384720153024512 109.6788977 -41.6321555  0.035   9.442  -6.393 18.695 0.707  5.8  1000.00 10000.00  0  5 
5560539337450542720 109.9792490 -42.5370414  0.349   8.729  -5.055 17.574 0.809  7.9  1000.00 10000.00  0  5 
5561437805950024960 109.9806617 -41.0481916 -0.008   8.053  -6.933 18.815 0.696  4.9  1000.00 10000.00  0  5 
5560555172994644608 110.3865495 -42.0744225  0.225   8.922  -5.871 19.275 0.810  6.1  1000.00 10000.00  0  5 
5560567508136535808 110.4398697 -42.0087683  0.235  10.022  -7.978 17.308 0.646  3.2  1000.00 10000.00  0  5 
5560390761643321600 110.9700266 -42.0353277  0.150   9.526  -5.861 18.500 0.621  5.3  1000.00 10000.00  0  5 
5560317098661924608 110.9789000 -42.4915731  0.161   9.568  -6.619 16.636 0.669  5.6   214.62     1.30 13  5 
5560323931951439360 111.0679191 -42.4035551 -0.240   9.569  -6.272 18.615 0.741  5.1  1000.00 10000.00  0  5 
5512256448979346432 111.2630200 -42.9852014  0.236  10.595  -7.482 16.926 0.721  5.9   127.69     0.44 13  5 
5560415230073255936 111.3799612 -42.3639705  0.800  -0.709   4.836 18.100 0.669  5.0  1000.00 10000.00  0  5 
5560424296746750592 111.6371570 -42.1392564  0.173  10.618  -8.105 17.336 0.649  3.6  1000.00 10000.00  0  5 
5591541987641617664 112.0249579 -34.3683455  0.431  21.144 -14.781 18.821 0.913  3.3  1000.00 10000.00  0  6 
 898618797409947904 113.3495969  36.6767765  0.391  -1.158 -12.862 15.548 0.723  3.3    57.75     0.70  8  7 
5535005683861467904 114.2151648 -44.2430297  0.075   9.071  -5.137 17.050 0.874  8.6   367.34     0.72 13  5 
 895552942378381952 114.2451630  36.2386779  0.269  -0.973 -11.177 17.989 0.734  3.8    64.64     2.93  7  7 
5535257746896977792 114.5567103 -43.2745535  0.551   9.580  -5.132 17.129 0.752  5.4   149.70     0.33 13  5 
5531957734548001536 114.7281897 -44.5625970 -0.057   9.324  -5.067 18.178 0.575  5.4   369.69     2.08 13  5 
5534975275490603264 114.9914863 -44.1003720  0.076   9.398  -5.051 18.135 0.608  6.2   419.52     0.93 13  5 
5531991922485962624 115.3228926 -44.5839751  0.084   9.056  -4.891 14.546 1.043 11.1   373.02     0.16 13  5 
 894907013657239296 115.6360970  35.7779461  0.006  -0.954 -11.149 18.592 0.826  3.9  1000.00 10000.00  0  7 
5532075210493582464 115.7988757 -44.1173405 -0.090   9.107  -4.674 18.921 0.606  6.9  1000.00 10000.00  0  5 
5531999206751359744 115.8631729 -44.3127366  0.066   9.589  -4.820 18.692 0.647  6.4  1000.00 10000.00  0  5 
 894817545195016576 115.9738917  35.2714978  0.541  -0.755  -9.895 19.318 0.923  4.2  1000.00 10000.00  0  7 
5532102938799505280 116.0984686 -43.6504386  0.015   9.544  -4.874 18.923 0.684  5.9  1000.00 10000.00  0  5 
 894668767527443456 117.4638848  35.0096700  0.138  -0.808  -9.924 18.524 0.803  4.5  1000.00 10000.00  0  7 
 882300563088973696 119.0122226  34.0030575  0.107  -0.484  -8.829 18.301 0.711  5.2  1000.00 10000.00  0  7 
 881505002002011904 119.8211327  33.6263983  0.281  -0.468  -8.266 12.667 1.072  5.6   191.63     0.06  1  7 
5728534887286350464 123.4222979 -10.1685987  0.229  -1.533  -8.511 16.675 0.890  9.9   239.10     0.61 13  8 
3064412333373824000 124.5709515  -5.5269942  0.367  -0.561  -7.576 18.096 0.623  9.2  1000.00 10000.00  0  8 
3064287744962647552 124.5944233  -6.3264783  0.253  -0.754  -8.425 18.164 0.793 10.1  1000.00 10000.00  0  8 
3069359757740648704 124.6149839  -3.8238355  0.115  -2.408  -9.002 17.943 0.841  8.7  1000.00 10000.00  0  8 
3065953814315574656 124.9088693  -5.0890597  0.115  -1.349  -9.181 17.770 0.751  9.2  1000.00 10000.00  0  8 
3065852624885664896 125.2264454  -5.5956319  0.441  -1.913  -7.697 17.049 0.902 10.6     9.88     0.13 13  8 
3066057172704672768 125.4405056  -4.7894761  0.153  -1.495  -9.420 16.457 0.930 11.0   278.95     2.06  8  8 
3066702787893192576 125.7643319  -3.6744403 -0.205  -1.711  -9.280 19.149 0.624  8.5  1000.00 10000.00  0  8 
3066783533278525056 125.8139263  -3.3446575  0.213  -1.585  -9.691 18.218 0.645  9.4  1000.00 10000.00  0  8 
3066785732300849792 125.9969817  -3.3462982  0.158  -1.827  -9.647 17.088 0.881  9.4   272.31     0.60 13  8 
3069955589963691520 126.2847808  -2.4154336 -0.155  -1.958  -9.792 18.012 0.733  9.2  1000.00 10000.00  0  8 
3076031353780648064 126.3213414  -1.9692484  0.013  -2.040  -9.733 17.977 0.637  8.5  1000.00 10000.00  0  8 
3066883902369513472 126.3750833  -3.1288119  0.083  -1.620  -9.767 14.621 1.022  9.7   267.71     0.23 13  8 
3066937361827196160 126.4194945  -2.6937850  0.317  -1.847  -9.859 19.328 0.607  9.3  1000.00 10000.00  0  8 
3066830777917984384 126.4503034  -3.3117068 -0.102  -1.783  -9.520 17.400 0.864 10.1  1000.00 10000.00  0  8 
3076288158465407616 126.4559186  -1.1561800  0.099  -2.092  -9.859 18.779 0.593  8.0  1000.00 10000.00  0  8 
3066922209182367360 126.4748421  -2.8264319  0.148  -1.281  -9.977 18.132 0.707 10.0  1000.00 10000.00  0  8 
3076512974233734400 126.5341488  -0.2699176 -0.183  -1.770 -10.473 18.519 0.606  7.5  1000.00 10000.00  0  8 
3076499608294692096 126.6454155  -0.3404760  0.176  -1.953 -10.423 17.864 0.675  8.6   260.32     3.56  6  8 
3076433195215851136 127.1002195  -0.4890509  0.101  -1.892 -10.224 15.043 0.999  8.7   254.42     0.82  8  8 
3076936629807908096 127.2518823   0.3874661  0.110  -2.072 -10.383 17.649 0.670  8.6  1000.00 10000.00  0  8 
3076935427217053696 127.2663742   0.3711937  0.255  -2.212 -10.537 18.010 0.635  8.5  1000.00 10000.00  0  8 
3077794936071074560 127.2728306   0.7832552 -0.040  -1.987 -10.469 18.142 0.627  9.0  1000.00 10000.00  0  8 
3077821152552208000 127.2784729   1.0697685  0.023  -1.914 -10.799 19.436 0.653  8.6  1000.00 10000.00  0  8 
3076836883486558464 127.2789261  -0.0653690 -0.561  -2.245  -9.826 19.258 0.639  8.5   245.81    11.56  6  8 
3077805385727942656 127.4441392   1.0077722  0.162  -1.014 -10.117 17.900 0.625  8.3  1000.00 10000.00  0  8 
3076968004544735872 127.7914701   0.3313274  0.721  -1.669 -10.086 19.218 0.705  7.3  1000.00 10000.00  0  8 
3079351436515263616 128.0265181   1.5355336  0.250  -2.014 -10.709 18.625 0.624  9.3  1000.00 10000.00  0  8 
3078586313860984448 128.0475349   1.2478311 -0.011  -2.151 -10.474 19.239 0.649  7.8  1000.00 10000.00  0  8 
3079390572257203712 128.1117958   1.7429281  0.283  -1.739 -10.252 17.447 0.683  8.0   197.55     0.61 13  8 
3080257949492126592 128.3119686   3.4701772  0.044  -1.875 -11.099 18.237 0.583  9.8  1000.00 10000.00  0  8 
3080284127322121216 128.3239405   3.7636378 -0.174  -2.540 -11.026 19.403 0.609  9.2  1000.00 10000.00  0  8 
3079495296444259968 128.5820394   2.0150805 -0.056  -1.849 -10.692 18.756 0.638  8.2  1000.00 10000.00  0  8 
 594551330648555520 128.8783428   5.2269212  0.472  -1.247 -11.152 16.487 0.900  7.6    52.25     0.73  8  8 
3080246640842761984 128.9328841   3.6718510  0.157  -2.640 -10.586 17.583 0.881  8.8  1000.00 10000.00  0  8 
3080401122227104768 129.2341393   4.0775770 -0.021  -1.860 -10.900 19.063 0.716  8.4  1000.00 10000.00  0  8 
 594587610237504128 129.3591110   5.5690551  0.244  -2.151 -10.898 18.113 0.691  9.2  1000.00 10000.00  0  8 
 594926912653231104 129.5018987   6.4420229  0.501  -2.148 -11.463 18.891 0.614  9.3  1000.00 10000.00  0  8 
3080436757570455680 129.6151013   4.4252532  0.238  -2.610 -10.752 18.189 0.596  8.3  1000.00 10000.00  0  8 
 594687871953776512 129.6775229   5.7825183  0.044  -3.169 -12.022 17.531 0.800  8.4  1000.00 10000.00  0  8 
 594686811096979968 129.7709481   5.7257242  0.481  -2.754 -10.474 18.345 0.764  8.3  1000.00 10000.00  0  8 
 594688765306995584 129.8020170   5.7957117 -0.033  -2.433 -11.433 18.781 0.717  8.3   221.15     8.61  6  8 
 582446459246191232 129.8144627   4.6971793  0.280  -2.520 -11.007 18.789 0.602  8.3  1000.00 10000.00  0  8 
 582459584666428032 129.9161354   4.9080868 -0.008  -2.266 -10.788 18.578 0.628  7.7  1000.00 10000.00  0  8 
 595352943344900864 130.0509410   7.0813919  0.106  -2.383 -11.349 15.977 0.927  9.1   209.81     0.33 13  8 
 582481196941091840 130.1555268   4.9499207  0.110  -2.406 -11.150 17.764 0.726  8.3  1000.00 10000.00  0  8 
 595551920589644800 130.2586624   7.7815572  0.102  -2.393 -11.712 18.175 0.688  8.3   190.34     5.02  7  8 
 594671310560104704 130.3459985   5.9602861  0.101  -2.384 -10.722 19.309 0.681  8.5  1000.00 10000.00  0  8 
 594672650589957888 130.3600586   6.0024795  0.302  -1.784 -10.390 17.095 0.771  7.2  1000.00 10000.00  0  8 
 594652996819330304 130.4020341   5.7817455  0.225  -2.811 -11.179 18.499 0.607  7.6  1000.00 10000.00  0  8 
 595116887646823040 130.4639079   6.5415081  0.043  -2.694 -11.050 18.397 0.602  8.4  1000.00 10000.00  0  8 
 595109225425075200 130.4846250   6.3536258  0.116  -2.530 -10.454 16.305 0.865  8.6   165.37     1.03  8  8 
 597938891614159488 130.5836629   9.0092948  0.072  -2.220 -11.875 17.670 0.739  8.3  1000.00 10000.00  0  8 
 595473820904399744 130.8538042   7.4483683 -0.238  -2.682 -11.539 19.339 0.685  7.0  1000.00 10000.00  0  8 
 595068577854639488 130.8860930   6.4731719  0.141  -2.456  -9.822 17.282 0.783  7.4  1000.00 10000.00  0  8 
 595506565735012864 131.3909979   7.7278653  0.277  -1.827 -10.930 17.185 0.782  6.9   311.02     0.29 13  8 
 598008500148366464 131.5556862   9.3097266  0.149  -3.256 -11.519 19.231 0.677  7.7  1000.00 10000.00  0  8 
 597124802037501184 131.6380104   8.6613064 -0.030  -2.494 -11.288 17.830 0.649  8.1  1000.00 10000.00  0  8 
 609051926218433536 133.4178917  15.0333427  0.478  -2.934 -12.409 18.990 0.667  6.5  1000.00 10000.00  0  8 
 608979770767729280 133.5911826  14.7537931  0.179  -2.799 -12.394 19.239 0.627  6.8  1000.00 10000.00  0  8 
 608661187273661184 133.6099211  14.0453314 -0.011  -3.332 -12.255 18.974 0.674  6.9  1000.00 10000.00  0  8 
 609079998124796288 133.6462922  15.2359238 -0.612  -3.449 -11.776 19.484 0.655  6.8  1000.00 10000.00  0  8 
 608984443692141696 133.7051261  14.7394728  0.658  -2.374 -12.517 19.223 0.718  7.1  1000.00 10000.00  0  8 
 608670365619162496 133.7738894  14.2369386  0.097  -2.695 -12.171 15.969 0.935  7.0   156.61     1.03  8  8 
 608794984094891136 133.9106620  14.7533050  0.190  -2.406 -12.155 19.383 0.747  6.9  1000.00 10000.00  0  8 
 609023785593191296 134.1381486  15.2263640  0.424  -3.834 -12.277 19.359 0.741  6.5  1000.00 10000.00  0  8 
 610655873165771008 134.1969849  16.1481882  0.071  -3.270 -12.183 18.705 0.620  7.2  1000.00 10000.00  0  8 
 608799622659500800 134.2171108  14.5753086  0.176  -3.843 -10.326 18.221 0.737  9.6  1000.00 10000.00  0  8 
 612326413580946048 134.5788092  18.5513856  0.294  -3.451 -12.883 16.999 0.820  5.9  1000.00 10000.00  0  8 
 610683532754545408 134.6818833  16.0505815  0.101  -2.905 -12.938 19.159 0.682  7.0  1000.00 10000.00  0  8 
 612426744016802432 134.6852441  18.7709614  0.209  -3.536 -12.817 17.483 0.729  7.4  1000.00 10000.00  0  8 
 610583648995552128 134.7821768  15.8553671  0.162  -3.176 -12.513 18.074 0.590  6.6  1000.00 10000.00  0  8 
 610717411456731904 135.0648118  16.2809368  0.511  -3.350 -12.800 19.396 0.654  7.9  1000.00 10000.00  0  8 
 612409564147659264 135.1101441  18.9097742  0.208  -2.774 -12.891 13.287 1.006  5.4   203.85     0.34  8  8 
 610716105786697600 135.2073566  16.3103475  0.016  -3.785 -12.598 19.484 0.640  7.8  1000.00 10000.00  0  8 
 610478748714095872 135.4060165  15.8648113  0.054  -2.741 -12.128 17.710 0.830  9.2  1000.00 10000.00  0  8 
 610724730081189376 135.4867099  16.5076766 -0.053  -3.508 -12.580 18.763 0.693  7.0  1000.00 10000.00  0  8 
 612394926899159168 135.5199882  18.8177334  0.192  -3.871 -13.446 15.930 0.867  6.1  1000.00 10000.00  0  8 
 612176463386608128 135.7329585  18.3579390  0.473  -3.178 -12.966 18.361 0.585 10.3  1000.00 10000.00  0  8 
 611141307549004032 135.7824127  17.0026811  0.427  -3.150 -12.897 18.773 0.580  9.6  1000.00 10000.00  0  8 
 612121693963540992 135.8248250  18.1421469 -0.038  -3.482 -12.715 18.614 0.660  6.7  1000.00 10000.00  0  8 
 611318809957071360 135.8613811  17.6728145  0.252  -2.907 -12.692 17.358 0.654  6.9  1000.00 10000.00  0  8 
 611319634590812928 135.8757020  17.7311141  0.209  -2.612 -13.019 19.204 0.661  6.9  1000.00 10000.00  0  8 
 611324444954174464 135.9476928  17.7077958 -0.153  -3.100 -11.270 17.848 0.652  8.5  1000.00 10000.00  0  8 
 611322692607525760 136.1720143  17.7285317 -0.286  -3.166 -12.523 18.960 0.672  8.2  1000.00 10000.00  0  8 
 612114031741912320 136.3219650  18.2002227  0.207  -3.446 -12.727 19.376 0.768  7.1  1000.00 10000.00  0  8 
 685533547026137344 136.3736604  22.0950973  0.273  -3.996 -12.990 17.235 0.752  5.9  1000.00 10000.00  0  8 
 636265491840826112 136.4012184  19.1847856  0.751  -2.614 -12.880 19.375 0.631  7.7  1000.00 10000.00  0  8 
 636559782999844352 136.4669171  19.6621326  0.270  -3.822 -13.017 18.634 0.589  6.6  1000.00 10000.00  0  8 
 636363795052181888 136.5864465  19.4029913 -0.172  -3.587 -13.220 19.494 0.664  7.0  1000.00 10000.00  0  8 
 636351013229504128 136.6665435  19.3676465  0.382  -2.928 -12.366 17.473 0.679  6.7  -168.57     0.65 13  8 
 636199658582021632 136.6901456  18.9738122 -0.053  -3.735 -12.950 19.032 0.584  7.6  1000.00 10000.00  0  8 
 611289604179981440 136.7484986  17.7435683  0.309  -2.615 -11.601 19.075 0.655  7.2   -85.16     9.85  7  8 
 635315170197116928 136.9237750  18.0132442  0.120  -3.598 -12.704 18.205 0.619  8.0   124.73     5.38  7  8 
 685157823287092992 136.9855848  21.4038181  0.307  -3.053 -12.871 16.770 0.711  6.3  1000.00 10000.00  0  8 
 636602285996470656 137.0255637  20.0881878 -0.024  -3.663 -12.962 18.597 0.638  6.9  1000.00 10000.00  0  8 
 637112837348917632 137.2163840  21.2182188  0.077  -3.516 -12.604 17.663 0.677  6.8  1000.00 10000.00  0  8 
 636332355891777664 137.2570942  19.4873697  0.170  -4.044 -12.536 18.239 0.615  8.4  1000.00 10000.00  0  8 
 636794769250832512 137.4267773  20.2152409 -0.024  -3.733 -12.941 18.350 0.637 10.0  1000.00 10000.00  0  8 
 636768488346027264 137.4450140  19.8894796  0.132  -3.884 -12.983 18.187 0.581  8.3  1000.00 10000.00  0  8 
 636800683420865024 137.4814906  20.3472343  0.038  -3.754 -12.824 14.763 1.014  8.0   113.07     0.89  8  8 
 636720071179448704 137.5627490  19.8089217  0.011  -3.807 -12.554 18.845 0.678  6.9  1000.00 10000.00  0  8 
 636783537911419776 137.5745753  20.1706303  0.013  -3.785 -12.721 16.023 0.937  7.9  1000.00 10000.00  0  8 
 637199423889610752 137.6449069  21.3107688  0.006  -3.869 -13.055 17.654 0.687  7.8  1000.00 10000.00  0  8 
 637140290779827072 137.7422588  21.1141597  0.147  -4.022 -12.741 17.803 0.643  7.9  1000.00 10000.00  0  8 
 688521809175570304 137.8504677  25.2216999  0.357  -3.231 -13.621 18.803 0.658  5.7  1000.00 10000.00  0  8 
 687223771275597824 137.9011859  23.4589438  0.110  -3.885 -12.492 16.872 0.694  6.4  1000.00 10000.00  0  8 
 636933788752364800 137.9960258  20.8761872  0.284  -3.621 -13.014 17.811 0.643  8.1    87.52     5.03  7  8 
 636928978388980352 138.0846247  20.7673769 -0.007  -3.526 -13.069 18.267 0.654  8.3  1000.00 10000.00  0  8 
 636941794571065728 138.1348250  20.9853054  0.203  -3.777 -12.661 18.924 0.605  8.3  1000.00 10000.00  0  8 
 686810728564699136 138.1424794  22.3647534 -0.067  -4.167 -12.935 18.423 0.644  7.8   101.50     6.64  7  8 
 637160769183598336 138.1472681  21.2770046  0.108  -4.025 -12.669 18.246 0.663  8.0  1000.00 10000.00  0  8 
 637155615222825088 138.1957292  21.1803837 -0.123  -4.159 -12.887 19.162 0.679  6.9  1000.00 10000.00  0  8 
 638767086952637184 138.1978147  22.1762176  0.299  -2.749 -13.811 16.927 0.863  7.1  1000.00 10000.00  0  8 
 638771141401828096 138.2037415  22.3008509 -0.063  -2.542 -12.092 17.252 0.673  7.8  1000.00 10000.00  0  8 
 686849456285987840 138.2452220  22.7276253  0.057  -3.863 -12.961 15.345 0.976  7.8    98.87     0.15  1  8 
 636964815595784320 138.2744198  21.0152789  0.219  -3.763 -12.544 18.963 0.629  7.9  1000.00 10000.00  0  8 
 636966950195258752 138.3236172  21.0866175  0.252  -3.858 -12.814 18.732 0.582  8.2  1000.00 10000.00  0  8 
 686843164157782912 138.3634931  22.5565755  0.021  -4.203 -12.850 17.389 0.792  7.9  1000.00 10000.00  0  8 
 638797151723824128 138.3998790  22.4130379  0.086  -4.143 -12.786 19.228 0.682  6.9   114.52    11.59  6  8 
 637165167230130944 138.4146644  21.3515476  0.135  -4.061 -12.927 17.748 0.771  7.9  1000.00 10000.00  0  8 
 638800141021069952 138.4507698  22.4345838  0.306  -3.815 -13.262 17.745 0.716  8.0   120.81     3.63  7  8 
 636969080498563456 138.5201861  21.0736910 -0.022  -4.175 -12.719 17.467 0.782  6.8  1000.00 10000.00  0  8 
 638800312819762560 138.5217258  22.4372215 -0.094  -4.015 -12.962 18.585 0.664  6.5  1000.00 10000.00  0  8 
 638478602589067392 138.6673826  21.4023649 -0.554  -4.153 -12.340 18.605 0.643  6.8   171.34     6.89  6  8 
 638789695660614528 138.6681794  22.4817563 -0.073  -4.389 -12.346 19.196 0.653  7.9   105.69    11.13  6  8 
 638724618315927296 138.6799301  22.0161388  0.021  -3.987 -12.952 18.751 0.666  8.2   109.04     9.13  6  8 
 638728161664444416 138.6880436  22.1538987  0.157  -3.882 -13.230 18.141 0.595  6.9   146.86    14.52  6  8 
 638884150580988544 138.7524522  22.5414292  0.194  -4.123 -12.835 18.621 0.673  7.9  1000.00 10000.00  0  8 
 638909061391356800 138.7900543  22.8096035 -0.099  -4.582 -13.428 18.871 0.661  7.9  1000.00 10000.00  0  8 
 686983248811117824 138.8853028  23.2680654  0.537  -4.683 -11.255 18.314 0.715  7.9  1000.00 10000.00  0  8 
 638735926965301760 138.8940163  22.2864302  0.079  -3.836 -12.343 19.379 0.614  8.0    67.14    13.39  7  8 
 638486196091289088 138.9238064  21.5864561  0.579  -3.694 -14.361 18.047 0.864 11.5  1000.00 10000.00  0  8 
 686992044904182400 139.0594521  23.4307860 -0.038  -4.157 -12.873 17.409 0.796  8.0  1000.00 10000.00  0  8 
 687448376589254528 139.1223659  24.0526231 -0.003  -3.292 -12.556 19.491 0.685  7.8  1000.00 10000.00  0  8 
 687381684337416704 139.1358151  23.5764464  0.331  -3.983 -12.738 18.799 0.641  7.8  1000.00 10000.00  0  8 
 687475525078387840 139.1515186  24.2172641  0.098  -4.106 -13.090 16.134 0.923  7.8    85.54     1.50  8  8 
 638944039605437696 139.1552655  23.1219860  0.461  -3.807 -12.917 18.106 0.639  8.0    92.11     5.91  6  8 
 687366875290748544 139.1811405  23.4552304 -0.563  -4.394 -12.952 19.026 0.681  6.8  1000.00 10000.00  0  8 
 639324264470004352 139.4032057  23.3421740 -0.014  -3.861 -13.070 19.201 0.681  8.2  1000.00 10000.00  0  8 
 638863053701910016 139.5138849  22.6552309  0.279  -3.604 -13.353 19.045 0.653  6.8    80.48    11.77  6  8 
 687373678517810176 139.5468979  23.6523245 -0.246  -4.042 -12.735 19.215 0.811  7.9  1000.00 10000.00  0  8 
 639326497852996736 139.5566206  23.3375390  0.116  -3.429 -12.483 17.592 0.802  8.0    19.23    46.28  4  8 
 687586227859671680 139.6617109  24.5650495  0.250  -4.266 -13.245 18.172 0.592  7.9  1000.00 10000.00  0  8 
 693919964591385984 139.7101078  25.9229461  0.270  -3.539 -14.559 18.266 0.774 10.5  1000.00 10000.00  0  8 
 639313990908217216 139.7187113  23.3148667 -0.884  -4.803 -12.487 18.866 0.669  8.2  1000.00 10000.00  0  8 
 687413501454823936 139.7758538  24.0662623 -0.026  -4.197 -13.006 17.461 0.737  8.0  1000.00 10000.00  0  8 
 687623370736575360 139.9779809  24.9879047 -0.126  -4.171 -13.490 19.220 0.688  7.1  1000.00 10000.00  0  8 
 687559908300087424 140.0128917  24.5768392  0.320  -4.289 -13.141 18.995 0.668  7.9  1000.00 10000.00  0  8 
 693649007990210560 140.0952321  25.3069071  0.182  -4.082 -13.304 18.271 0.632  7.8  1000.00 10000.00  0  8 
 694830841255218176 140.1421360  26.8973910  0.088  -4.523 -12.169 17.589 0.692  6.1  1000.00 10000.00  0  8 
 687624573327437056 140.1497482  25.0602159  0.146  -4.294 -13.099 18.866 0.603  7.9  1000.00 10000.00  0  8 
 694079668655514112 140.1728007  26.8110801  0.110  -4.111 -12.770 18.004 0.595  7.2  1000.00 10000.00  0  8 
 639462532352310400 140.1801733  24.0071967  0.326  -4.816 -14.373 17.262 0.661  6.8  1000.00 10000.00  0  8 
 693626296203185408 140.2138093  25.0603845  0.288  -3.878 -13.196 18.751 0.673  7.9  1000.00 10000.00  0  8 
 687554861714182656 140.4443222  24.7182564  0.256  -4.190 -13.019 17.297 0.819  8.0  1000.00 10000.00  0  8 
 693578634950170880 140.4478091  24.9768268 -0.337  -4.658 -12.656 17.948 0.627  7.9  1000.00 10000.00  0  8 
 693634130223576960 140.4864772  25.1849649  0.035  -4.619 -11.869 18.372 0.623 10.3  1000.00 10000.00  0  8 
 693887464575240832 140.4864736  26.0619871  0.241  -3.338 -13.414 17.831 0.636  6.8  1000.00 10000.00  0  8 
 693572965593309568 140.4875617  24.8915245  0.321  -4.239 -12.983 19.385 0.752  8.0  1000.00 10000.00  0  8 
 639508948063622784 140.6278780  24.4755614  0.371  -3.820 -12.945 19.163 0.745  7.9  1000.00 10000.00  0  8 
 695273330262784896 140.6761234  27.8111864  0.192  -3.359 -11.808 17.388 0.666  6.8   238.14    17.60  4  8 
 693979239436838016 140.7057441  26.0912108  0.149  -4.757 -12.930 17.905 0.579  7.8  1000.00 10000.00  0  8 
 693690136597043840 140.7174260  25.7853141  0.087  -4.528 -13.114 17.764 0.638  8.0    61.54     4.52  7  8 
 693670414107262976 140.7894561  25.5424906  0.379  -3.988 -13.225 19.169 0.735  7.8  1000.00 10000.00  0  8 
 645518466304168960 140.8228416  24.7313218  0.069  -4.311 -12.814 17.844 0.603  7.9  1000.00 10000.00  0  8 
 694018817558449664 140.9636905  26.5014597  0.255  -3.860 -13.536 18.798 0.725  7.9  1000.00 10000.00  0  8 
 693988271750973824 140.9665231  26.2798321  0.231  -4.289 -13.293 18.512 0.606  7.9  1000.00 10000.00  0  8 
 695285008276950016 140.9842729  27.8011320  0.182  -4.530 -13.160 18.571 0.674  6.2  1000.00 10000.00  0  8 
 693718792618722432 141.0514599  25.6397815  0.157  -4.420 -12.782 12.117 1.354  8.2    75.76     0.13 13  8 
 694041357547022208 141.0908950  26.7986660  0.326  -3.641 -12.273 17.408 0.718  7.6    14.10    18.47  4  8 
 694523463332263552 141.1120278  27.5518556  0.364  -3.504 -13.006 16.725 0.714  7.2   154.90    12.01  4  8 
 693823207568129408 141.1180522  26.2632074  0.271  -4.353 -12.950 18.512 0.616  8.0  1000.00 10000.00  0  8 
 694022631489594112 141.1634236  26.5973915 -0.017  -4.687 -12.940 18.000 0.655  8.1  1000.00 10000.00  0  8 
 697294576231948288 141.1675804  29.9674622  0.269  -4.318 -13.344 17.797 0.626  6.2  1000.00 10000.00  0  8 
 693819226133920512 141.2129488  26.2182081  0.001  -4.548 -13.167 16.307 0.851  8.0  1000.00 10000.00  0  8 
 693805963274941824 141.2696865  26.1194227  0.295  -4.361 -12.616 17.837 0.608  7.9  1000.00 10000.00  0  8 
 695390733192168960 141.3426226  28.1628105  0.223  -3.369 -11.171 17.237 0.691  7.0    90.66    24.01  4  8 
 693725076155160960 141.3642794  25.7819875 -0.364  -4.726 -12.890 19.122 0.712  7.8  1000.00 10000.00  0  8 
 694459382420269312 141.4754295  27.3552848  0.223  -4.063 -13.489 18.849 0.680  7.3  1000.00 10000.00  0  8 
 693710919942910976 141.5224456  25.6777019  0.009  -4.635 -13.063 19.285 0.672  7.8  1000.00 10000.00  0  8 
 694411691103568256 141.5685047  26.9678435  0.149  -4.454 -13.096 17.772 0.635  8.1    52.78     4.57  7  8 
 695424375672830080 141.6301496  28.4664377 -0.145  -5.349 -13.773 17.715 0.635  6.2  1000.00 10000.00  0  8 
 697029078533610240 141.6538543  29.3508255  0.184  -5.001 -12.982 12.901 1.101  6.3    19.96     2.29  3  8 
 694221127698059904 141.6613743  26.8416795  0.257  -4.420 -13.173 16.555 0.894  8.1    63.07     0.38 13  8 
 694440995663781632 141.6950231  27.1770560  0.158  -4.385 -12.918 18.882 0.611  7.9  1000.00 10000.00  0  8 
 694463604371516544 141.8083211  27.4840901  0.236  -4.590 -14.244 17.155 0.813  7.9    51.02     7.55  4  8 
 694248718567770112 141.8766658  27.0491322 -0.289  -5.187 -12.662 19.476 0.703  7.9  1000.00 10000.00  0  8 
 694564351421312896 141.8988662  27.6861643  0.497  -4.307 -13.232 18.539 0.632  7.9    45.87     8.67  6  8 
 694619425785164544 141.9112329  27.8761045  0.116  -4.545 -12.961 17.649 0.684  7.9  1000.00 10000.00  0  8 
 697385354660737024 141.9284332  30.4736309  0.273  -2.919 -12.967 16.983 0.820  7.4  1000.00 10000.00  0  8 
 694255727954421376 141.9556600  27.1836899  0.052  -4.526 -13.202 17.751 0.584  7.9  1000.00 10000.00  0  8 
 694665502194478336 141.9886713  28.2755948 -0.043  -4.399 -13.351 18.532 0.651  8.0  1000.00 10000.00  0  8 
 694250367835202304 141.9916733  27.0083089  0.478  -4.463 -12.970 18.376 0.685  8.0    38.01     6.99  7  8 
 694539814271564544 142.0142845  27.3242877  0.200  -4.508 -13.215 19.364 0.816  7.9  1000.00 10000.00  0  8 
 694256312069972992 142.0169892  27.1760298  0.005  -4.590 -13.058 17.405 0.755  7.9  1000.00 10000.00  0  8 
 694572975715620608 142.0200327  27.8574725 -0.236  -4.770 -12.847 18.527 0.578  7.9  1000.00 10000.00  0  8 
 694256243350495232 142.0337282  27.1696927  0.437  -4.341 -12.875 18.288 0.633  8.1  1000.00 10000.00  0  8 
 694539539393657216 142.0362013  27.2984326  0.327  -4.241 -12.997 18.771 0.726  8.2  1000.00 10000.00  0  8 
 694353756288124288 142.1501979  27.3378582 -0.049  -4.567 -12.881 16.395 0.879  7.8    60.37     1.28  8  8 
 696941216385751168 142.1803637  28.8517524 -0.123  -4.801 -13.253 18.711 0.627  7.8  1000.00 10000.00  0  8 
 697363536226906240 142.1944673  30.2302581  0.575  -5.208 -12.120 17.572 0.686  6.6  1000.00 10000.00  0  8 
 694550470087056128 142.2127182  27.6007099 -0.050  -4.728 -12.559 18.211 0.573  7.5  1000.00 10000.00  0  8 
 694657809909560320 142.2865687  28.3213014  0.393  -4.867 -12.624 16.212 0.843  8.2  1000.00 10000.00  0  8 
 696164170902578560 142.3143558  28.4980247 -0.008  -4.983 -12.920 19.197 0.784  6.7  1000.00 10000.00  0  8 
 694336129742268032 142.3500688  27.1725384  0.214  -4.564 -12.786 18.240 0.608  7.9  1000.00 10000.00  0  8 
 696967501586213376 142.3608877  28.9982362 -0.050  -4.777 -13.125 18.520 0.672 10.8  1000.00 10000.00  0  8 
 696186234151400192 142.3945662  28.7527601  0.150  -4.188 -13.372 18.487 0.601  7.9  1000.00 10000.00  0  8 
 696217634656060928 142.5267182  29.0044177 -0.046  -4.919 -12.991 18.748 0.593  8.0  1000.00 10000.00  0  8 
 694388390904554880 142.5923520  27.6879170 -0.237  -4.965 -12.881 18.886 0.616  7.2  1000.00 10000.00  0  8 
 697104562582070272 142.7043302  29.8527035  0.155  -4.851 -12.931 18.517 0.550 10.8  1000.00 10000.00  0  8 
 696228217455527424 142.7395580  29.2827092  0.287  -4.564 -13.375 18.932 0.686  8.0    56.20     6.50  6  8 
 646097432190794368 142.7488755  26.1554344  0.243  -4.633 -13.177 17.276 0.670  5.6    29.21     3.39  7  8 
 697076117015663104 142.7878311  29.4611112  0.102  -4.390 -13.086 17.057 0.856  7.9    43.74     0.47 13  8 
 696207498533223680 142.7937897  28.9505693 -0.019  -4.936 -13.108 18.759 0.677  6.5    33.30     7.52  7  8 
 697086386280395648 142.8216860  29.6170362  0.285  -4.338 -13.350 19.190 0.662  7.8    37.02     7.27  6  8 
 696203444084074368 142.8409123  28.8917305  0.313  -4.580 -12.659 18.668 0.589  7.5  1000.00 10000.00  0  8 
 696148124905093888 142.8771521  28.6987853 -0.333  -5.064 -12.919 18.828 0.587  7.9  1000.00 10000.00  0  8 
 696209079081217024 142.9141218  29.0440236  0.195  -4.655 -12.875 17.844 0.637  8.0  1000.00 10000.00  0  8 
 696323741824302208 142.9311442  29.3918493  0.178  -4.587 -13.141 17.414 0.802  8.1  1000.00 10000.00  0  8 
 697140331069881728 142.9351034  30.1939132  0.287  -4.565 -13.486 17.551 0.738  8.1   179.85     2.92  6  8 
 696304358635241600 142.9787887  29.1363211  0.177  -4.628 -13.008 17.961 0.608  7.9    46.89     3.92  6  8 
 694319602708156288 143.0795257  27.2929644  0.164  -4.241 -13.829 17.763 0.773  8.9   175.34     3.82  7  8 
 695934888368859648 143.1327826  28.2829226  0.996  -4.402 -13.539 19.245 0.665  8.0  1000.00 10000.00  0  8 
 696138061798355840 143.1762425  28.6842197  0.084  -4.775 -13.086 14.517 1.013  8.1    48.84     0.78  8  8 
 697121811170787328 143.2192380  29.9832200  0.239  -4.457 -13.069 18.600 0.610  8.1  1000.00 10000.00  0  8 
 696307730186749696 143.2658158  29.1820775 -0.046  -4.721 -13.331 19.071 0.672  7.9  1000.00 10000.00  0  8 
 697117584923424512 143.2838054  29.8943793  0.393  -4.574 -13.276 18.719 0.640  7.9  1000.00 10000.00  0  8 
 696355107969096320 143.3046080  29.6553277  0.041  -4.709 -12.994 17.879 0.613  8.0    53.41     3.27  6  8 
 696354012753818112 143.3395300  29.6203947  0.289  -4.629 -13.258 17.700 0.637  7.9    41.66     4.70  6  8 
 696233306993092992 143.3848438  28.7678125  0.316  -3.748 -11.592 17.469 0.873 10.8  1000.00 10000.00  0  8 
 696255228506118144 143.4240833  29.0364505 -0.066  -4.864 -13.110 17.563 0.711  7.9    47.28     4.09  7  8 
 696336931667419648 143.5529498  29.4775328  0.298  -4.685 -12.986 17.587 0.743  7.9    44.09     4.60  6  8 
 696752860596835584 143.6617464  30.1472679  0.271  -4.861 -12.007 17.080 0.742  7.9    62.67    19.00  4  8 
 696295459463202048 143.6640172  29.4643451 -0.222  -4.840 -12.809 17.993 0.621  8.0  1000.00 10000.00  0  8 
 696722997687453824 143.7831286  29.7929057 -0.029  -4.482 -13.442 19.485 0.694  8.0  1000.00 10000.00  0  8 
 696735229754363008 143.8395625  29.9640760  0.233  -4.155 -13.409 18.723 0.573  7.9  1000.00 10000.00  0  8 
 696774846533062528 143.9288215  30.2412594  0.159  -4.973 -13.555 19.430 0.910  7.9  1000.00 10000.00  0  8 
 647805351705840512 143.9669504  27.7213003  0.082  -4.602 -12.085 16.752 0.859  6.6   101.95    12.43  4  8 
 697969534636110336 143.9674416  32.2091588  0.296  -5.862 -13.418 16.990 0.664  6.2   226.36     2.74  7  8 
 697542683606405120 144.0053640  30.7086169  0.234  -4.916 -13.372 18.998 0.600  7.9  1000.00 10000.00  0  8 
 695967186522539392 144.0524620  28.2879468  0.024  -4.314 -12.956 17.881 0.664  9.1   288.04     4.14  7  8 
 696787834514242688 144.0686600  30.5326455  0.185  -4.898 -12.993 19.023 0.614  7.6  1000.00 10000.00  0  8 
 696776087779983744 144.0876390  30.3103268  0.242  -4.851 -13.027 17.797 0.622  7.9  1000.00 10000.00  0  8 
 697643563798301952 144.1209550  30.9477325 -0.036  -5.045 -13.134 17.763 0.608  7.9    35.00     2.80  6  8 
 696677058717229440 144.1389361  29.6892945 -0.319  -5.198 -13.069 19.119 0.712  8.1  1000.00 10000.00  0  8 
 697636691850593408 144.1759601  30.7906696  0.468  -5.453 -12.924 18.388 0.730  7.9  1000.00 10000.00  0  8 
 696771273120315776 144.2220859  30.3848955  0.184  -4.468 -12.884 18.674 0.558  7.9  1000.00 10000.00  0  8 
 696766467053271680 144.2757541  30.2804923 -0.015  -5.049 -13.201 18.137 0.604  7.7    40.62     3.90  6  8 
 696887202877466112 144.2929584  30.7829744  0.424  -3.986 -13.389 19.227 0.737  8.0  1000.00 10000.00  0  8 
 696881189922868864 144.2974738  30.6321193  0.210  -5.510 -12.306 19.161 0.681  6.5  1000.00 10000.00  0  8 
 696883599401266048 144.3846472  30.7555841  0.155  -4.791 -12.769 17.874 0.606  8.1  1000.00 10000.00  0  8 
 697672842592876800 144.4660334  31.1614359  0.339  -4.809 -12.971 19.108 0.654  7.2    32.36     6.20  6  8 
 696862154628375296 144.4872554  30.4104013  0.047  -5.004 -12.782 18.033 0.578  8.0    39.81     3.57  6  8 
 697687784781717504 144.6090722  31.4883465  0.046  -5.029 -12.793 18.182 0.595  7.9  1000.00 10000.00  0  8 
 697681668748257280 144.6503898  31.3420881  0.156  -4.806 -13.281 18.983 0.647  8.0    23.60     6.02  6  8 
 793785375926678400 144.6685083  31.8537703  0.423  -5.085 -12.927 19.470 0.801  8.1  1000.00 10000.00  0  8 
 696877616510168832 144.7074933  30.7490117  0.088  -4.906 -13.042 19.223 0.691  8.0    63.95     7.32  6  8 
 793885362765596544 144.8067473  32.4145463  0.002  -5.284 -12.757 18.502 0.574  7.7  1000.00 10000.00  0  8 
 794208447385364224 144.8432294  33.1980517  0.396  -3.702 -12.667 19.028 0.713  6.3  1000.00 10000.00  0  8 
 696905344819185152 144.8723613  31.0102136  0.399  -4.725 -13.068 19.263 0.647  7.2  1000.00 10000.00  0  8 
 793774174652393856 144.9029174  31.7599965  0.255  -4.521 -12.655 19.251 0.835  7.1  1000.00 10000.00  0  8 
 696808656515764608 145.0078979  30.4679540  0.072  -4.654 -12.926 18.969 0.644  6.8  1000.00 10000.00  0  8 
 793991774875389056 145.0355357  32.7950747 -0.262  -4.843 -12.453 19.257 0.668  7.1  1000.00 10000.00  0  8 
 793800429789459328 145.0613096  31.9141177  0.025  -4.490 -13.096 19.261 0.716  7.9  1000.00 10000.00  0  8 
 793007299651756800 145.0997867  31.4563756  0.070  -5.347 -12.922 17.884 0.618  8.0    -6.17     4.70  7  8 
 793018230344508672 145.1042457  31.6252361  0.451  -4.754 -12.427 17.890 0.740  7.9  1000.00 10000.00  0  8 
 696858959172331264 145.1216642  30.8911866 -0.211  -4.671 -12.593 19.483 0.735  7.8  1000.00 10000.00  0  8 
 792993521396615296 145.1608674  31.3310348 -0.118  -4.970 -13.229 19.246 0.726  7.9  1000.00 10000.00  0  8 
 793802010337416192 145.2579746  32.0187446  0.184  -4.970 -13.052 17.839 0.592  8.1    -5.76     4.10  7  8 
 793796886439492992 145.2722943  31.8532657 -0.073  -4.786 -13.022 18.750 0.646  8.0  1000.00 10000.00  0  8 
 793808847925348224 145.3210106  32.1107038  0.250  -5.101 -12.817 18.516 0.554  7.9  1000.00 10000.00  0  8 
 793986414756229888 145.3627566  32.8720276  0.161  -5.470 -12.886 18.441 0.575  8.0  1000.00 10000.00  0  8 
 792939301729333248 145.3739281  31.0724238  0.142  -4.687 -12.668 17.734 0.646  7.8    15.60     3.80  7  8 
 793810939572405504 145.3937945  32.1962159  0.244  -5.025 -13.024 18.307 0.605  7.9  1000.00 10000.00  0  8 
 801391389347743104 145.4370317  40.0358633  0.068  -0.418  -0.503 17.121 1.154 31.7   137.32     2.64  6 10 
 793053135542217472 145.4771551  31.9522328 -0.091  -4.846 -12.665 18.447 0.642  7.9  1000.00 10000.00  0  8 
 794032701620951168 145.6019564  33.2273183  0.457  -4.841 -12.804 18.398 0.614  7.7  1000.00 10000.00  0  8 
 794633717867043072 145.6310997  34.0473134  0.067  -5.736 -13.798 18.854 0.630  6.4    48.28    14.25  7  8 
 793910484031755264 145.6765393  32.3633952  0.102  -5.082 -12.914 15.585 0.938  7.9    17.18     1.05  8  8 
 793035955672988416 145.7176582  31.7451311  0.315  -4.801 -12.768 18.911 0.588  7.8  1000.00 10000.00  0  8 
 793128280291056640 145.8962110  31.8957639  0.416  -5.012 -12.929 19.010 0.678  7.3  1000.00 10000.00  0  8 
 797890814905792128 145.9421729  35.7089932 -0.092  -6.138 -12.746 18.626 0.623  6.5  1000.00 10000.00  0  8 
 794347947923184640 145.9987555  33.2298314 -0.014  -5.227 -12.960 18.739 0.658  8.0  1000.00 10000.00  0  8 
 793938177981261952 146.0262456  32.5975286  0.457  -4.909 -12.792 18.414 0.668  7.8  1000.00 10000.00  0  8 
 793952776572225024 146.0502720  32.9489611  0.341  -5.127 -12.717 18.808 0.605  7.9  1000.00 10000.00  0  8 
 794649905601053056 146.0775463  34.1909768  0.340  -4.484 -13.721 17.981 0.703  7.2   144.68     3.36  7  8 
 793950989865796736 146.0936983  32.8496497  0.372  -5.075 -12.721 17.836 0.607  7.8  1000.00 10000.00  0  8 
 793947867427047552 146.1087872  32.8085803  0.085  -5.073 -12.890 16.997 0.892  8.0   -25.64    29.13  4  8 
 801110567205931136 146.1297924  39.3125719  0.192  -0.951  -0.135 18.082 1.000 29.2  1000.00 10000.00  0 10 
 794404160454840704 146.1552810  33.4744564  0.142  -4.904 -12.894 19.104 0.689  7.3  1000.00 10000.00  0  8 
 794355270845201792 146.1662837  33.3998541  0.292  -4.418 -13.388 17.939 0.716  8.3  1000.00 10000.00  0  8 
 793175731088745600 146.3233565  32.4307310  0.160  -5.300 -11.789 16.874 0.641  7.2   -57.27     2.57  7  8 
 794325480952114304 146.3458743  32.9724481  0.081  -5.183 -12.819 17.165 0.808  8.0  1000.00 10000.00  0  8 
 794761329935615232 146.4077848  34.6897157  0.136  -5.407 -12.526 19.413 0.714  7.8  1000.00 10000.00  0  8 
 794332829638229888 146.4216641  33.0744841  0.095  -5.204 -12.928 17.907 0.572  8.0  1000.00 10000.00  0  8 
 794382651258688000 146.4350206  33.6055344  0.167  -5.292 -12.903 17.924 0.587  8.0    -2.77     3.43  7  8 
 799820595251815552 146.4795605  37.4378775  0.004  -0.388  -0.494 17.394 1.099 30.3   142.94     3.60  6 10 
 794553281719855872 146.5099754  34.1573825  0.318  -5.009 -13.062 18.823 0.610  7.8  1000.00 10000.00  0  8 
 801089642125317248 146.5448105  39.0557104  0.017  -0.521  -0.474 16.356 1.226 27.8   141.05     0.36  1 10 
 793581760117623168 146.6134405  33.0438854  0.155  -5.169 -12.850 16.653 0.887  8.0  1000.00 10000.00  0  8 
 794384992018899200 146.6362797  33.6159424 -0.319  -5.536 -12.790 19.281 0.674  7.9  1000.00 10000.00  0  8 
 794387770859746816 146.6450542  33.7282437 -0.141  -5.251 -12.977 18.616 0.632  8.0  1000.00 10000.00  0  8 
 793609179188932608 146.7023222  33.2523605  0.616  -5.186 -12.989 19.175 0.703  7.2  1000.00 10000.00  0  8 
 793606572144731136 146.7291682  33.1826759  0.207  -4.780 -13.554 17.273 0.598  7.6    97.43     2.76  7  8 
 796373802394359808 146.7542115  35.6315845 -0.045  -4.450 -13.912 17.789 0.755  8.0   -29.32    11.57  4  8 
 794368529406166272 146.7719710  33.4943956 -0.215  -5.474 -12.921 18.349 0.608  7.9  1000.00 10000.00  0  8 
5411596430039195648 146.8697217 -45.6285169  0.168   8.317  -3.074 18.201 0.665  5.3  1000.00 10000.00  0  9 
 794570805186464512 146.9370567  34.3883173  0.137  -5.309 -12.968 18.174 0.601  8.0  1000.00 10000.00  0  8 
 794496592449378048 146.9436297  34.1157745  0.014  -0.425  -0.362 17.866 1.063 31.8  1000.00 10000.00  0 10 
 794603343858832000 146.9633375  34.8888336  0.223  -4.033 -13.074 17.687 0.729  7.5  1000.00 10000.00  0  8 
 794522430972601600 147.0269521  34.2992209  0.125  -5.267 -12.737 17.573 0.756  7.9  1000.00 10000.00  0  8 
 793538673005626496 147.1152912  32.8991122  0.074  -5.902 -12.702 18.267 0.621  7.5  1000.00 10000.00  0  8 
 799585750736939136 147.1727656  37.1321042 -0.109  -0.637  -0.480 16.754 1.157 26.6    26.14     0.04  1 10 
 793716935624289536 147.2409606  33.6103645  0.137  -5.263 -12.654 16.301 0.890  7.9     5.44     1.76  8  8 
 794525106736931072 147.2983100  34.2861766  0.059  -5.360 -12.787 15.075 0.972  7.9     1.89     0.76  8  8 
5411558123224391808 147.3036144 -45.6607774  0.020  -1.860  -4.058 18.861 0.727  5.6  1000.00 10000.00  0  9 
 793747584510872448 147.3700257  33.8754642 -0.129  -5.031 -12.620 19.236 0.664  7.8  1000.00 10000.00  0  8 
 796356961825873792 147.3810624  35.8523840 -0.371  -4.525 -13.599 19.069 0.764  7.3  1000.00 10000.00  0  8 
 796532505729010048 147.3997135  36.5509851  0.057  -0.394  -0.419 17.817 1.026 27.1   151.61     3.84  6 10 
 744727714011548032 147.4028885  30.7572679  0.009  -0.476  -0.587 16.905 1.331 45.6  1000.00 10000.00  0 10 
 796085592910082688 147.4075756  34.8071125 -0.199  -5.549 -12.596 18.256 0.621  8.0  1000.00 10000.00  0  8 
 794513944117263232 147.4967336  34.2865645 -0.025  -5.587 -12.772 18.275 0.559  8.0  1000.00 10000.00  0  8 
 796336831315963392 147.5100585  35.5355733  0.245  -5.238 -12.764 18.606 0.628  8.1  1000.00 10000.00  0  8 
 796137098157830784 147.5757786  35.3101353 -0.108  -0.557  -0.481 17.080 1.129 27.4  1000.00 10000.00  0 10 
 796121803776484352 147.6085944  35.1122068  0.013  -0.707  -0.394 17.362 1.096 26.6  1000.00 10000.00  0 10 
 800379185815536384 147.6381422  38.8660932  0.007  -0.424  -0.414 16.252 1.310 31.5   138.76     0.22  1 10 
 800481607898599680 147.6419465  39.6034836 -0.144  -0.604  -0.264 18.849 0.984 34.0  1000.00 10000.00  0 10 
 793431887233396736 147.8258366  32.8273968  0.013  -0.704  -0.451 16.555 1.206 27.1  1000.00 10000.00  0 10 
 795261818181643904 147.8496924  34.2966586  0.146  -5.357 -12.679 17.968 0.562  7.9   -11.34     4.21  7  8 
 796944311490365056 147.9003275  37.0725127  0.143  -5.791 -14.051 16.579 0.657  5.5  1000.00 10000.00  0  8 
 796224165735202944 148.0395960  35.4647775  0.460  -5.052 -12.769 18.588 0.633  7.9  1000.00 10000.00  0  8 
 796223203662529664 148.0487136  35.4089819  0.195  -5.434 -12.870 18.282 0.615  7.9  1000.00 10000.00  0  8 
5411734178232937216 148.1043390 -45.6590511  0.104  10.075  -2.643 19.187 0.712  4.3  1000.00 10000.00  0  9 
 796283127046157312 148.1379802  36.1469986  0.103  -5.423 -12.755 15.280 0.956  7.8   -12.86     0.96  8  8 
 795298544444860416 148.1527284  34.7179041  0.148  -4.898 -11.911 18.335 0.600  8.1  1000.00 10000.00  0  8 
 796057276187475840 148.1821407  34.9162491  0.187  -5.285 -12.561 18.300 0.598  7.9  1000.00 10000.00  0  8 
 793243870745149568 148.2332253  32.0785510 -0.128  -0.663  -0.525 16.697 1.153 26.4   166.91    10.57  4 10 
 796059131613386112 148.2637465  34.9745745  0.189  -5.266 -12.797 19.494 0.790  7.9  1000.00 10000.00  0  8 
 796279205737294592 148.2919198  36.1131223  0.702  -4.694 -12.960 19.062 0.682  8.0  1000.00 10000.00  0  8 
 745071959934622080 148.3188668  30.9239530 -0.119  -0.706  -0.320 17.072 1.179 31.6  1000.00 10000.00  0 10 
 796856281841101056 148.3868684  36.4978607  0.086  -5.358 -12.516 17.818 0.611  7.9  1000.00 10000.00  0  8 
5411283378462736640 148.3938216 -46.3519748  0.318   7.233  -2.967 19.413 0.800  5.8  1000.00 10000.00  0  9 
 796152560040569472 148.4074933  35.0238301  0.590  -5.065 -12.623 19.272 0.670  6.8  1000.00 10000.00  0  8 
 795226148475949824 148.4451904  34.3126020  0.445  -4.837 -10.649 18.466 0.743 12.0  1000.00 10000.00  0  8 
 796212861381258880 148.4935909  35.7902325  0.219  -5.490 -12.332 17.027 0.651  8.0   175.79    15.72  4  8 
5412063585038036096 148.5283325 -44.7960474 -0.077   8.998  -2.944 18.968 0.724  4.7  1000.00 10000.00  0  9 
 793353027338838144 148.5405750  32.4947567  0.061  -0.772  -0.389 18.588 0.989 26.0  1000.00 10000.00  0 10 
 796193035812275712 148.5521785  35.5177701 -0.044  -5.525 -12.513 17.530 0.727  7.9   -33.97     4.67  7  8 
 745120819482727296 148.5608597  31.4124469  0.204  -0.553  -0.536 17.958 1.028 27.2  1000.00 10000.00  0 10 
 796208321597131008 148.5638961  35.6745988 -0.561  -5.627 -12.470 19.469 0.722  8.0  1000.00 10000.00  0  8 
 744874155217059584 148.5825675  30.6823799  0.140  -0.689  -0.434 17.659 1.040 26.0  1000.00 10000.00  0 10 
 745281004583321728 148.6042540  31.9086183  0.236  -0.425  -0.518 17.046 1.100 25.4  1000.00 10000.00  0 10 
 745281485619675392 148.6112145  31.9397869 -0.227  -0.745  -0.021 18.488 0.977 27.1  1000.00 10000.00  0 10 
5411881139131021056 148.7001257 -44.7770655 -0.114   8.220  -3.793 18.984 0.897  4.3  1000.00 10000.00  0  9 
5411743871976104704 148.7124208 -45.7175783  0.147   8.318  -2.615 17.916 0.697  4.5  1000.00 10000.00  0  9 
 796221966711915136 148.7386987  36.0015204  0.219  -6.206 -12.843 17.467 0.844  8.1  1000.00 10000.00  0  8 
 797074393162659584 148.7398814  37.8455396  0.516  -5.164 -12.539 19.169 0.650  7.2  1000.00 10000.00  0  8 
5411656254644553728 148.7488269 -46.2723749  0.374   5.914  -2.504 18.294 0.732  5.1  1000.00 10000.00  0  9 
 796597411274628736 148.7780926  36.0340541 -0.135  -5.543 -12.253 18.691 0.628  7.9  1000.00 10000.00  0  8 
 796893149840353408 148.7932346  36.9263804  0.229  -5.444 -12.470 17.715 0.729  7.7   -32.61     5.76  7  8 
 796593528624181504 148.8793732  35.9956449  0.217  -4.916 -12.622 19.261 0.657  8.1  1000.00 10000.00  0  8 
 744868726377455488 148.9245421  30.7408587 -0.381  -0.685  -0.471 18.107 1.011 25.4  1000.00 10000.00  0 10 
 796698360185676800 148.9245873  36.7200304 -0.401  -5.766 -12.437 19.178 0.626  7.9  1000.00 10000.00  0  8 
 796701456860710272 148.9480445  36.8332466  0.063  -5.570 -12.528 18.104 0.650  8.0  1000.00 10000.00  0  8 
5411690889253784832 148.9842503 -45.9305065  0.246   8.638  -3.087 18.932 0.833  4.5  1000.00 10000.00  0  9 
5411902609663942272 149.0003447 -44.7106776  0.699  10.628  -4.189 19.497 1.082  4.2  1000.00 10000.00  0  9 
 796582086831295872 149.0350820  35.9587470  0.498  -4.780 -12.813 19.003 0.740  7.9  1000.00 10000.00  0  8 
 795335691619162624 149.0649929  34.7166294  0.209  -5.580 -14.307 16.892 0.633  6.0  1000.00 10000.00  0  8 
5411802691547024640 149.0680512 -45.3255286  0.282   6.460  -2.659 17.855 0.765  6.8  1000.00 10000.00  0  9 
 795441377877169920 149.0816965  35.4726137  0.092  -5.300 -12.553 19.201 0.654  7.9  1000.00 10000.00  0  8 
 743124003287857536 149.0841622  27.7914009 -0.007  -0.760  -0.361 16.622 1.145 25.0   182.04    12.20  4 10 
 622997654963823872 149.0868466  16.9383892  0.441 -27.682  -8.440 17.467 0.803  2.5   -43.31    12.45  4 11 
 797026392608100352 149.0913613  37.7268287  0.631  -5.185 -12.752 19.489 0.669  8.2  1000.00 10000.00  0  8 
5411677484658859904 149.1057919 -46.0728070  0.205   5.159  -2.707 18.675 0.730  5.4  1000.00 10000.00  0  9 
 803142013720791936 149.1168226  38.6973807  0.289  -5.834 -12.511 19.017 0.611  6.8  1000.00 10000.00  0  8 
 796633007963721600 149.1439761  36.4398477  0.196  -5.241 -12.699 18.952 0.689  7.9  1000.00 10000.00  0  8 
 797130713071408896 149.1828308  38.4461996  0.402  -5.714 -12.339 15.849 0.872  6.5    38.08     5.40  4  8 
 743097103907452160 149.1926873  27.4532835  0.007  -0.835  -0.388 17.983 1.064 33.3  1000.00 10000.00  0 10 
 796586489176303616 149.2923570  36.0640930  0.300  -5.514 -12.543 17.788 0.586  7.9   -54.09     3.60  7  8 
 744849141327510528 149.3003118  30.8320113 -0.214  -0.865  -0.378 17.466 1.007 20.9  1000.00 10000.00  0 10 
 796642186312057728 149.3037204  36.6618745  0.142  -5.576 -12.445 17.889 0.587  7.9   -25.76     5.29  7  8 
 795832151181663616 149.3099735  35.8573338  0.136  -5.166 -11.759 18.158 0.606  8.5  1000.00 10000.00  0  8 
 795347438352269824 149.3185542  34.7225703  0.505  -0.605  -0.540 17.669 0.979 20.7    10.25     5.84  4 10 
 796618027117773312 149.4186678  36.3925148 -0.119  -5.625 -12.321 18.784 0.622  7.9  1000.00 10000.00  0  8 
5408678635415016576 149.5060542 -46.0086150  0.234   9.740  -2.557 17.020 0.754  4.8  1000.00 10000.00  0  9 
 643922559536376960 149.5385258  26.5664808 -0.260  -0.745  -0.298 17.854 1.000 27.7  1000.00 10000.00  0 10 
 615672051369437824 149.5844570  14.5486896  0.430 -27.437  -8.289 18.751 1.092  2.5  1000.00 10000.00  0 11 
 806611419583214080 149.5952410  40.9096044  0.214  -5.836 -13.472 19.219 0.752  5.2  1000.00 10000.00  0  8 
5411828465645835648 149.6302291 -44.9974339  0.260   9.648  -2.939 18.500 0.744  4.4  1000.00 10000.00  0  9 
5408662039661069056 149.6495152 -46.1312906  0.210   7.569  -1.392 19.395 0.947  5.0  1000.00 10000.00  0  9 
 643498427220795520 149.6885015  25.2580854  0.117  -0.769  -0.357 17.649 1.060 29.3  1000.00 10000.00  0 10 
5411829084126920192 149.6983784 -44.9315566 -0.032   7.533  -2.913 19.217 1.092  4.8  1000.00 10000.00  0  9 
5408560163039830016 149.7122693 -47.0657043  0.269   8.222  -2.766 17.867 0.658  4.6  1000.00 10000.00  0  9 
 796715952372216960 149.7934784  36.5351848  0.051  -5.486 -12.369 18.080 0.612  8.1  1000.00 10000.00  0  8 
 626142120780399744 149.7977982  17.6722024  0.392 -27.984  -8.451 16.729 0.691  2.5  1000.00 10000.00  0 11 
 744957168344435328 149.8041422  31.2936371  0.025  -0.752  -0.316 16.056 1.262 27.3  1000.00 10000.00  0 10 
 795868847382327040 149.8167813  36.2930591  0.132  -5.406 -12.183 19.032 0.609  7.9  1000.00 10000.00  0  8 
 796821161891225216 149.8279538  37.2447089  0.114  -5.375 -12.691 19.118 0.697  7.9  1000.00 10000.00  0  8 
5408810576812472192 149.8785480 -45.4135616  0.719   3.989  -1.615 19.482 1.001  5.4  1000.00 10000.00  0  9 
 803106313952631040 149.8818599  38.7091730 -0.011  -5.872 -12.423 19.116 0.671  6.8  1000.00 10000.00  0  8 
 743996603203402880 149.8989671  30.0231410  0.261  -0.476  -0.394 18.639 0.999 30.5  1000.00 10000.00  0 10 
 746567742425788288 149.9138008  32.2027816 -0.075  -0.508  -0.409 17.016 1.073 25.0  1000.00 10000.00  0 10 
 744937445854611200 149.9276872  31.0388301 -0.010  -0.721  -0.321 17.612 1.065 27.7  1000.00 10000.00  0 10 
 796849783552779904 149.9352492  37.7318300  0.070  -5.789 -12.325 19.384 0.688  7.8  1000.00 10000.00  0  8 
 745046572383616640 149.9499745  31.8941478 -0.017  -0.621  -0.354 16.715 1.163 25.7  1000.00 10000.00  0 10 
 795847617361270784 149.9954713  36.0484108  0.248  -6.286 -13.555 17.261 0.598  7.4  1000.00 10000.00  0  8 
5408583188364874880 150.0518678 -46.7294531  0.013   5.311  -1.826 17.988 0.752  5.2  1000.00 10000.00  0  9 
 795974198637978496 150.0821065  36.6474489  0.318  -5.672 -12.535 19.190 0.709  8.0  1000.00 10000.00  0  8 
 743735125594254464 150.1101349  29.2337558 -0.113  -0.760  -0.459 17.489 1.057 26.0   182.53    15.73  4 10 
 806804078933462784 150.1363870  41.0398471  0.170  -5.820 -12.911 16.872 0.854  5.8  1000.00 10000.00  0  8 
5408804873096197504 150.2258234 -45.2719953  0.192   6.755  -2.984 16.841 0.731  4.8   186.83     1.02 13  9 
 739842751352612992 150.3263459  26.9248052  0.440  -0.746   0.478 18.214 0.972 21.4  1000.00 10000.00  0 10 
 803207061003585152 150.3285722  38.9513752  0.184  -5.837 -12.513 17.606 0.704  7.8  1000.00 10000.00  0  8 
 802849960243599872 150.3687598  37.9739016  0.126  -5.717 -12.447 15.851 0.920  7.9   -26.62     1.11  8  8 
 739842854431746688 150.3719267  26.9439730  0.004  -0.741  -0.299 14.968 1.452 24.6  1000.00 10000.00  0 10 
 802903213538972416 150.3997600  38.4500547  0.222  -5.728 -12.203 18.110 0.560  7.8  1000.00 10000.00  0  8 
5408586310798701696 150.4049407 -46.6836730  0.256   5.119  -2.066 17.618 0.657  5.2  1000.00 10000.00  0  9 
 744162290157211136 150.4219535  30.7334642  0.100  -0.869  -0.416 17.807 1.050 27.2  1000.00 10000.00  0 10 
 746503146116873216 150.4618392  31.9163323 -0.031  -0.646  -0.330 15.801 1.266 23.9  1000.00 10000.00  0 10 
 803196130308427648 150.5323646  38.9531376  0.145  -5.228 -12.470 19.179 0.714  8.1  1000.00 10000.00  0  8 
5408399668699724416 150.5704731 -46.6488734  0.265   6.224  -2.144 17.493 0.648  5.5  1000.00 10000.00  0  9 
 802795392680214784 150.5917122  37.6870636  0.129  -5.827 -12.461 18.984 0.659  7.9  1000.00 10000.00  0  8 
5408722242225130880 150.6441752 -46.0244918 -0.194   9.245  -2.721 18.907 0.842  4.4  1000.00 10000.00  0  9 
 642870911024182016 150.6587400  25.7411720  0.053  -0.961  -0.266 17.113 1.085 26.1  1000.00 10000.00  0 10 
 739945869222755584 150.6725813  27.2064814 -0.031  -0.811  -0.213 17.342 1.059 24.5  1000.00 10000.00  0 10 
5408496013407656448 150.6764662 -46.4756832  0.524   4.807  -2.564 18.810 0.847  4.7  1000.00 10000.00  0  9 
 802809858130139904 150.7392015  37.8338922 -0.193  -5.911 -12.489 18.109 0.563  7.9  1000.00 10000.00  0  8 
5414759037794203520 150.7518985 -45.2890413  0.202   6.694  -3.556 18.217 0.917 11.8  1000.00 10000.00  0  9 
 802027628624607872 150.8246287  37.5154196  0.114  -5.357 -12.478 19.472 0.689  7.9  1000.00 10000.00  0  8 
5414742098442528896 150.8520280 -45.5109735  0.262  10.546  -2.892 18.983 1.095  4.4  1000.00 10000.00  0  9 
 642368434210270080 150.8726032  23.8930359  0.114  -0.877  -0.329 16.632 1.126 22.6   201.06     0.47 13 10 
 743706400852720256 150.8763269  29.2880070 -0.006  -0.310  -0.863 16.684 1.299 38.8  1000.00 10000.00  0 10 
 802830680131709952 150.8785312  38.0545281  0.575  -5.811 -12.425 19.161 0.659  7.4  1000.00 10000.00  0  8 
 803234823672150272 150.9603707  39.3985063  0.173  -4.496 -12.182 17.696 0.643  8.2   124.50    28.25  4  8 
 739982251890752000 150.9925563  27.5964198  0.108  -0.804  -0.310 16.584 1.152 25.5  1000.00 10000.00  0 10 
5414737219359535104 151.0526610 -45.5877710  0.276  11.719  -3.829 18.798 0.937  4.1  1000.00 10000.00  0  9 
5408485258808901248 151.0576332 -46.5742893  0.195   3.948  -3.702 19.183 0.780  5.2  1000.00 10000.00  0  9 
 738998051544247808 151.0959637  26.2699482  0.004  -0.715  -0.437 16.504 1.156 25.5  -407.63     0.32  1 10 
 738984105785614720 151.1926286  26.1391495 -0.031  -0.835  -0.287 15.016 1.448 25.2   196.53     0.04  1 10 
 802031442555638656 151.1946126  37.3582603  0.188  -6.534 -11.414 17.315 0.665  7.7  1000.00 10000.00  0  8 
 802157439717465472 151.2493103  37.9990443  0.169  -5.880 -12.337 17.039 0.854  7.9   -33.60     4.92  6  8 
 803041996821531648 151.2504145  39.2438735  0.114  -5.746 -12.097 17.905 0.613  7.7  1000.00 10000.00  0  8 
 642602428323497472 151.2646642  25.1336794 -0.040  -0.884  -0.387 17.508 1.068 25.3  1000.00 10000.00  0 10 
5408483025425897728 151.2765671 -46.5743703  0.024   9.141  -3.139 17.359 0.669  4.5  1000.00 10000.00  0  9 
 802968295182808960 151.3108229  38.8018781  0.098  -5.988 -12.123 17.769 0.625  8.1  1000.00 10000.00  0  8 
 801989764192992000 151.3775131  37.3737893  0.301  -5.531 -12.201 17.032 0.826  7.8  1000.00 10000.00  0  8 
 630031260911452416 151.4342964  22.6122465 -0.030  -0.918  -0.240 14.952 1.391 21.8  1000.00 10000.00  0 10 
5407543527101904512 151.4587086 -47.7919346  0.174   8.124  -1.457 18.292 0.696  4.6  1000.00 10000.00  0  9 
5414525086638907264 151.4885231 -46.0230017  0.226   6.006  -2.434 19.023 0.776  5.2  1000.00 10000.00  0  9 
5414539826968010752 151.4892207 -45.6821929  0.322   9.140  -2.357 18.323 0.718  4.3  1000.00 10000.00  0  9 
 628602170673450624 151.4981285  20.9458554  0.318  -1.003  -0.421 17.654 0.953 20.1  1000.00 10000.00  0 10 
 803407064742685568 151.5178262  39.3467042  0.153  -5.862 -12.685 18.868 0.681  7.8  1000.00 10000.00  0  8 
 802942658518600576 151.5273553  38.3330185 -0.124  -5.697 -12.629 19.011 0.707  8.0  1000.00 10000.00  0  8 
5414564183718662016 151.5355521 -45.5629892  0.168   8.892  -2.621 18.660 0.745  4.5  1000.00 10000.00  0  9 
 738914454301088896 151.5545835  25.8554835 -0.009  -1.030  -0.280 16.519 1.156 24.4   196.12     2.26  6 10 
5414475952204068480 151.6069072 -46.1814153  0.536   9.234  -1.764 19.464 0.937  4.2  1000.00 10000.00  0  9 
 802956200554936320 151.6240462  38.6579572 -0.098  -5.747 -12.535 19.023 0.589  8.1  1000.00 10000.00  0  8 
 803402975933503232 151.6333692  39.2390048 -0.392  -6.142 -12.370 18.920 0.601  7.9  1000.00 10000.00  0  8 
 802081710853786624 151.6397210  37.4229785  0.519  -5.519 -11.430 17.615 0.684  6.6  1000.00 10000.00  0  8 
 803774477723382272 151.6744425  40.5988597  0.180  -6.254 -11.869 19.125 0.584  6.3  1000.00 10000.00  0  8 
5414472172640321536 151.7224491 -46.2377576  0.149   7.110  -3.078 16.948 0.685  4.5  1000.00 10000.00  0  9 
 803412223002569472 151.7678202  39.4504096  0.214  -6.052 -10.877 17.990 0.647  7.7   147.50     4.41  7  8 
5414574835239543168 151.7778410 -45.3098049  0.824   8.865  -2.631 19.498 0.870  4.7  1000.00 10000.00  0  9 
5414568478687775616 151.7813668 -45.4719467  0.205   9.132  -2.817 19.441 0.855  4.6  1000.00 10000.00  0  9 
5414470244195339648 151.7964660 -46.3692799  0.589   8.883  -2.088 18.957 0.717  4.6  1000.00 10000.00  0  9 
5414568203809849600 151.8198361 -45.4955424  0.099   8.992  -2.686 17.811 0.717  4.4  1000.00 10000.00  0  9 
 803361336230087936 151.8334636  39.2699885  0.047  -5.690 -12.213 17.725 0.619  7.9   -24.39     7.36  6  8 
 802199873993866112 151.8346636  38.4643328  0.215  -5.854 -11.661 18.884 0.636  7.6  1000.00 10000.00  0  8 
 738625458836788736 151.8710000  25.2632791  0.270  -0.936  -0.279 17.967 1.005 24.6  1000.00 10000.00  0 10 
5407661690241876864 151.8746639 -47.0141379  0.222   6.688  -1.473 19.395 0.798  4.6  1000.00 10000.00  0  9 
 803871234746489728 152.0233371  41.3991139 -0.008  -5.880 -12.311 17.324 0.630  5.9  1000.00 10000.00  0  8 
5414470175475053440 152.0381915 -46.0116565  0.209   8.995  -2.209 17.781 0.733  4.5  1000.00 10000.00  0  9 
 629958143387988096 152.0503678  22.4519950  0.015  -0.863  -0.256 18.020 1.025 26.5  1000.00 10000.00  0 10 
 621507438751096320 152.0743384  14.7585160  0.343 -27.244  -8.148 15.889 0.621  2.6   -50.78     1.41  8 11 
 803339345997611264 152.0926088  38.9750547  0.401  -5.908 -11.973 18.968 0.596  7.9  1000.00 10000.00  0  8 
5414456637738980096 152.0980564 -46.3300029  0.395   8.338  -3.574 17.999 0.767  4.3  1000.00 10000.00  0  9 
5407680210138297472 152.1242409 -47.0961749  0.522   8.619  -1.696 18.878 0.794  4.6  1000.00 10000.00  0  9 
 803366485891336320 152.2138436  39.1858210  0.110  -5.597 -12.607 18.802 0.582  7.2  1000.00 10000.00  0  8 
3881997428756926976 152.2252074  13.5755052  0.356 -27.175  -7.989 18.267 0.809  2.6  1000.00 10000.00  0 11 
5414489799181004160 152.2403641 -46.0332025  0.256   8.759  -2.345 19.329 0.772  4.5  1000.00 10000.00  0  9 
5413703854532103040 152.2644246 -46.4378323  0.589   8.700  -2.097 18.861 0.894  4.5  1000.00 10000.00  0  9 
 629200481092312064 152.2679216  22.2291742  0.036  -0.870  -0.242 15.965 1.263 24.6   199.11     1.54  6 10 
5413703403553024896 152.2752002 -46.5001512  0.326   9.428  -1.508 19.275 0.868  4.4  1000.00 10000.00  0  9 
5414501064881763584 152.2917629 -45.8546820  0.468   8.847  -2.210 18.472 0.731  4.5  1000.00 10000.00  0  9 
 803369097231507840 152.3057089  39.3262329  0.136  -6.470 -11.120 18.269 0.619  7.9  1000.00 10000.00  0  8 
5413739446921556864 152.3908799 -46.0698088  0.127   6.112  -2.249 17.710 0.806  5.4  1000.00 10000.00  0  9 
 803374496010310016 152.4305495  39.3665554  0.171  -5.897 -12.151 19.443 0.728  7.8 16856.83     3.60  7  8 
5413735804786642688 152.4462060 -46.2622917  0.515   8.895  -2.161 18.161 0.825  4.2  1000.00 10000.00  0  9 
5413736771158381056 152.4469492 -46.1567117  0.159   8.798  -2.385 18.757 0.708  4.5  1000.00 10000.00  0  9 
5413707531024130304 152.4618386 -46.4227008  0.162   8.773  -2.118 13.631 1.149  4.4   492.42     0.08 13  9 
5413686464201633024 152.4781703 -46.6598264  0.310   8.929  -1.407 19.320 0.825  4.5  1000.00 10000.00  0  9 
 726488289279740288 152.5171669  24.0419792 -0.062  -0.844  -0.046 18.271 1.050 35.4  1000.00 10000.00  0 10 
 802595698180709504 152.5389790  38.8485825  0.192  -6.086 -12.175 17.818 0.621  8.2   -32.68     7.02  6  8 
 803505264874749824 152.5649861  40.1830061  0.144  -5.926 -12.071 18.348 0.674  7.9  1000.00 10000.00  0  8 
5407610391148098048 152.5697744 -47.4981519  0.248   9.864  -2.323 18.861 0.743  4.8  1000.00 10000.00  0  9 
 803478571657356416 152.5831485  39.7545300  0.020  -6.075 -12.296 16.931 0.848  8.0   -29.39     4.41  6  8 
 805314545618157440 152.5890208  41.4226455  0.151  -6.464 -12.882 19.165 0.584  6.5  1000.00 10000.00  0  8 
5413731922137962496 152.6004775 -46.3127280  0.046   8.472  -2.365 18.515 0.783  4.5  1000.00 10000.00  0  9 
5413746769842342912 152.6059841 -45.9663632  0.146   9.486  -2.220 19.189 0.729  4.5  1000.00 10000.00  0  9 
5413694268165352704 152.6152790 -46.5443074  0.172   8.770  -1.959 15.542 0.960  4.5  1000.00 10000.00  0  9 
5413719724430756608 152.6301752 -46.3504992  0.012   4.900  -0.320 18.576 0.707  5.8  1000.00 10000.00  0  9 
5413734224240710272 152.6409071 -46.1876506  0.141   8.702  -2.180 18.176 0.762  4.5  1000.00 10000.00  0  9 
5413742268720312192 152.6413277 -46.0009838  0.196   8.811  -2.229 15.430 0.986  4.4  1000.00 10000.00  0  9 
5413721824672679552 152.6429573 -46.2819163  0.175   8.809  -2.098 17.697 0.723  4.5  1000.00 10000.00  0  9 
5413744364664262144 152.6469580 -45.9321063  0.126   8.758  -2.520 18.010 0.660  4.4  1000.00 10000.00  0  9 
 621667791354813952 152.6547085  15.5728086  0.598 -27.116  -7.769 17.708 0.787  2.6  1000.00 10000.00  0 11 
 625392769246309504 152.7210745  20.2034345  0.007  -0.894  -0.139 15.823 1.258 24.6   204.94     1.44  6 10 
 803479460711024512 152.7216593  39.6999476 -0.060  -5.802 -12.409 19.255 0.655  8.2  1000.00 10000.00  0  8 
5413743295212382208 152.7250031 -45.9627822  0.147   8.956  -2.434 18.007 0.745  4.5  1000.00 10000.00  0  9 
 803530970258288384 152.7398114  40.3174571  0.046  -5.884 -12.349 19.024 0.750  7.9  1000.00 10000.00  0  8 
5413837204676171136 152.7621721 -45.9448993  0.208   8.510  -2.277 17.009 0.742  4.5  1000.00 10000.00  0  9 
5413720622081853824 152.7666785 -46.3067045  0.193   8.763  -2.086 17.074 0.696  4.5  1000.00 10000.00  0  9 
 803480079186319616 152.7919914  39.7483257  0.099  -5.867 -12.213 18.094 0.628  7.9  1000.00 10000.00  0  8 
 803526194254628480 152.8483205  40.2322251  0.145  -5.893 -12.030 18.612 0.590  7.8  1000.00 10000.00  0  8 
5413880699805360128 152.8785536 -45.2386181  0.169   7.987  -3.841 17.781 0.732  4.3  1000.00 10000.00  0  9 
5413628945998897664 152.9222790 -46.9483022  0.321  10.520  -3.128 17.848 0.744  3.9  1000.00 10000.00  0  9 
5413726321500958208 152.9370092 -46.1599940  0.163   8.696  -2.091 18.302 0.742  4.5  1000.00 10000.00  0  9 
5413716563334726144 152.9372243 -46.3977895  0.347   8.659  -2.069 18.521 0.772  4.6  1000.00 10000.00  0  9 
 805361927697166976 152.9684800  41.8942146  0.226  -6.001 -11.971 17.524 0.723  7.8   -61.26    25.62  4  8 
 625374592944708864 152.9794320  20.0316443  0.084  -1.011  -0.159 17.649 1.055 24.3   217.90     4.92  6 10 
5413820540199263104 152.9847144 -46.0906844 -0.017   8.503  -2.294 19.234 1.071  4.5  1000.00 10000.00  0  9 
5413666024459461888 152.9928857 -46.5941566  0.325  11.292  -2.497 16.899 0.785  3.5  1000.00 10000.00  0  9 
5413634654017870336 152.9941698 -46.9411681  0.269   8.795  -1.921 15.934 0.955  4.4  1000.00 10000.00  0  9 
5413725187629450624 152.9963518 -46.2240905  0.407   9.028  -2.248 18.661 0.785  4.4  1000.00 10000.00  0  9 
5413635577428628736 152.9975986 -46.8560413 -0.069   8.781  -2.027 18.336 0.841  4.4  1000.00 10000.00  0  9 
 802723447688916864 153.0001712  39.5602263  0.363  -6.053 -12.217 19.142 0.629  8.0  1000.00 10000.00  0  8 
5413638635447377280 153.0279858 -46.7201018  0.885   9.573  -2.059 19.461 1.082  4.6  1000.00 10000.00  0  9 
5413668665859364736 153.0325674 -46.4287775  0.219   8.591  -1.990 18.001 0.759  4.6  1000.00 10000.00  0  9 
5413823696997199104 153.0592019 -45.9006602  0.145   8.499  -2.299 18.888 0.820  4.4  1000.00 10000.00  0  9 
5413822666204280448 153.0655317 -45.9971664  0.186   8.418  -1.761 18.564 0.837  4.5  1000.00 10000.00  0  9 
 805345022705779456 153.0711316  41.6951214  0.102  -5.968 -12.075 19.383 0.773  6.3  1000.00 10000.00  0  8 
3880967529959265408 153.0740168  13.0385929  0.391 -26.710  -8.045 17.095 0.711  2.5   -41.80     3.20  6 11 
5413821910289976704 153.0902186 -46.0155395  0.178   8.466  -1.830 19.120 0.809  4.9  1000.00 10000.00  0  9 
 802756536116904192 153.1237881  39.9329998  0.069  -6.105 -12.147 18.602 0.577  8.0  1000.00 10000.00  0  8 
5413665298604832256 153.1257145 -46.5014701  0.618   8.748  -2.240 18.917 0.846  4.6  1000.00 10000.00  0  9 
5413625681827785728 153.1293611 -46.7959734 -0.529   9.621  -1.641 19.406 0.969  4.5  1000.00 10000.00  0  9 
5413676465520148736 153.1341671 -46.3565081  0.235   8.648  -1.837 18.492 0.777  4.5  1000.00 10000.00  0  9 
5413822082088665344 153.1498654 -46.0206688  0.257   8.454  -1.905 18.258 0.688  4.6  1000.00 10000.00  0  9 
5413670972255656832 153.1506529 -46.4960213  0.171   8.453  -1.978 17.801 0.736  4.5  1000.00 10000.00  0  9 
5413828236784604416 153.1791878 -45.9417599  0.158   8.852  -1.673 19.385 0.996  4.6  1000.00 10000.00  0  9 
5413775284125076352 153.1858933 -45.9962976  0.317   8.750  -2.350 18.983 0.815  4.5  1000.00 10000.00  0  9 
 805446521373423616 153.2061799  42.0230310  0.115  -6.184 -12.148 19.204 0.672  6.4   -53.30     9.33  6  8 
 802759044377814784 153.2284604  39.9238223  0.532  -5.728 -12.611 18.968 0.604  7.8  1000.00 10000.00  0  8 
5413768137298790528 153.2354400 -46.2437604  0.114   8.604  -2.162 17.401 0.670  4.6  1000.00 10000.00  0  9 
5413651967026061440 153.2470138 -46.6196141  0.492   8.787  -2.112 17.898 0.748  4.5  1000.00 10000.00  0  9 
5413652104465059200 153.2567892 -46.6002039  0.158   8.460  -2.598 18.917 0.835  4.4  1000.00 10000.00  0  9 
5413621283779285760 153.2642979 -46.9007839 -0.032   8.937  -2.158 18.714 0.776  4.4  1000.00 10000.00  0  9 
5413783530463157888 153.2771019 -45.8653669  0.259   8.611  -2.114 18.421 0.721  4.6  1000.00 10000.00  0  9 
5413783324304670592 153.2812309 -45.8915244  0.282   8.469  -2.304 17.355 0.718  4.5  1000.00 10000.00  0  9 
 805513969539318656 153.2833283  42.4135511  0.128  -5.990 -12.159 18.457 0.629  6.2   -51.90     7.46  6  8 
5413672204912420736 153.2872207 -46.4291082  0.376   8.484  -1.982 18.440 0.726  4.5  1000.00 10000.00  0  9 
5413783122446663168 153.2891998 -45.9035334 -0.033   8.022  -2.309 17.186 0.692  4.5  1000.00 10000.00  0  9 
5413770130163736832 153.2909057 -46.1920060  0.207   8.498  -2.286 17.925 0.683  4.5  1000.00 10000.00  0  9 
 802764885533322112 153.3002482  40.1037462 -0.128  -6.233 -11.894 18.642 0.601  7.9  1000.00 10000.00  0  8 
5413660247723374464 153.3022115 -46.4695428  0.190   8.525  -2.127 19.181 0.881  4.6  1000.00 10000.00  0  9 
5413651073672847360 153.3067380 -46.6278909  0.058   8.414  -1.591 18.454 0.751  4.5  1000.00 10000.00  0  9 
 805044963409784704 153.3140091  40.6569969  0.099  -5.640 -11.365 17.742 0.690  8.2   -75.61     3.82  7  8 
5413660801779409152 153.3202971 -46.4245582  0.189   8.630  -2.038 15.288 0.917  4.5  1000.00 10000.00  0  9 
5413769958365053312 153.3252713 -46.1896737  0.194   8.484  -2.138 17.424 0.665  4.5  1000.00 10000.00  0  9 
 805048158865412224 153.3363122  40.7828747 -0.115  -6.060  -9.927 18.393 0.740 10.1  1000.00 10000.00  0  8 
5413660934918314752 153.3376603 -46.3980063  0.378   8.883  -1.825 18.662 0.736  4.4  1000.00 10000.00  0  9 
5413770851718496000 153.3411514 -46.1038302  0.370   8.558  -2.197 18.772 0.832  4.5  1000.00 10000.00  0  9 
5413770027084557824 153.3443546 -46.1787062  0.044   8.775  -2.116 18.244 0.755  4.5  1000.00 10000.00  0  9 
5413807754079241344 153.3455192 -45.7455039  0.046   8.749  -2.762 18.772 0.824  4.5  1000.00 10000.00  0  9 
5413856819786055424 153.3535365 -45.6505154  0.182   8.947  -2.491 19.114 1.009  3.9  1000.00 10000.00  0  9 
5413857781859109376 153.3591407 -45.5485747  0.194   8.466  -2.830 18.660 0.820  4.5  1000.00 10000.00  0  9 
5413769030652008960 153.3594676 -46.2372396  0.438   8.865  -2.161 18.403 0.691  4.5  1000.00 10000.00  0  9 
5413767145161649664 153.3721831 -46.2999317  0.025   8.830  -2.633 18.684 0.739  4.5  1000.00 10000.00  0  9 
5413768824493554944 153.3860872 -46.2461919  0.038   8.786  -2.056 18.636 0.850  4.5  1000.00 10000.00  0  9 
5413754874439572736 153.3956212 -46.3656402  0.494   8.439  -2.168 18.493 0.761  4.6  1000.00 10000.00  0  9 
5413809510726308608 153.4004794 -45.7018902 -0.311   8.585  -2.360 18.608 0.655  4.4  1000.00 10000.00  0  9 
5413768893213044864 153.4174765 -46.2406835 -0.031   8.635  -1.761 18.411 0.890  4.5  1000.00 10000.00  0  9 
5413778964918433536 153.4227603 -45.9907026  0.155   8.553  -2.208 15.988 0.940  4.5  1000.00 10000.00  0  9 
5413810502858930816 153.4254938 -45.6026940  0.249   8.427  -2.332 16.924 0.663  4.5  1000.00 10000.00  0  9 
5413757043405410816 153.4274763 -46.2726385  0.179   8.634  -2.171 17.267 0.659  4.5  1000.00 10000.00  0  9 
 805248373061210880 153.4313846  41.7013788  0.256  -6.511 -11.365 16.833 0.727  5.8     2.65    21.91  4  8 
5413418664400157824 153.4407958 -47.3301346 -0.006   9.080  -1.432 19.261 1.030  4.4  1000.00 10000.00  0  9 
5413755046239521920 153.4455701 -46.3566465 -0.247   8.681  -2.849 19.216 0.866  4.4  1000.00 10000.00  0  9 
5413755149317522304 153.4503389 -46.3357024  0.267   8.520  -2.095 15.973 0.913  4.5  1000.00 10000.00  0  9 
5413776211837736064 153.4549222 -46.0854220 -0.271   8.281  -2.288 18.888 0.741  4.7  1000.00 10000.00  0  9 
5413809987462584064 153.4562639 -45.6685240  0.248   8.917  -2.629 19.412 0.809  4.5  1000.00 10000.00  0  9 
5413775490283062400 153.4784989 -46.1425613  0.429   8.148  -2.082 19.168 0.914  4.4  1000.00 10000.00  0  9 
5407394341421568000 153.4823087 -47.7895183  0.386   9.419  -0.443 16.413 0.733  3.9  1000.00 10000.00  0  9 
5413802913656589568 153.4827023 -45.9087019  0.125   8.733  -2.429 19.028 0.867  4.5  1000.00 10000.00  0  9 
5413763533093972224 153.4928782 -46.1927409 -0.327   8.904  -2.251 19.300 0.962  4.5  1000.00 10000.00  0  9 
 628871997698600704 153.5182666  21.4072892  0.005  -0.960  -0.227 17.676 1.026 24.0   193.41     3.99  6 10 
5413765805131695616 153.5402861 -46.0790648  0.716   8.154  -2.232 19.438 0.884  4.5  1000.00 10000.00  0  9 
5413765972635807232 153.5569199 -46.0534114  0.090   8.318  -2.436 18.266 0.686  5.0  1000.00 10000.00  0  9 
5413762678395797760 153.5604467 -46.1945012  0.267   9.225  -1.521 18.807 0.741  5.0  1000.00 10000.00  0  9 
5413817512245844736 153.5637313 -45.5205418  0.113   8.606  -2.331 17.963 0.667  4.6  1000.00 10000.00  0  9 
5413817580965351552 153.5837907 -45.5118220 -0.038   8.294  -2.420 18.376 0.757  4.5  1000.00 10000.00  0  9 
 805081522171301376 153.5948201  41.1238734  0.411  -5.191 -12.930 17.813 0.696  7.9  1000.00 10000.00  0  8 
5413766080009630208 153.5965053 -46.0588557  0.236   8.340  -2.263 17.748 0.710  4.5  1000.00 10000.00  0  9 
5413804837801978752 153.5971678 -45.7775872  0.031   8.284  -2.174 17.415 0.654  4.6  1000.00 10000.00  0  9 
5413804867861131008 153.6053626 -45.7653660  0.325   8.233  -2.191 19.197 0.827  4.6  1000.00 10000.00  0  9 
5413766006995510144 153.6072901 -46.0646373  0.193   8.532  -2.275 18.150 0.751  4.5  1000.00 10000.00  0  9 
5413764636907645184 153.6109021 -46.1338507 -0.017   8.380  -1.962 18.483 0.733  4.5  1000.00 10000.00  0  9 
5413764838764262656 153.6144760 -46.1133118  0.252   8.818  -2.104 18.725 0.786  4.4  1000.00 10000.00  0  9 
5413764838765051264 153.6173094 -46.1001916  0.355   8.484  -2.573 19.398 0.902  4.5  1000.00 10000.00  0  9 
5413789715215192832 153.6211748 -45.9982635  0.280   8.179  -1.917 18.893 0.786  4.5  1000.00 10000.00  0  9 
5413803944443279360 153.6293326 -45.8764505  0.098   8.505  -2.025 18.299 0.709  4.5  1000.00 10000.00  0  9 
5413789749574944640 153.6327373 -45.9945799  0.294   8.412  -2.531 19.092 0.889  4.5  1000.00 10000.00  0  9 
5413765422880040576 153.6487155 -46.0400120  0.151   8.614  -1.947 17.404 0.654  4.9  1000.00 10000.00  0  9 
5413764980505041664 153.6509901 -46.1041290  0.317   8.518  -1.993 16.380 0.915  4.5  1000.00 10000.00  0  9 
5413764976203233024 153.6520456 -46.1061656  0.926   8.754  -1.713 18.680 0.911  4.9  1000.00 10000.00  0  9 
 805081792750251264 153.6588569  41.1515436  0.365  -5.661 -12.077 17.258 0.719  8.0  1000.00 10000.00  0  8 
5413788924941161472 153.6663853 -46.0144140  0.534   8.195  -2.367 19.432 0.953  4.7  1000.00 10000.00  0  9 
5413790402410112128 153.6685320 -45.9405962  0.324   8.500  -2.279 18.161 0.686  4.6  1000.00 10000.00  0  9 
 805498267138978432 153.6695944  42.5885780  0.432  -5.282 -12.679 19.294 0.811  6.2  1000.00 10000.00  0  8 
5413788821861877760 153.6705111 -46.0370681  0.248   8.616  -1.980 17.207 0.649  4.5  1000.00 10000.00  0  9 
5413765010563008000 153.6736567 -46.0938046  0.230   8.465  -2.065 17.465 0.755  4.5  1000.00 10000.00  0  9 
5413789371617822336 153.6943867 -45.9953350  0.265   8.515  -2.158 17.726 0.696  4.5  1000.00 10000.00  0  9 
5413789616437970048 153.7057642 -45.9545633  0.354   8.468  -2.471 18.863 0.912  4.5  1000.00 10000.00  0  9 
5413792635798166400 153.7203200 -45.8205545  0.502   9.247  -1.607 19.338 0.880  4.9  1000.00 10000.00  0  9 
5413789302898356096 153.7331343 -45.9918285  0.063   8.670  -2.188 17.906 0.692  4.4  1000.00 10000.00  0  9 
5413791643662549632 153.7374904 -45.8858723  0.109   8.567  -2.225 17.690 0.658  4.5  1000.00 10000.00  0  9 
 804273892221905024 153.7471706  40.4372838  0.429  -5.997 -12.179 18.254 0.611  8.1  1000.00 10000.00  0  8 
5413786279241316480 153.7630553 -46.0117261  0.104   8.490  -2.113 18.870 0.819  4.6  1000.00 10000.00  0  9 
5413786279241343872 153.7687584 -46.0039973  0.116   8.264  -2.251 18.898 0.905  4.7  1000.00 10000.00  0  9 
5413797656611239168 153.7845418 -45.8252099  0.260   8.315  -2.172 17.520 0.680  4.6  1000.00 10000.00  0  9 
 805475834527735168 153.7874835  42.2304069  0.083  -6.159 -11.999 13.236 1.164  9.8   -65.76    12.34  4  8 
5413801053930557440 153.7873990 -45.6822745  0.054   8.468  -2.350 18.970 0.758  4.6  1000.00 10000.00  0  9 
5413791536281596928 153.7947792 -45.8706460 -0.029   7.973  -2.004 18.531 0.745  4.6  1000.00 10000.00  0  9 
5413794285060670080 153.8867219 -45.8689069 -0.289   8.398  -2.407 18.814 0.803  4.5  1000.00 10000.00  0  9 
5413794216341174912 153.8962179 -45.8811678  0.307   8.493  -2.409 18.498 0.803  4.5  1000.00 10000.00  0  9 
 804284376243828480 153.8966223  40.3811395  0.086  -6.437 -12.005 19.246 0.615  8.8  1000.00 10000.00  0  8 
5414177361782623232 153.8987743 -45.5474289  0.051   8.263  -2.458 18.394 0.747  4.5  1000.00 10000.00  0  9 
5413794220643059328 153.9012571 -45.8827680  0.143   8.603  -2.272 16.600 0.745  4.6  1000.00 10000.00  0  9 
5413796758962937344 153.9078941 -45.7534458 -0.100   8.349  -2.342 18.367 0.773  4.5  1000.00 10000.00  0  9 
 805065441813784832 153.9160520  40.9960084 -0.011  -6.141 -12.035 17.377 0.697  8.0  1000.00 10000.00  0  8 
 805160343411676288 153.9283589  41.0869743  0.119  -6.181 -12.105 18.213 0.598  8.2  1000.00 10000.00  0  8 
5413796415365452032 153.9599493 -45.7749993 -0.384   8.723  -2.290 18.853 0.768  4.5  1000.00 10000.00  0  9 
3887002066384290048 153.9697900  13.5115386  0.410 -26.717  -7.725 15.326 0.742  2.6   -57.02     1.10  8 11 
5413795625090505600 153.9712357 -45.8123849  0.090   7.980  -2.321 18.894 0.762  4.6  1000.00 10000.00  0  9 
5414173105476410752 153.9933111 -45.6500382  0.090   8.317  -2.344 16.873 0.661  4.5  1000.00 10000.00  0  9 
 805186555592506624 154.0349917  41.5405144  0.337  -5.400 -12.225 19.246 0.762  7.8  1000.00 10000.00  0  8 
5413332322681005056 154.0367381 -47.9693341  0.289   8.280  -1.760 16.702 0.650  4.4  1000.00 10000.00  0  9 
5414171417547739008 154.0684337 -45.7151845  0.349   9.064  -1.660 19.143 0.809  4.6  1000.00 10000.00  0  9 
5414184955285038592 154.0821902 -45.4138930  0.277   8.209  -2.596 18.464 0.724  4.5  1000.00 10000.00  0  9 
5414181106994158464 154.1007957 -45.5122591  0.030   8.473  -2.816 19.044 0.897  4.4  1000.00 10000.00  0  9 
 805292521025901952 154.1141310  42.3170250  0.057  -5.935 -12.172 18.731 0.600  6.5  1000.00 10000.00  0  8 
5413985634445060864 154.1597638 -45.6999985  0.214   8.072  -2.252 18.116 0.718  4.5  1000.00 10000.00  0  9 
5413985462646377216 154.1773513 -45.6919795  0.281   8.720  -2.050 19.036 0.855  4.5  1000.00 10000.00  0  9 
 805171540386751488 154.1850031  41.3935741  0.036  -5.445 -12.002 17.855 0.711  7.7  1000.00 10000.00  0  8 
5413986218560704896 154.1932687 -45.6399280  0.426   8.253  -2.241 19.125 0.951  4.6  1000.00 10000.00  0  9 
 805488886930945792 154.2220293  42.6741365  0.074  -6.092 -12.081 17.913 0.594  6.4   -67.04     4.81  6  8 
 804389959418082688 154.2590126  40.7965297 -0.005  -6.223 -11.946 18.533 0.630  8.2  1000.00 10000.00  0  8 
5413993816355175808 154.3855282 -45.4840095 -0.026   9.135  -1.525 19.217 0.893  4.5  1000.00 10000.00  0  9 
5414017863880235776 154.4229408 -45.4097549  0.739   7.884  -3.046 19.421 0.769  4.5  1000.00 10000.00  0  9 
5413378467810609024 154.4792151 -47.2850720  0.229   8.866  -2.165 17.029 0.670  4.7  1000.00 10000.00  0  9 
5413378119913550208 154.5634995 -47.2423555  0.131   8.129  -1.639 16.831 0.721  4.5  1000.00 10000.00  0  9 
5413472746631683968 154.5909421 -47.1570479  0.163   8.685  -1.483 18.216 0.696  4.4  1000.00 10000.00  0  9 
5413374271622700288 154.6119216 -47.3540736  0.196   8.221  -1.643 17.621 0.644  4.6  1000.00 10000.00  0  9 
 805873441122118144 154.6247512  42.9479232  0.203  -6.226 -11.823 17.785 0.651  6.8   -80.36     4.04  7  8 
 804447958656945920 154.6724179  41.5142292  0.273  -6.145 -11.788 19.206 0.655  8.1  1000.00 10000.00  0  8 
5413478141110825216 154.8060491 -47.0145911 -0.043   8.177  -1.811 18.075 0.712  4.6  1000.00 10000.00  0  9 
 805903505893328128 154.8539261  43.2413108  0.080  -6.276 -11.869 17.997 0.555  8.2   -76.88     5.16  6  8 
 804436551223805568 154.8907276  41.5066619 -0.022  -6.287 -11.883 17.952 0.626  8.0   -66.39     5.75  6  8 
5413479103183544320 154.9097167 -46.9888212  0.176   8.508  -1.676 18.349 0.763  4.6  1000.00 10000.00  0  9 
5413479240622548864 154.9156390 -46.9611576  0.084   8.247  -1.781 17.293 0.673  4.5  1000.00 10000.00  0  9 
5413502880122628224 154.9484974 -46.9146610  0.474   8.725  -1.561 18.236 0.687  4.6  1000.00 10000.00  0  9 
5413502678268428928 154.9505820 -46.9541018  0.266   8.337  -1.655 17.240 0.655  4.6  1000.00 10000.00  0  9 
 804433085192311552 154.9657154  41.4504522  0.044  -6.189 -11.839 18.621 0.641  8.1   -76.97     8.15  6  8 
5365440306294359296 154.9983302 -47.0415713  0.317   8.204  -1.684 16.973 0.691  4.7  1000.00 10000.00  0  9 
5365433606150228992 155.0217236 -47.2348521  0.090   8.053  -1.788 18.557 0.776  4.6  1000.00 10000.00  0  9 
5365464877808824704 155.0223908 -46.9061603  0.212   8.083  -1.733 16.864 0.700  4.7  1000.00 10000.00  0  9 
 804813992949512832 155.0225139  41.6333304 -0.371  -6.271 -11.844 19.340 0.683  8.0  1000.00 10000.00  0  8 
5365467003811550976 155.0520186 -46.8166662 -0.042   8.446  -1.380 19.358 0.867  4.5  1000.00 10000.00  0  9 
5365466110458200832 155.0769280 -46.9046455  0.036   8.312  -1.817 18.612 0.776  4.8  1000.00 10000.00  0  9 
5365466247897195136 155.0980831 -46.8818520  0.391   8.270  -1.902 18.175 0.673  4.6  1000.00 10000.00  0  9 
5365466694573872256 155.1055128 -46.8371220 -0.090   7.824  -2.032 19.186 0.847  5.1  1000.00 10000.00  0  9 
5365465285824421248 155.1118028 -46.9330303  0.208   8.456  -1.940 18.937 0.782  5.1  1000.00 10000.00  0  9 
5365466832012852352 155.1180546 -46.8214438  0.158   8.214  -1.848 16.661 0.779  4.5  1000.00 10000.00  0  9 
 804811695149416064 155.1238990  41.7064793  0.316  -6.284 -11.495 19.367 0.640  8.1  1000.00 10000.00  0  8 
5365472707528138240 155.1366170 -46.8031493  0.135   8.053  -1.842 17.641 0.664  4.5  1000.00 10000.00  0  9 
5365466076098587136 155.1488523 -46.8344728 -0.080   8.156  -1.903 17.721 0.669  4.6  1000.00 10000.00  0  9 
 805927493288911232 155.1704219  43.6064575  0.008  -6.310 -11.640 17.776 0.705  8.4   -64.51     4.17  6  8 
5365471921555211136 155.1728722 -46.8186991  0.168   8.369  -1.756 17.399 0.640  4.7  1000.00 10000.00  0  9 
5365474979571948032 155.1737086 -46.6998111  0.046   8.577  -1.940 17.794 0.708  4.6  1000.00 10000.00  0  9 
5365474945212212992 155.1850967 -46.6900487  0.335   8.381  -2.019 17.857 0.645  4.6  1000.00 10000.00  0  9 
5365462227807703680 155.1887767 -46.9341553 -0.273   7.876  -1.937 19.261 1.161  4.1  1000.00 10000.00  0  9 
5365460200582913408 155.1935926 -47.0266979  0.526   8.376  -1.337 19.133 0.882  4.5  1000.00 10000.00  0  9 
5365461952929780992 155.2138615 -46.9424271  0.237   8.143  -1.500 17.700 0.652  4.6  1000.00 10000.00  0  9 
5365471745455431808 155.2181747 -46.8252017  0.169   8.256  -1.862 16.873 0.696  4.5  1000.00 10000.00  0  9 
5365474704694049920 155.2204843 -46.6699917  0.407   8.341  -1.749 18.063 0.797  4.5  1000.00 10000.00  0  9 
5365468824877665152 155.2343620 -46.8283184  0.203   8.153  -1.241 18.261 0.755  4.6  1000.00 10000.00  0  9 
5365468584359402880 155.2379702 -46.8812686 -0.014   8.137  -1.701 18.719 0.781  4.6  1000.00 10000.00  0  9 
5365474666033361152 155.2442595 -46.6667991  0.180   8.059  -1.721 15.686 0.939  4.5  1000.00 10000.00  0  9 
5365474666033358464 155.2467788 -46.6713224  0.229   8.217  -1.738 17.522 0.715  4.6  1000.00 10000.00  0  9 
5365459414606432896 155.2522783 -47.0365414  0.258   7.982  -1.439 18.229 0.717  4.5  1000.00 10000.00  0  9 
5365474666033358976 155.2559316 -46.6705072 -0.042   8.394  -2.174 18.172 0.765  4.4  1000.00 10000.00  0  9 
5365468416861999488 155.2575070 -46.8743491  0.227   8.225  -1.597 18.890 0.736  4.7  1000.00 10000.00  0  9 
5365468756158156928 155.2585866 -46.8461407  0.174   8.367  -1.893 17.832 0.733  4.6  1000.00 10000.00  0  9 
5365850119193200256 155.2630484 -46.6342976  0.120   8.170  -1.866 16.334 0.894  4.5  1000.00 10000.00  0  9 
5365474807769136768 155.2665582 -46.6533528  0.409   8.368  -2.053 19.464 1.044  4.6  1000.00 10000.00  0  9 
5365469374633543552 155.2728799 -46.7817565  0.264   8.641  -2.446 18.723 0.845  4.6  1000.00 10000.00  0  9 
5365474356795685632 155.2909108 -46.7067684  0.176   8.019  -1.742 16.850 0.740  4.6  1000.00 10000.00  0  9 
5365474391155434880 155.2943308 -46.6941310  0.029   7.747  -1.453 19.196 0.852  4.6  1000.00 10000.00  0  9 
5365461609332405760 155.3015408 -46.9400657  0.325   7.806  -0.844 16.970 0.778  4.5  1000.00 10000.00  0  9 
5365468893597118976 155.3081560 -46.8418747  0.163   8.001  -1.900 16.912 0.682  4.5  1000.00 10000.00  0  9 
5365468893597097600 155.3084446 -46.8527785  0.006   8.406  -2.087 18.852 0.832  4.5  1000.00 10000.00  0  9 
5365470577224379776 155.3090869 -46.7884457  0.058   7.921  -1.793 17.661 0.669  4.5  1000.00 10000.00  0  9 
5365852382635680640 155.3110077 -46.5268438  0.263   8.069  -1.844 17.684 0.790  4.6  1000.00 10000.00  0  9 
5414050711787197184 155.3162180 -45.4112707  0.886   6.636  -2.594 19.424 0.880  4.5  1000.00 10000.00  0  9 
 804866666428999936 155.3169130  42.2942978  0.135  -6.683 -11.388 19.335 0.731  8.2  1000.00 10000.00  0  8 
5365468107624362240 155.3236345 -46.8716659  0.158   8.162  -1.532 18.434 0.756  4.7  1000.00 10000.00  0  9 
5365471504937897088 155.3300389 -46.6876501  0.324   7.957  -1.498 19.178 0.949  4.6  1000.00 10000.00  0  9 
5365467209969722624 155.3402217 -46.9511073  0.045   8.087  -1.869 18.836 0.923  4.7  1000.00 10000.00  0  9 
5365468279423064064 155.3404514 -46.8384821  0.038   8.328  -1.930 18.652 0.869  4.7  1000.00 10000.00  0  9 
 804738371467945728 155.3420227  41.1083895  0.273  -6.221 -11.011 16.893 0.740  6.9    -9.06    12.69  4  8 
5365852043340025216 155.3574805 -46.5611024  0.019   8.083  -1.579 18.853 0.720  5.2  1000.00 10000.00  0  9 
5365846953796640000 155.3604238 -46.6594571  0.465   8.378  -1.830 18.392 0.773  4.6  1000.00 10000.00  0  9 
5365847366113562368 155.3756968 -46.6379664  0.366   8.033  -2.079 17.760 0.686  4.6  1000.00 10000.00  0  9 
5365858949646008320 155.3861644 -46.4215188  0.049   7.840  -1.645 18.671 0.756  4.7  1000.00 10000.00  0  9 
5365849015381171968 155.3874148 -46.5786772 -0.100   7.936  -1.737 18.819 0.748  4.6  1000.00 10000.00  0  9 
5365847503552599040 155.3880463 -46.6081415 -0.098   7.979  -1.707 19.347 0.866  4.6  1000.00 10000.00  0  9 
5365449205471581696 155.3927184 -47.0206304  0.412   8.434  -1.512 19.143 0.849  4.7  1000.00 10000.00  0  9 
5365847301694667776 155.4038250 -46.6168428 -0.036   8.297  -1.480 19.113 0.919  4.6  1000.00 10000.00  0  9 
5365849049740914944 155.4082021 -46.5772263  0.013   8.038  -1.641 17.335 0.757  4.7  1000.00 10000.00  0  9 
5414057892972812160 155.4082142 -45.2554765  0.202   7.949  -2.443 17.257 0.643  4.6  1000.00 10000.00  0  9 
5365861217384044032 155.4251869 -46.3194047  0.222   8.029  -2.232 19.493 0.744  5.4  1000.00 10000.00  0  9 
5365846335321329536 155.4260416 -46.6647310  0.676   8.567  -2.211 19.271 0.796  4.6  1000.00 10000.00  0  9 
5365470199267302912 155.4294492 -46.7525569  0.190   8.360  -1.815 18.129 0.691  4.6  1000.00 10000.00  0  9 
5365855857265043200 155.4462458 -46.4328403  0.221   8.192  -1.880 18.655 0.863  4.6  1000.00 10000.00  0  9 
5365457383084676736 155.4545876 -46.8891335  0.226   8.003  -1.825 18.659 0.831  4.5  1000.00 10000.00  0  9 
5365457765339521920 155.4594285 -46.8447023  0.105   8.007  -1.741 16.458 0.858  4.5  1000.00 10000.00  0  9 
5365885917740956800 155.4957359 -46.1730795  0.202   8.217  -2.236 18.478 0.673  4.5  1000.00 10000.00  0  9 
 804753833350095616 155.4994848  41.5245084  0.148  -6.335 -10.572 18.538 0.564  8.4    15.58     4.33  6  8 
5365834412492064512 155.5045864 -46.6822392  0.168   8.023  -1.890 17.223 0.660  4.5  1000.00 10000.00  0  9 
5365458035920424576 155.5054972 -46.8197399  0.441   7.621  -2.093 19.233 0.847  4.5  1000.00 10000.00  0  9 
5365458108936938752 155.5057766 -46.8053808  0.225   8.175  -1.284 18.604 0.629  9.7  1000.00 10000.00  0  9 
 804846226686410368 155.5202280  42.0274453  0.201  -6.243 -11.832 17.245 0.830  8.1   -59.83     4.05  6  8 
5365855307509249920 155.5419626 -46.4350939  0.722   7.506  -2.180 19.492 0.956  4.7  1000.00 10000.00  0  9 
5365882619206010624 155.5550148 -46.2262052  0.286   8.264  -1.916 18.232 0.685  4.5  1000.00 10000.00  0  9 
5365835997336809216 155.5582144 -46.6488851  0.583   7.646  -1.832 19.132 0.816  4.6  1000.00 10000.00  0  9 
5365882000730630016 155.5587618 -46.2976367  0.266   8.313  -1.854 18.450 0.767  4.6  1000.00 10000.00  0  9 
5365882035090392320 155.5660941 -46.2796752  0.321   8.081  -1.741 17.809 0.674  4.6  1000.00 10000.00  0  9 
5365854375500485376 155.5668783 -46.5324521  0.142   8.073  -1.806 16.955 0.754  4.6  1000.00 10000.00  0  9 
 804797848174834944 155.5675478  41.9263313  0.013  -6.485 -11.719 18.112 0.596  8.2  1000.00 10000.00  0  8 
5365836615811815296 155.5735142 -46.5872154  0.022   8.019  -2.036 18.693 0.739  4.6  1000.00 10000.00  0  9 
5365894335874239488 155.5926223 -45.9936710  0.189   7.944  -2.499 19.110 0.762  4.6  1000.00 10000.00  0  9 
5365836336637628160 155.5955382 -46.6064113  0.117   7.935  -2.310 19.104 0.766  5.1  1000.00 10000.00  0  9 
5365881111677875584 155.6101225 -46.2970646  0.228   7.890  -1.779 18.364 0.909 10.5  1000.00 10000.00  0  9 
5365897771848181760 155.6160607 -45.8503591  0.722   7.726  -2.463 19.002 0.817  4.5  1000.00 10000.00  0  9 
5365842800569088256 155.6339748 -46.5305662  0.154   7.966  -1.786 16.246 1.009 11.9  1000.00 10000.00  0  9 
5365829980085500800 155.6505487 -46.7940666  0.474   8.061  -1.557 18.901 0.798  4.7  1000.00 10000.00  0  9 
5365834588587505152 155.6631765 -46.7406112  0.190   8.000  -1.747 18.163 0.682  4.6  1000.00 10000.00  0  9 
5365841529254421120 155.6632535 -46.5994951 -0.328   7.823  -1.877 19.353 0.897  4.7  1000.00 10000.00  0  9 
5365841460539278592 155.6648814 -46.6080194  0.148   8.030  -1.674 15.556 0.947  4.6  1000.00 10000.00  0  9 
5365844342456936832 155.6808320 -46.5098966  0.202   8.019  -1.789 16.810 0.735  4.6  1000.00 10000.00  0  9 
5365883688658286592 155.7031756 -46.1767266  0.402   7.857  -1.826 17.638 0.642  4.6  1000.00 10000.00  0  9 
 804872645023506176 155.7034118  42.4452729  0.257  -6.319 -11.626 18.774 0.631  8.2  1000.00 10000.00  0  8 
5365828055939849472 155.7229280 -46.9078497  0.368   8.056  -1.522 17.900 0.674  4.7  1000.00 10000.00  0  9 
 805823864318413568 155.7273811  43.5872613  0.140  -5.902 -11.988 17.251 0.573  6.8  1000.00 10000.00  0  8 
5365868570370372352 155.7417007 -46.4102019  0.446   8.099  -2.149 19.378 0.813  4.6  1000.00 10000.00  0  9 
5365838054624344448 155.7438401 -46.6748752  0.354   7.209  -1.885 18.655 0.776  4.8  1000.00 10000.00  0  9 
5365838707459585280 155.7642199 -46.6000436  0.100   8.241  -1.685 18.493 0.807  4.7  1000.00 10000.00  0  9 
5365830873438708480 155.7815116 -46.7900331  0.053   8.047  -1.704 17.733 0.715  4.7  1000.00 10000.00  0  9 
5365838505597791104 155.7838554 -46.6180584  0.130   7.910  -1.841 18.838 0.757  4.5  1000.00 10000.00  0  9 
5365867642660531456 155.7876706 -46.4242146  0.311   8.226  -1.609 19.013 0.969  4.6  1000.00 10000.00  0  9 
5365871314849226112 155.8150270 -46.2570255  0.235   7.779  -1.996 17.982 0.682  4.6  1000.00 10000.00  0  9 
5365783216481459840 155.8448495 -46.8392028  0.472   8.022  -1.770 18.882 0.865  4.6  1000.00 10000.00  0  9 
5365391073082942336 155.8567132 -47.3759192  0.184   8.109  -1.261 17.395 0.666  4.5  1000.00 10000.00  0  9 
5365780398982621696 155.8642421 -46.9528799  0.149   7.820  -1.670 18.725 0.830  4.5  1000.00 10000.00  0  9 
 806040021431571968 155.8675774  43.8940287 -0.028  -6.234 -11.584 18.437 0.610  6.5  1000.00 10000.00  0  8 
5365864339824755968 155.8722759 -46.4690973  0.187   8.118  -1.683 18.708 0.856  4.5  1000.00 10000.00  0  9 
5365877259084090112 155.8924600 -46.1517503  0.622   6.649  -1.494 19.008 1.062  4.7  1000.00 10000.00  0  9 
5365780059685544448 155.9101917 -46.9929376  0.305   7.654  -1.657 16.396 0.728  4.7  1000.00 10000.00  0  9 
 804806949203670016 155.9151811  42.1558165 -0.129  -6.292 -11.657 18.611 0.626  8.1  1000.00 10000.00  0  8 
5365399383845390976 155.9169589 -47.2050995  0.129   8.010  -1.393 17.977 0.738  4.7  1000.00 10000.00  0  9 
5365789504313726080 155.9224543 -46.7819810  0.298   7.895  -2.000 18.648 0.787  4.7  1000.00 10000.00  0  9 
5365876365730787328 155.9264948 -46.2400061  0.221   8.128  -1.917 18.031 0.700  4.7  1000.00 10000.00  0  9 
5365792016874464640 155.9437648 -46.6438534  0.136   8.118  -1.717 16.712 0.719  4.5  1000.00 10000.00  0  9 
5365873449457273600 155.9448417 -46.2453328  0.185   7.809  -1.552 19.264 1.103  4.5  1000.00 10000.00  0  9 
 805846576105919360 155.9695225  43.7070408  0.101  -6.348 -11.847 18.130 0.577  7.8  1000.00 10000.00  0  8 
 806045518989701248 155.9754293  44.0316337  0.118  -5.666 -10.950 16.514 0.848  6.5   176.48    10.78  4  8 
5365791531538691456 156.0274684 -46.6366206  0.604   7.368  -1.559 19.479 0.840  4.7  1000.00 10000.00  0  9 
5365865959033473152 156.0360027 -46.3788249  0.060   7.878  -1.698 18.694 0.786  4.6  1000.00 10000.00  0  9 
5365791462819197056 156.0383181 -46.6436356  0.227   7.851  -2.544 16.386 0.775  4.8  1000.00 10000.00  0  9 
5365785965260649216 156.0660821 -46.7891587  0.299   7.891  -1.571 18.233 0.679  4.8  1000.00 10000.00  0  9 
5365819019327251840 156.0673764 -46.3903588  0.578   7.976  -1.975 18.952 0.828  4.7  1000.00 10000.00  0  9 
5365784178553932544 156.0886853 -46.9102150  0.014   7.711  -1.934 18.970 0.893  4.6  1000.00 10000.00  0  9 
5365817163903821184 156.1046680 -46.5290846  0.271   8.159  -1.527 18.156 0.689  4.5  1000.00 10000.00  0  9 
5365825414540727296 156.1077894 -46.3280169  0.388   7.293  -2.068 19.322 0.892  4.5  1000.00 10000.00  0  9 
 804958033274305152 156.1458994  42.4912662  0.121  -6.479 -11.813 19.018 0.654  8.1   -77.05    13.66  6  8 
5365827476119277184 156.2145059 -46.2354348  0.264   7.760  -2.139 19.022 0.838  4.8  1000.00 10000.00  0  9 
 806072560103616384 156.2240227  44.5144895 -0.090  -6.499 -11.370 17.675 0.563  6.4  -117.29     4.65  7  8 
5366008345788711168 156.2276369 -45.6284879  0.306   7.544  -1.757 17.048 0.661  4.6  1000.00 10000.00  0  9 
5365921445707194624 156.2350997 -46.1857307  0.296   8.048  -2.057 18.588 0.828  4.6  1000.00 10000.00  0  9 
5365977486441114496 156.2365305 -45.9412294  0.121   6.204  -1.595 19.421 0.948  4.5  1000.00 10000.00  0  9 
 804957651015482240 156.2778079  42.5233167  0.372  -6.615 -11.512 18.567 0.632  8.2   -78.95     6.94  6  8 
5365193706449182592 156.2906340 -47.4672414  0.282   7.834  -1.602 17.894 0.666  5.1  1000.00 10000.00  0  9 
 804989021456991360 156.3466441  42.7849616  0.106  -6.686 -11.520 19.499 0.594  8.3  1000.00 10000.00  0  8 
5365923026255330560 156.3472471 -46.1058171  0.233   6.659  -3.411 17.172 0.777  4.6  1000.00 10000.00  0  9 
5365768338714318080 156.3479727 -47.0099173  0.416   7.844  -1.657 18.876 0.845  4.7  1000.00 10000.00  0  9 
5365819775241396224 156.3698919 -46.4617332  0.127   7.962  -1.863 18.104 0.728  4.6  1000.00 10000.00  0  9 
5365190682792082048 156.3724791 -47.5860491  0.162   7.659  -1.308 17.986 0.643  4.6  1000.00 10000.00  0  9 
5366006039384776832 156.3852329 -45.6549004 -0.482   7.170  -2.494 19.430 0.807  4.7  1000.00 10000.00  0  9 
3884164325656533248 156.4029056  13.2583908  0.378 -25.914  -6.535 17.599 0.756  2.8  1000.00 10000.00  0 11 
5365809437262578176 156.4127926 -46.4901430  0.248   7.818  -1.376 18.936 0.851  4.7  1000.00 10000.00  0  9 
 805771809315260800 156.4702504  43.4022798 -0.291  -6.505 -11.424 19.082 0.662  8.0  -100.05    12.02  6  8 
5365578294999961344 156.4922436 -47.1869206  0.387   7.924  -1.689 18.355 0.657  4.8  1000.00 10000.00  0  9 
5365579016555060096 156.5142458 -47.1131263  0.243   7.907  -1.647 18.862 0.830  4.7  1000.00 10000.00  0  9 
 804998161147504512 156.6820146  43.0258280 -0.453  -6.851 -11.155 19.390 0.671  8.1  1000.00 10000.00  0  8 
5365576065922008960 156.6823813 -47.1961327  0.173   7.633  -1.481 12.424 1.267  4.7   499.29     1.29  3  9 
 804998367305940864 156.6856953  43.0415075 -0.034  -6.365 -11.348 18.680 0.570  8.2  1000.00 10000.00  0  8 
 805017505680260224 156.7082649  43.3068244  0.253  -6.329 -11.746 18.486 0.624  8.3  1000.00 10000.00  0  8 
5365898355962610688 156.7342676 -46.5396339  0.199   7.734  -1.879 18.515 0.759  4.8  1000.00 10000.00  0  9 
5365616610408200832 156.7354821 -46.6048477  0.178   8.692  -1.648 19.096 0.841  4.5  1000.00 10000.00  0  9 
 829793247864978816 156.8009799  43.5775408  0.011  -7.394 -12.814 18.732 0.622  8.1  -112.16     8.12  7  8 
5365601629562571008 156.8279222 -47.0240350  0.343   7.172  -1.123 18.406 0.894  4.6  1000.00 10000.00  0  9 
5365947112432870656 156.8454252 -45.8036315 -0.008   7.305  -2.948 17.556 0.697  4.6  1000.00 10000.00  0  9 
 829017748570608000 157.0650511  43.1969768  0.304  -6.339 -11.543 18.139 0.563  8.0  1000.00 10000.00  0  8 
 829016649058958592 157.0873528  43.1368030  0.212  -6.754 -11.407 19.484 0.672  7.6  1000.00 10000.00  0  8 
5365741061376032896 157.1128687 -46.3025611 -0.102   7.700  -2.025 18.831 0.870  4.7  1000.00 10000.00  0  9 
5365584415337645184 157.1633929 -47.1819409  0.284   8.764  -1.310 15.645 0.938  4.6  1000.00 10000.00  0  9 
5365590870668183680 157.1662509 -47.0767353  0.419   4.887  -2.648 18.493 0.653  4.8  1000.00 10000.00  0  9 
 829913579967216512 157.1815457  44.5143656  0.111  -6.794 -11.124 18.533 0.609  6.9   -85.03     6.84  6  8 
 829017370613495808 157.2050441  43.2368416 -0.239  -6.583 -11.328 19.385 0.655  8.1  1000.00 10000.00  0  8 
5365496553183853824 157.2670801 -47.7573485  0.217   7.079  -0.595 18.475 0.752  4.8  1000.00 10000.00  0  9 
 829024242560488576 157.2698247  43.3102489  0.092  -6.399 -11.458 18.457 0.591  8.1  1000.00 10000.00  0  8 
 829902516131425920 157.2913210  44.5764531  0.141  -6.560 -11.449 16.736 0.884  7.9  1000.00 10000.00  0  8 
3876102779416897792 157.3589730   9.6842342  0.394 -24.333  -6.096 17.342 0.758  2.9  1000.00 10000.00  0 11 
5365736178000020864 157.4883054 -46.1942224  0.292   7.993  -1.949 16.658 0.782  4.5  1000.00 10000.00  0  9 
 828978887705897984 157.4988083  43.3893338  0.034  -6.779 -11.644 19.434 0.735  8.1  1000.00 10000.00  0  8 
 829051386753964288 157.5494807  43.5730692  0.245  -6.616 -11.547 19.102 0.643  8.3   -57.75    10.23  6  8 
5365518685156747520 157.5607683 -47.4546877 -0.266   5.590  -2.934 19.115 0.770  4.6  1000.00 10000.00  0  9 
 829054822727842048 157.5658125  43.6433324  0.194  -6.765 -11.414 18.464 0.605  8.3   -87.08     5.95  6  8 
5365644231338470272 157.6159888 -46.9062826  0.168   6.179  -2.262 18.362 0.749  4.9  1000.00 10000.00  0  9 
 829069837933572608 157.6560417  43.7976181  0.157  -6.905 -11.381 18.550 0.635  8.4   -78.60     6.96  6  8 
 829077126499255552 157.6601122  43.9016988 -0.284  -6.495 -11.456 18.615 0.638  8.3   -82.64     5.57  7  8 
 829064001079200512 157.6917783  43.7977643  0.521  -6.773 -11.498 19.388 0.715  7.9   -86.69    12.73  6  8 
 829077435736897664 157.7445918  43.9265584  0.061  -6.555 -11.328 17.903 0.635  8.3  1000.00 10000.00  0  8 
 829836403696646400 157.7629378  44.2568335  0.282  -6.631 -11.428 19.420 0.765  8.3  1000.00 10000.00  0  8 
5367285291104826112 157.7811310 -45.3641151  0.395   7.024  -1.538 15.883 0.730  4.6  1000.00 10000.00  0  9 
3864009762123691648 157.8667644   9.0503401  0.442 -25.435  -7.158 17.496 0.760  2.9   -58.27     3.85  6 11 
 829066062663492096 157.8844344  43.9025676  0.045  -6.180 -11.852 19.251 0.704  8.3  1000.00 10000.00  0  8 
 829178522086321024 157.9249901  44.2355027  0.087  -6.693 -11.419 16.863 0.870  8.2  1000.00 10000.00  0  8 
5365619801567866240 157.9369540 -47.1580006  0.236   6.342  -2.399 19.197 0.818  5.3  1000.00 10000.00  0  9 
 829014110739109632 158.0234607  43.7851389  0.060  -6.554 -11.339 17.955 0.609  8.4  1000.00 10000.00  0  8 
 829009506534211072 158.0513121  43.6440399  0.239  -6.643 -11.455 18.134 0.610  8.2   -82.07     5.22  6  8 
5364743323302531840 158.1060171 -47.9023029  0.176   7.466  -2.221 17.437 0.698  4.6  1000.00 10000.00  0  9 
 829179346720077696 158.1081460  44.2573748  0.313  -6.719 -11.154 19.129 0.765  8.4   -91.71     8.61  6  8 
 829108462579932800 158.1401664  43.8402800  0.114  -6.451 -11.341 17.016 0.850  8.3  1000.00 10000.00  0  8 
 828729234151629696 158.2370766  42.8197630  0.103  -6.977 -10.235 17.816 0.659  6.6  1000.00 10000.00  0  8 
 828730368022994176 158.2445819  42.8708926  0.319  -6.652  -9.118 17.739 0.644  6.5  1000.00 10000.00  0  8 
 830330191793988480 158.2464864  46.2023906  0.289  -6.646 -10.919 18.756 0.679  6.2  1000.00 10000.00  0  8 
 829158932735009024 158.2946252  44.0459881  0.168  -6.263 -11.754 18.468 0.585  8.4  -126.38     8.75  7  8 
 780642741641217664 158.3143608  42.0873060  0.052  -7.050 -11.875 16.576 0.822  5.7  1000.00 10000.00  0  8 
5366414061276182656 158.3712849 -46.5723000  0.018   7.805  -2.470 18.704 0.810  4.7  1000.00 10000.00  0  9 
 829189890859540736 158.3727439  44.5476433  0.234  -6.605 -11.093 19.433 0.705  8.2  1000.00 10000.00  0  8 
 828892064953447808 158.4078151  43.3266300  0.310  -6.999 -10.891 17.925 0.679  7.1    76.29     3.00  7  8 
 829185531472939904 158.4370788  44.4663970  0.117  -6.460 -11.384 18.058 0.577  8.4   -91.29     4.97  6  8 
3858862127855373440 158.4565526   5.1521343  0.314 -24.674  -7.380 14.861 0.892  3.0   -61.84     0.55  8 11 
 829185359674247808 158.4658801  44.4508047  0.071  -6.569 -11.283 17.310 0.609  8.4   -78.78     7.45  6  8 
5364885710054139392 158.5188922 -47.0757108  0.447   5.610  -1.699 19.152 0.827  4.8  1000.00 10000.00  0  9 
 829209201032483584 158.5233203  44.5080706 -0.079  -6.760 -10.885 18.442 0.564  8.4  1000.00 10000.00  0  8 
 829166908494822528 158.5824482  44.2195663  0.140  -6.719 -11.126 19.096 0.682  8.3  1000.00 10000.00  0  8 
 829985765478984576 158.5834566  45.0366380 -0.081  -6.096 -10.482 18.394 0.635 10.6  1000.00 10000.00  0  8 
 829194976100744576 158.5928298  44.3758802 -0.142  -6.620 -10.859 19.344 0.717  8.1  1000.00 10000.00  0  8 
5364700747291923840 158.6012013 -47.8309543  0.142   5.379  -2.270 19.169 0.789  5.0  1000.00 10000.00  0  9 
 829196251711307008 158.6224272  44.4272909  0.063  -6.710 -11.145 19.094 0.694  8.3  -101.52    10.18  6  8 
5367319513402956032 158.6243565 -45.3830946  0.234   7.322  -1.150 19.163 0.813  4.5  1000.00 10000.00  0  9 
 829210029966390656 158.7006316  44.5304099  0.189  -6.499 -11.266 17.895 0.631  8.1   -87.15     4.44  6  8 
5364887806001883136 158.7063349 -47.0829658  0.266   4.646  -2.514 19.057 0.708  5.1  1000.00 10000.00  0  9 
 830654032328020480 158.7088107  46.2105951 -0.195  -6.301 -10.943 18.978 0.735  6.3  1000.00 10000.00  0  8 
 829212057190935680 158.7472517  44.6867807  0.121  -6.624 -11.128 16.335 0.900  8.3   -87.92     2.21  8  8 
3870165412331401984 158.7560780   9.9929491  0.129  -1.949   0.230 18.219 0.979 20.4  1000.00 10000.00  0 10 
5364791701811115136 158.7569864 -47.8161876  0.567   6.988  -1.689 19.251 0.976  4.7  1000.00 10000.00  0  9 
 830639738676890368 158.7645725  46.0561694  0.226  -6.671 -11.178 19.241 0.580  8.5  1000.00 10000.00  0  8 
5366446668668472064 158.7683212 -46.1887777 -0.071   6.006  -1.846 18.543 0.742  4.9  1000.00 10000.00  0  9 
3863713722913169024 158.8008215   8.3870947  0.104  -1.396   0.238 17.615 0.978 18.7  1000.00 10000.00  0 10 
 830447117984107904 158.8084934  45.8705553  0.283  -6.992 -10.616 17.838 0.706  8.3  1000.00 10000.00  0  8 
5364681780709670016 158.8190865 -48.0933001  0.165   5.885  -1.904 18.972 0.867  4.9  1000.00 10000.00  0  9 
5366551397151088384 158.9501358 -45.8602618  0.175   7.000  -3.950 19.341 0.847  4.4  1000.00 10000.00  0  9 
3862521951092349824 159.0191253   6.9469765  0.795 -24.443  -6.762 19.328 1.203  3.3  1000.00 10000.00  0 11 
 829205627619756160 159.0293567  44.6354657 -0.037  -6.714 -10.978 18.452 0.662 10.9  -100.75     6.26  6  8 
 830353105441826304 159.0492637  45.1375090  0.505  -6.898 -10.953 19.488 0.708  8.4  -112.40    13.50  6  8 
3862944747673406464 159.0680753   8.1989095  0.049  -1.460   0.482 16.767 1.062 19.7   237.61    14.32 12 10 
5366339195703438848 159.0683365 -47.0931038  0.071   8.370  -2.861 18.706 0.719  4.4  1000.00 10000.00  0  9 
 830452203225345408 159.2623692  46.0541178  0.185  -5.960 -11.358 18.992 0.775  8.5  1000.00 10000.00  0  8 
 829579186694925696 159.2639384  44.7632280 -0.025  -6.634 -11.060 18.522 0.609  8.3   -87.58     6.72  6  8 
 829584134497315328 159.3106875  44.8605970  0.137  -6.918 -10.969 18.759 0.626  7.7  -101.31    11.91  6  8 
5364629897505575296 159.5360275 -47.4752513  0.195   7.191  -0.769 18.224 0.689  4.7  1000.00 10000.00  0  9 
3862574216549742976 159.6431849   7.0995710 -0.002  -1.400   0.343 16.807 1.066 18.8   205.79    49.81  4 10 
5364616737729276928 159.6635290 -47.7895349  0.470   7.406  -0.528 18.679 0.773  4.8  1000.00 10000.00  0  9 
 829634746392104832 159.6662148  45.3602808  0.291  -6.790 -10.760 19.294 0.609  8.5  1000.00 10000.00  0  8 
5366526387557589248 159.7028488 -45.5863982  0.512   8.169  -1.866 18.983 0.931  4.4  1000.00 10000.00  0  9 
5366131147488444160 159.7102520 -47.3034646  0.302   8.951  -1.093 18.859 1.007  4.3  1000.00 10000.00  0  9 
3859117008394512000 159.7905629   5.4415195 -0.035  -1.617   0.534 15.995 1.145 19.2  1000.00 10000.00  0 10 
3859363225984938496 159.7987735   6.0379772  0.075  -1.824   0.485 17.818 0.977 18.9  1000.00 10000.00  0 10 
3862600634893577856 159.8037654   7.2573029  0.290  -1.940   0.115 18.904 0.862 19.6  1000.00 10000.00  0 10 
5366477253135573120 159.8270508 -46.0899661  0.288   7.829  -1.639 18.145 0.714  4.5  1000.00 10000.00  0  9 
3870630402671064064 159.8498237  10.9996068  0.060 -25.142  -6.850 18.295 0.865  2.9  1000.00 10000.00  0 11 
 829618975272165632 159.8564629  45.2109067 -0.011  -7.085 -10.764 19.196 0.590  8.5   -82.88    10.83  6  8 
3868886233631658880 159.8835828   8.0952789  0.052 -24.436  -6.783 18.621 0.959  3.2  1000.00 10000.00  0 11 
5364597049599783808 159.9008023 -48.0563778  0.488   7.613  -2.746 18.990 0.747  4.2  1000.00 10000.00  0  9 
 829619731186426496 159.9172223  45.2822056 -0.039  -6.629 -11.274 18.885 0.632  8.5  -101.54     7.54  7  8 
5366162105614659712 159.9536906 -47.1496388  0.067  10.077  -0.949 18.152 0.696  4.2  1000.00 10000.00  0  9 
 830562635424605312 159.9905650  46.2339949  0.112  -7.425 -11.814 13.405 1.069  7.9  1000.00 10000.00  0  8 
5366175158015465856 160.0055733 -46.7186807  0.215   5.353  -2.306 17.984 0.737  5.2  1000.00 10000.00  0  9 
 829645264771612800 160.0247688  45.6760749  0.079  -6.801 -11.023 15.938 0.940  8.6  -103.54     1.11  8  8 
5366497074407283200 160.0366156 -46.0868373  0.151   4.184  -0.363 19.460 0.886  5.2  1000.00 10000.00  0  9 
3859543511531881216 160.0488668   6.7088929  0.335 -24.112  -7.013 15.948 0.652  3.2   -72.63     1.66  8 11 
5366159077661267584 160.0770962 -46.9720901  0.556   6.097  -3.037 18.241 0.749  4.8  1000.00 10000.00  0  9 
 829623098441051392 160.0875500  45.3421393  0.460  -6.847 -11.040 18.428 0.645  8.5  1000.00 10000.00  0  8 
 830497691221569920 160.1076046  45.9790864  0.236  -6.060 -11.607 17.589 0.681  7.8   -11.90    15.59  4  8 
5366159764852554880 160.1131585 -46.9028812  0.459   4.297  -1.748 19.467 1.023  5.2  1000.00 10000.00  0  9 
3857663621525945856 160.1202981   3.5722586  0.040  -1.676   0.503 16.672 1.069 19.2  1000.00 10000.00  0 10 
5364559842291761664 160.1827155 -47.8590903  0.962   3.885  -1.258 18.989 0.728  5.3  1000.00 10000.00  0  9 
5366280298816981120 160.1878117 -46.3624401  0.286   5.484  -1.981 19.152 1.054  4.8  1000.00 10000.00  0  9 
 829628733438176000 160.2426295  45.5119467  0.354  -6.829 -10.963 18.912 0.657  8.1   -68.09     8.77  6  8 
5366155263730226560 160.2562452 -47.0169031 -0.032   5.407  -0.043 18.089 0.666  5.2  1000.00 10000.00  0  9 
5366063974203239168 160.2702975 -47.6672688  0.217   6.769   0.420 17.203 0.734  4.9  1000.00 10000.00  0  9 
 829741605178554624 160.2931118  45.8194013  0.489  -6.688 -10.766 18.924 0.688  8.2  1000.00 10000.00  0  8 
5364546545079019904 160.2988993 -48.1368672 -0.111   7.494  -1.337 18.557 0.765  4.5  1000.00 10000.00  0  9 
3857757045654578944 160.3085688   3.6818143 -0.475  -1.935   0.751 17.863 0.995 18.6  1000.00 10000.00  0 10 
 829735695303469184 160.3087610  45.6526485  0.451  -6.899 -10.662 19.199 0.691  8.4  1000.00 10000.00  0  8 
3857862598771122944 160.3118379   4.2884046 -0.049  -1.526   0.477 16.729 1.051 19.1  1000.00 10000.00  0 10 
5366058407925709568 160.3253480 -47.7929062  0.052   6.679  -1.423 17.418 0.699  5.0  1000.00 10000.00  0  9 
5366251818887453184 160.3572792 -46.8350226 -0.228   4.556  -3.477 19.076 0.775  5.0  1000.00 10000.00  0  9 
 830886029280627072 160.3993742  47.6233964  0.409  -6.912 -10.176 17.778 0.690  7.8  1000.00 10000.00  0  8 
5364539600109400192 160.4133699 -48.1784574  0.338   4.247  -1.831 19.030 0.964  5.0  1000.00 10000.00  0  9 
 833992248411671040 160.4219503  48.6566999  0.079  -6.970 -10.925 17.275 0.835  6.6  1000.00 10000.00  0  8 
 830579196818401280 160.4228311  46.6869187  0.294  -6.061 -10.455 16.931 0.768  6.5   -11.52     8.73  4  8 
5366253124558146560 160.4529602 -46.7718324  0.158   8.005   0.209 18.998 0.721  7.0  1000.00 10000.00  0  9 
3859498264051511936 160.4641540   6.5152032  0.302 -24.282  -7.048 16.502 0.618  3.0  1000.00 10000.00  0 11 
 829726143296231296 160.5227513  45.7145987  0.178  -6.849 -10.704 18.615 0.581  8.5  1000.00 10000.00  0  8 
5366068264870874240 160.5604929 -47.5509143  0.176   5.512  -1.776 17.611 0.732  5.3  1000.00 10000.00  0  9 
 829750710509319168 160.5933695  46.0433066 -0.064  -6.548 -10.952 18.591 0.642 11.1  1000.00 10000.00  0  8 
 830812327641891456 160.6262861  47.1908675 -0.073  -6.618 -10.750 17.348 0.838  8.8  1000.00 10000.00  0  8 
5366214568636514176 160.6512003 -46.6078970 -0.005   6.295  -1.192 17.986 0.674  5.0  1000.00 10000.00  0  9 
3865568324151622272 160.6736095   7.0132349  0.424 -23.842  -7.042 17.673 0.778  3.0  1000.00 10000.00  0 11 
5366081016634293760 160.7180661 -47.5152941  0.280   7.325  -0.145 17.500 0.846  5.0  1000.00 10000.00  0  9 
 829748167888669312 160.7499043  45.9997818 -0.093  -6.652 -10.961 18.997 0.597  8.5  -115.93     8.03  7  8 
3859186410770715264 160.7516718   5.7089840  0.093 -24.210  -7.098 18.410 0.883  3.2  1000.00 10000.00  0 11 
3859243035619758336 160.7968170   5.8933907  0.215 -24.082  -6.755 17.199 0.697  3.2   -77.02     2.86  7 11 
 830545421196017408 160.8204586  46.4772951  0.331  -6.576 -10.805 19.279 0.628  8.3  1000.00 10000.00  0  8 
 829661650067166464 160.8617116  45.4046056  0.248  -6.896 -10.869 18.178 0.790  7.5   109.38     3.63  6  8 
5366194163251465216 160.9143405 -46.9686040  0.080   8.843  -1.633 16.951 0.643  4.2  1000.00 10000.00  0  9 
5366232504419388928 160.9146522 -46.7452587  0.269   5.305  -1.814 18.044 0.774  5.1  1000.00 10000.00  0  9 
 829771188913385216 160.9247125  46.0401988  0.080  -6.763 -10.994 18.193 0.616  8.4  1000.00 10000.00  0  8 
3859184349186417792 160.9566281   5.7280537  0.157 -23.478  -6.937 19.481 1.058  3.1  1000.00 10000.00  0 11 
 829754387001271424 160.9713956  45.8983180  0.321  -6.793 -10.761 18.847 0.747  7.3  1000.00 10000.00  0  8 
5366196907730183680 160.9758845 -46.8163158 -0.300   5.936  -1.393 19.061 0.788  5.2  1000.00 10000.00  0  9 
 830614273813556096 161.0265671  47.0681811  0.179  -6.438 -10.020 18.297 0.644 10.8  1000.00 10000.00  0  8 
 829774182509295744 161.0410056  46.1882221 -0.276  -7.009 -10.408 19.406 0.627  8.8  1000.00 10000.00  0  8 
 829774178210085376 161.0413394  46.1854983  0.172  -7.305 -10.607 19.336 0.615  8.5  1000.00 10000.00  0  8 
 830540610832245120 161.0510174  46.5175449  0.146  -6.114  -9.458 18.317 0.741 10.6  1000.00 10000.00  0  8 
5363031246257881984 161.0510578 -48.2777078  0.344   6.711  -0.765 17.584 0.709  4.7  1000.00 10000.00  0  9 
5361517626762489216 161.0531772 -48.3807939  0.471   6.692  -0.640 18.228 0.658  4.9  1000.00 10000.00  0  9 
5366631975033574400 161.0561889 -45.9690756  0.581   4.636  -1.385 19.016 0.833  4.9  1000.00 10000.00  0  9 
5363079345592915840 161.0724666 -47.6088381  0.233   3.642   0.165 18.571 0.716  4.8  1000.00 10000.00  0  9 
 829781015798071808 161.1617461  46.2952644  0.262  -6.558 -10.875 19.144 0.617  8.5  1000.00 10000.00  0  8 
3806614984570902144 161.2221124   0.4844245 -0.011  -1.756   0.758 16.538 1.049 19.0   231.27     2.00  6 10 
5363078971935154048 161.2276180 -47.4780712  0.197   9.724   0.235 16.806 0.697  4.2  1000.00 10000.00  0  9 
 829784834028177408 161.2343334  46.4011339  0.228  -6.842 -10.867 17.746 0.643  8.4  -119.74     5.93  7  8 
 829710548273901952 161.3076633  45.8901811  0.051  -6.521 -11.589 17.858 0.704  7.0    28.88     3.96  7  8 
5366642587896272896 161.3077585 -46.0282629 -0.219   6.094  -1.675 18.753 0.861  4.8  1000.00 10000.00  0  9 
5363075394229825792 161.3132277 -47.6554567  0.311   3.969  -1.039 19.162 0.713  5.4  1000.00 10000.00  0  9 
3868802297086733312 161.3331708   8.6062108  0.364 -23.699  -6.667 18.069 0.848  2.9  1000.00 10000.00  0 11 
5363172464781555968 161.3336212 -47.4301433  0.148   5.025  -1.932 19.061 0.696  5.3  1000.00 10000.00  0  9 
3865536124781123456 161.3471318   7.0220623  0.427 -24.885  -6.684 17.379 0.644  3.0  1000.00 10000.00  0 11 
5366605994774426240 161.3601972 -46.3171588  0.331   4.941  -0.881 17.286 0.896  5.3  1000.00 10000.00  0  9 
3869647611074336640 161.3678567   9.9138350  0.915 -24.214  -6.718 19.011 1.074  2.9  1000.00 10000.00  0 11 
 829786753874409472 161.4073482  46.4759850  0.187  -6.850 -10.710 18.358 0.650  8.5  1000.00 10000.00  0  8 
5363050453352448896 161.4095817 -47.9639433  0.146   6.658  -1.518 15.924 0.897  4.9  1000.00 10000.00  0  9 
3865299935939867264 161.4252069   6.6208137  0.445 -23.649  -6.738 17.375 0.694  3.1  1000.00 10000.00  0 11 
5363025091561651328 161.4704680 -48.1136591  0.185   5.136   0.703 19.219 0.690  5.4  1000.00 10000.00  0  9 
5366637399575668864 161.4918776 -46.1197379  0.491   9.294  -1.100 17.516 0.719  4.1  1000.00 10000.00  0  9 
5363600312236549760 161.5404907 -46.5424878  0.832   3.199  -0.323 19.403 1.128  5.4  1000.00 10000.00  0  9 
 832061643432782464 161.5799188  47.0199569  0.067  -6.548 -10.233 18.030 0.658  8.6  1000.00 10000.00  0  8 
5362964480994057600 161.6175163 -48.4814623  0.250   6.058  -1.304 18.087 0.662  4.8  1000.00 10000.00  0  9 
3806187338971944704 161.6175720  -0.5894000  0.250  -1.421  -0.070 19.400 0.823 17.8  1000.00 10000.00  0 10 
5363157964972209920 161.6200919 -47.5229082  0.430   4.518  -0.775 16.030 0.713  5.2  1000.00 10000.00  0  9 
 832054462247446016 161.6717938  46.9512481 -0.023  -6.724 -10.554 19.464 0.807  8.4  1000.00 10000.00  0  8 
 829501022597497856 161.7098163  45.5833475  0.173  -6.610 -10.551 17.900 0.621  7.4  -121.25     5.96  7  8 
 831286801271115264 161.7316873  46.5956919 -0.016  -6.949 -10.754 18.166 0.613  8.6  1000.00 10000.00  0  8 
3802706285158378624 161.7792731  -1.4808947  0.026  -1.853   0.815 17.397 0.997 17.9  1000.00 10000.00  0 10 
 831280543500503936 161.7815706  46.5626597  0.227  -6.635 -10.415 18.971 0.613  8.7  1000.00 10000.00  0  8 
 831217119721779456 161.8205238  46.1986451  0.267  -6.274 -10.825 17.834 0.643  8.1  1000.00 10000.00  0  8 
3865450843910960896 161.8399594   7.2343985  0.368 -23.973  -6.585 18.205 0.820  3.0  1000.00 10000.00  0 11 
5363199608968730752 161.8638167 -47.0301713  0.143   4.049  -0.733 19.236 0.796  5.1  1000.00 10000.00  0  9 
3806335360724947712 161.8755917  -0.0235029 -0.037  -1.711   0.846 16.712 1.066 18.9  1000.00 10000.00  0 10 
 831299239496363264 161.8895423  46.8066616  0.057  -6.943 -10.643 16.635 0.912  8.7  1000.00 10000.00  0  8 
5363583334231577984 161.9049749 -46.6753502 -0.181   2.139  -1.788 18.934 0.894  5.3  1000.00 10000.00  0  9 
 830991101368919296 161.9670044  45.5935180  0.162  -6.681  -8.870 17.690 0.724  7.8    18.87    14.17  4  8 
5363577119419566336 161.9720526 -46.8289374  0.397   4.595  -2.105 16.749 0.727  5.3  1000.00 10000.00  0  9 
3866130548255131392 162.0058461   8.1486814  0.357 -23.742  -6.727 17.455 0.684  3.0  1000.00 10000.00  0 11 
5363743557990476800 162.0139292 -45.7215488  0.243   8.445  -0.208 16.106 0.684  4.4  1000.00 10000.00  0  9 
5363153528264840576 162.0431746 -47.0062304  0.468   4.409  -1.891 19.101 0.747  6.4  1000.00 10000.00  0  9 
 832080270707721088 162.0528453  47.1454241  0.107  -6.929 -10.561 14.416 1.036  8.5  -115.10     0.60  8  8 
5363092200431387264 162.0917421 -47.7733437  0.181   8.313  -2.431 16.706 0.687  4.4  1000.00 10000.00  0  9 
 832160157099334912 162.1035145  47.7413902  0.012  -7.677 -11.373 19.309 0.656  8.2  1000.00 10000.00  0  8 
5363137177329695232 162.1072418 -47.4445892  0.129   4.838  -1.811 19.285 0.874  5.5  1000.00 10000.00  0  9 
 831307554553041152 162.1707897  46.8228226 -0.087  -6.967 -10.573 18.282 0.560  8.8  1000.00 10000.00  0  8 
5363524377216564096 162.2263535 -47.0947871  0.067   8.433  -1.149 18.854 1.021  4.2  1000.00 10000.00  0  9 
3866189028530155904 162.2425987   8.7450165  0.357 -23.757  -6.275 17.336 0.693  3.2  1000.00 10000.00  0 11 
5363087458784526080 162.2984262 -47.9112191  0.002   7.125  -0.116 19.177 0.834  4.8  1000.00 10000.00  0  9 
5362895765807748864 162.3624257 -48.1447366  0.134   3.610  -0.830 18.280 0.727  5.3  1000.00 10000.00  0  9 
 832084183420706304 162.3715173  47.2076436  0.281  -6.831 -10.224 18.659 0.613  8.5  -118.34     6.92  6  8 
5363134492969301376 162.4021441 -47.2801556  1.085  -1.701   1.126 19.383 1.048  5.3  1000.00 10000.00  0  9 
 831251513819792000 162.4755347  46.5761238 -0.129  -6.948 -10.719 18.456 0.690  8.0  1000.00 10000.00  0  8 
3803067612167219840 162.4823071  -1.1436831  0.161  -1.980   0.875 17.361 0.980 17.2  1000.00 10000.00  0 10 
3865461426710398592 162.4831950   7.2589068  0.427 -23.224  -6.723 17.175 0.690  3.1   -94.58     2.73  7 11 
5363560759883572352 162.4845110 -46.6347910 -0.065   3.276  -0.901 18.809 0.849  5.5  1000.00 10000.00  0  9 
 835683366015065216 162.5088715  50.0327985 -0.087  -6.746 -10.381 18.951 0.658  6.8  1000.00 10000.00  0  8 
5362904046504748288 162.5140172 -47.9461679  0.140   7.343  -0.263 19.142 0.955  4.0  1000.00 10000.00  0  9 
5363667927907053440 162.5675109 -46.1581596  0.429  10.174  -0.005 18.884 0.867  3.8  1000.00 10000.00  0  9 
 782809196168651136 162.5891002  44.6993040  0.202  -7.098  -9.763 14.231 0.956  6.3    54.13     0.11  1  8 
5362900851049249152 162.6355069 -47.9736805 -0.112   2.820   0.054 19.092 0.795  5.2  1000.00 10000.00  0  9 
 831429870922999680 162.6540393  47.3333889 -0.124  -7.224 -10.255 18.954 0.596  8.5  1000.00 10000.00  0  8 
3872633953375248128 162.6741455  12.7353890  0.369 -24.452  -5.861 18.386 0.974  2.8  1000.00 10000.00  0 11 
3871365018172384000 162.7786560  11.5586466  0.077 -23.741  -5.995 18.531 0.850  2.9  1000.00 10000.00  0 11 
 831411247944685312 162.7951874  47.1060626  0.402  -6.895 -10.526 19.203 0.652  8.4  -111.86     9.56  6  8 
5363688715549797120 162.8959486 -45.8893022  0.378   7.025  -1.001 18.744 0.765  4.5  1000.00 10000.00  0  9 
3870967475999507456 162.9509035  10.4097577  0.360 -24.894  -5.364 18.205 0.989  2.6  1000.00 10000.00  0 11 
5362924486247194240 162.9557247 -47.6204975  0.204   5.090  -0.561 12.304 1.203  4.9   264.21     0.84  3  9 
 835625023179249280 162.9927900  49.8759550  0.103  -6.262  -9.322 17.779 0.650  7.1  1000.00 10000.00  0  8 
3872156834047756160 163.0645956  11.9816161  0.282 -23.970  -5.851 17.524 0.828  2.8  1000.00 10000.00  0 11 
3870878278118711552 163.0666473  10.1281637  0.351 -23.301  -6.292 17.741 0.749  3.0  1000.00 10000.00  0 11 
5363348214836220416 163.0709696 -47.0593833  0.182   8.493  -0.691 17.938 0.928 11.4  1000.00 10000.00  0  9 
3865911337419346560 163.1301479   8.2057256  0.214 -23.270  -6.248 18.533 0.875  3.1  1000.00 10000.00  0 11 
 832595834284901120 163.1388952  49.4114541  0.000  -6.061  -9.619 17.273 0.678  6.7  1000.00 10000.00  0  8 
5363337799540982784 163.1508356 -47.0650155  0.725   8.535  -1.544 19.285 0.745  5.7  1000.00 10000.00  0  9 
 832305769373642624 163.1591442  48.4863436  0.214  -7.082 -10.259 18.778 0.643  8.3  -124.92     7.23  6  8 
3864623805008084096 163.1697867   6.8179929  0.317 -23.462  -6.691 19.180 1.054  3.1  1000.00 10000.00  0 11 
 831149598537057280 163.1861384  46.6130954  0.740  -6.773 -10.600 19.362 0.833  6.9    65.47     6.37  7  8 
 831441420093360896 163.2078781  47.6672944  0.317  -6.857 -10.257 19.231 0.735  8.6   -94.12     9.85  6  8 
3866203597058446848 163.2227412   8.5757915  0.357 -23.650  -5.662 18.970 1.012  3.1  1000.00 10000.00  0 11 
5363305535747341952 163.2294859 -47.3706983  0.045   5.968  -1.067 18.316 0.730  5.1  1000.00 10000.00  0  9 
 831422414859787392 163.2363615  47.3966549 -0.043  -6.518  -9.682 19.073 0.576  8.5   -96.95     9.15  6  8 
 832507323599032448 163.2876157  48.7805246  0.105  -6.637  -9.596 18.550 0.574  6.8  -118.40     6.69  6  8 
 831371085708614272 163.3882942  47.2975261  0.084  -6.812  -9.155 17.866 0.754  8.5  1000.00 10000.00  0  8 
3764678988317239040 163.3905983  -5.9444767  0.180  -2.230   1.588 19.099 0.911 17.0  1000.00 10000.00  0 10 
3867838231547124608 163.3909082   9.5597903  0.268 -23.221  -6.105 15.788 0.662  3.0   -95.54     2.91  8 11 
 832237771451305088 163.4436127  48.2108421  0.129  -6.670 -11.435 19.317 0.744  8.2  1000.00 10000.00  0  8 
 832512821157219584 163.4452853  48.9361898  0.215  -7.419 -10.051 17.864 0.697  9.5   206.40     4.23  6  8 
5363251045501068160 163.6265436 -47.6732030  0.211   6.076  -0.922 17.409 0.669  5.3  1000.00 10000.00  0  9 
 832298558124143360 163.6486728  48.5143949  0.002  -6.531  -9.773 18.730 0.640  8.6  -130.14     6.78  6  8 
 832245845990172416 163.7121000  48.3338181  0.324  -7.032 -10.113 18.581 0.655  8.9  -135.94     6.32  6  8 
 831473649527568512 163.7566179  47.9621216  0.162  -6.419  -9.370 18.035 0.661 10.5  1000.00 10000.00  0  8 
 831469006665384832 163.8178879  47.8469580 -0.126  -7.155  -9.872 19.217 0.687  8.5  -136.22     9.53  6  8 
3867776139204336384 163.8309325   9.4223531 -0.140 -23.402  -6.028 18.839 1.091  3.0  1000.00 10000.00  0 11 
 831476222210678784 163.8577262  48.0570138  0.224  -6.865 -10.868 19.482 0.737  8.6  1000.00 10000.00  0  8 
3763605731825044992 163.8794411  -7.6012297 -0.008  -2.059   1.199 16.352 1.073 16.4  1000.00 10000.00  0 10 
3763017042132333824 163.9011734  -8.1423747 -0.332  -2.566  -0.370 19.264 0.900 15.5  1000.00 10000.00  0 10 
 831471514926515328 163.9489835  47.9695412  0.054  -6.963 -10.655 19.430 0.797  8.6  1000.00 10000.00  0  8 
3763409503358288000 163.9585769  -7.8917474 -0.011  -2.294   1.097 18.945 0.874 17.1  1000.00 10000.00  0 10 
3763612019657168384 163.9679693  -7.5594496  0.015  -1.826   1.610 19.067 0.845 16.4  1000.00 10000.00  0 10 
 832916208780962688 163.9823527  49.5156766  0.164  -6.534 -10.477 16.883 0.657  6.9    14.83     2.68  7  8 
3867983397146122496 164.0138794  10.2551060  0.157 -23.252  -6.171 18.186 0.824  2.9  1000.00 10000.00  0 11 
3864754406373203200 164.1301064   6.7657862  0.523 -22.811  -6.080 18.614 0.927  3.1  1000.00 10000.00  0 11 
5387449337923489024 164.1786465 -46.2929145  0.299   7.793  -0.166 17.125 0.679  4.8  1000.00 10000.00  0  9 
3865152292143879168 164.1919903   7.7291728  0.161 -22.728  -6.089 17.897 0.856  3.0  1000.00 10000.00  0 11 
3864752001191754496 164.2296729   6.7587892  0.229 -23.101  -6.205 17.021 0.687  3.1  1000.00 10000.00  0 11 
 831836454003334784 164.2976194  48.0510511 -0.008  -6.962 -10.337 17.526 0.763  8.5  1000.00 10000.00  0  8 
 831856412715369600 164.3138150  48.1931046  0.199  -7.072  -9.894 18.071 0.585  8.8  -126.77     4.26  6  8 
3865091578486104832 164.3157861   7.3671685  0.432 -22.647  -6.219 18.188 0.887  3.1  1000.00 10000.00  0 11 
1147137523689468032 164.3669481  84.5352939  0.266 -12.798 -10.581 18.275 0.764  4.0  1000.00 10000.00  0 17 
 831855794240099712 164.3713511  48.2244905  0.188  -6.747 -10.281 19.199 0.711  8.4  -127.36     8.79  6  8 
3867497928402868480 164.4795194   8.8496652  0.243 -23.395  -5.801 18.721 0.936  3.0  1000.00 10000.00  0 11 
 837257218127690880 164.4804035  52.2914383 -0.018  -7.724 -11.900 18.592 0.673  5.1  1000.00 10000.00  0  8 
3759909482970356480 164.5071810  -8.8857739  0.158  -1.994   1.220 17.334 0.982 17.1  1000.00 10000.00  0 10 
3816123659911858048 164.5077834   5.1046243  0.090 -23.039  -5.904 18.706 0.860  3.6  1000.00 10000.00  0 11 
3864765504568895360 164.5160679   6.8353481  0.350 -22.685  -6.140 12.336 1.074  3.1   -94.54     0.27  8 11 
3865205584098263680 164.5320922   8.0877171  0.089 -22.971  -5.825 18.597 0.947  3.1  1000.00 10000.00  0 11 
3759911097877855872 164.5940442  -8.8276542 -0.253  -2.260   1.446 17.901 0.956 16.3  1000.00 10000.00  0 10 
3864787602176084608 164.5982721   7.0834034  0.224 -21.750  -5.425 16.256 0.691  3.1    74.79     1.45  8 11 
3864668266509556480 164.6297339   6.3608792  0.359 -22.951  -6.588 19.230 1.068  3.1  1000.00 10000.00  0 11 
3763334526114634880 164.6317298  -8.0908176 -0.013  -2.392   0.957 18.675 0.877 16.4  1000.00 10000.00  0 10 
3759918072904780928 164.6882771  -8.7440394 -0.009  -1.934   1.099 15.729 1.150 17.0   216.62     0.14 13 10 
 832644350235807616 164.6886037  48.7642249  0.131  -7.671 -10.060 17.351 0.759  8.4  1000.00 10000.00  0  8 
3808794040523072384 164.7022952   2.6914138  0.102   0.123 -11.497 17.639 0.774  8.0    70.89     0.15 13 13 
3815892801125210624 164.8767962   4.6720763  0.266 -22.079  -6.509 18.196 0.868  3.2  1000.00 10000.00  0 11 
3759599145813459712 164.8789713  -9.6649304 -0.003  -2.127   1.349 16.176 1.083 16.3  1000.00 10000.00  0 10 
 836219412293028608 164.8913692  51.3455306  0.115  -7.888 -10.779 17.834 0.622  6.1  -144.43     4.92  7  8 
3866706554908959232 164.9556890   8.3742615  0.220 -22.779  -5.841 16.717 0.650  3.2  1000.00 10000.00  0 11 
3867629045164517632 164.9865940   9.2418011  0.469 -23.074  -6.009 17.965 0.776  3.0  1000.00 10000.00  0 11 
 831872802310712832 164.9874549  48.4988618  0.061  -7.384 -10.110 18.779 0.640  8.6  1000.00 10000.00  0  8 
 831895479738094848 165.0700509  48.6985334 -0.001  -7.100 -10.217 18.637 0.635  8.6  1000.00 10000.00  0  8 
3804581502239474432 165.1179753  -0.2122667  0.036  -0.393 -11.024 18.135 0.582  8.1  1000.00 10000.00  0 13 
3759538805817438848 165.1305722  -9.9831368 -0.479  -2.038   1.243 19.392 0.705 16.2  1000.00 10000.00  0 10 
3804667332866299264 165.1837267   0.1509890  0.165  -0.877 -11.340 18.544 0.602  8.1  1000.00 10000.00  0 13 
 831892803974221184 165.1994724  48.6692727  0.159  -7.125 -10.179 17.533 0.800  8.7  -131.51     3.90  6  8 
3867732953308688512 165.2067507   9.8900634  0.147 -21.200  -6.695 18.544 0.908  3.1  1000.00 10000.00  0 11 
3864898339317394176 165.2686923   7.2393448  0.296 -22.551  -6.112 17.237 0.751  3.1  1000.00 10000.00  0 11 
3758671089279915136 165.2718889 -10.3372957 -0.090  -1.914   1.525 17.589 0.960 16.2  1000.00 10000.00  0 10 
3804664274849539072 165.3289866   0.0820713 -0.048  -0.590 -11.363 18.056 0.587  8.1  1000.00 10000.00  0 13 
 831993164474065536 165.3309142  48.9354522  0.070  -7.087 -10.251 18.587 0.566 10.7  1000.00 10000.00  0  8 
3866743873880024064 165.3512701   8.7480291  0.247 -22.528  -5.324 17.658 0.730  3.1   233.61    18.56  4 11 
3868120909114479104 165.4510351  10.2280514  0.302 -22.952  -5.752 15.254 0.857  3.0  -108.31     0.84  8 11 
 833153836435811712 165.4572311  50.8292935  0.086  -7.929 -11.190 19.284 0.664  6.3  1000.00 10000.00  0  8 
3756765910507148288 165.4617642 -11.9486545  0.293 -24.798 -23.890 17.024 0.734  2.5  1000.00 10000.00  0 12 
3815885134608489472 165.5138446   5.0087350  0.405 -23.357  -7.190 18.225 0.884  3.1  1000.00 10000.00  0 11 
3866854473582641408 165.5331653   9.0281109  0.364 -22.650  -5.789 16.621 0.634  3.1   -94.34     4.21  6 11 
 831542162848394752 165.5932656  47.5565919  0.279  -6.777  -9.712 17.501 0.824  8.9  1000.00 10000.00  0  8 
3803419352808707712 165.6499333  -1.4646566  0.579  -0.815 -10.826 18.574 0.754  8.1  1000.00 10000.00  0 13 
3758381707267896576 165.6516294 -11.1591806  0.317  -2.382   1.317 18.784 0.886 15.5  1000.00 10000.00  0 10 
 832752686490667264 165.6879917  49.1651654  0.120  -7.306  -9.964 19.289 0.655  8.7  1000.00 10000.00  0  8 
3866686561836447616 165.7075832   8.5620615  0.274 -22.484  -5.859 15.787 0.705  3.1  1000.00 10000.00  0 11 
3816746636328691456 165.7852751   6.6716668  0.593 -22.601  -6.001 18.349 0.869  3.2  1000.00 10000.00  0 11 
3803322664504839552 165.8179192  -1.9034682 -0.532  -0.848 -10.684 19.132 0.622  8.2  1000.00 10000.00  0 13 
 783408945406942336 165.8336816  46.7256976  0.170  -7.038  -9.790 18.803 0.600  6.4  1000.00 10000.00  0  8 
3564584673973826688 165.8942087 -12.3185049 -0.013  -2.183   1.385 17.828 0.944 15.7  1000.00 10000.00  0 10 
 832868650607358464 165.8986406  50.0396227  0.166  -8.398 -10.980 18.000 0.613  9.0  1000.00 10000.00  0  8 
3866348938752296064 165.9363320   7.4609726  0.205 -22.518  -5.823 16.706 0.625  3.1  1000.00 10000.00  0 11 
3789750602209532800 165.9395192  -2.8021979  0.200  -0.385 -10.894 18.987 0.604  8.2  1000.00 10000.00  0 13 
 836191237307942528 165.9550031  51.5653000  0.077  -7.232 -10.326 19.134 0.704  6.2  1000.00 10000.00  0  8 
 832797388510255232 165.9823828  49.6072286  0.165  -7.049 -10.123 19.281 0.661  8.7  1000.00 10000.00  0  8 
 832022718144536192 166.0189992  49.1533523  0.064  -7.234 -10.019 15.941 0.953  8.7  -137.04     1.17  8  8 
3789652436437251584 166.0294709  -3.2825047 -0.245  -0.620 -11.173 19.381 0.760  8.2  1000.00 10000.00  0 13 
3789331928797416192 166.0422674  -3.9602005  0.135  -1.284 -10.265 19.116 0.727  8.3  1000.00 10000.00  0 13 
3866876841772148352 166.1086773   9.1473886  0.256 -22.371  -5.665 17.763 0.723  3.0  1000.00 10000.00  0 11 
3815025973645798016 166.1279311   4.1670407  0.373 -21.622  -6.339 17.722 0.746  3.2   -98.05     4.17  6 11 
3815027485474285312 166.1444974   4.1842271  0.356 -22.122  -6.304 17.093 0.615  3.2   -93.08     3.04  6 11 
3758791176565468416 166.1896274  -9.9719855  0.353 -24.583 -23.559 16.451 0.627  2.4  -442.37     2.90  8 12 
 832810793103707520 166.2147621  49.8644356  0.254  -8.114 -10.738 16.830 0.663  6.1   -11.87    18.83  4  8 
3758711492036725504 166.3076499 -10.4656144  0.119 -23.370 -22.645 18.581 1.028  2.5  1000.00 10000.00  0 12 
3867284004672072960 166.3393070   9.7047992  0.225 -22.805  -5.818 18.311 0.931  3.1  1000.00 10000.00  0 11 
3868191861974389376 166.3756791  10.4305220  0.274 -22.676  -5.466 16.639 0.609  3.0  1000.00 10000.00  0 11 
 832032472014559360 166.4200625  49.3984321  0.007  -7.077  -9.722 17.105 0.876  8.7  1000.00 10000.00  0  8 
3867210513487025280 166.4253036   9.3963920  1.328 -23.495  -6.221 14.529 0.927  3.1    26.64     0.22  8 11 
 831659016017987840 166.4780324  47.9856895  0.127  -7.753 -10.380 18.627 0.613  6.8  1000.00 10000.00  0  8 
3815504359987881216 166.5124739   4.9035076  0.391 -21.980  -5.812 18.423 0.846  3.2  1000.00 10000.00  0 11 
3787996988538248704 166.5130907  -5.3784757  0.214  -0.422 -10.364 16.796 0.876  8.3  1000.00 10000.00  0 13 
3818289903977290496 166.5490085   7.1602566  0.357 -22.276  -5.647 18.127 0.794  3.3  1000.00 10000.00  0 11 
3868201169168159360 166.5589200  10.6435751  0.634 -22.037  -5.374 18.258 0.867  3.0  1000.00 10000.00  0 11 
3788405835064732800 166.6047721  -4.8691292  0.148  -1.133 -10.199 17.533 0.691  7.9  1000.00 10000.00  0 13 
3866600589475476096 166.7558079   8.6759646  0.024 -22.488  -5.380 18.928 0.959  3.0  1000.00 10000.00  0 11 
3758448811836890368 166.7632083 -10.8874187  0.091  -2.267   1.614 17.540 0.943 13.2  1000.00 10000.00  0 10 
 838045116991237120 166.7970173  49.7377851  0.142  -6.989  -9.700 18.595 0.639  8.8  1000.00 10000.00  0  8 
3787685478854250880 166.8183330  -6.1571630  0.721  -0.751 -10.497 19.369 0.689  8.4  1000.00 10000.00  0 13 
3758511144696993792 166.8217620 -10.5118474  0.197 -23.473 -22.747 17.923 0.930  2.5  1000.00 10000.00  0 12 
3784666945774675968 166.8774508  -6.5259105  0.166  -1.068 -10.268 15.770 0.966  8.2     0.36     0.16 13 13 
3815204021515092992 166.8831504   4.2262862  0.091 -21.046  -5.854 17.413 0.758  3.0    11.81     2.45  6 11 
3563422936860395648 166.8951839 -13.8927848  0.089  -2.156   1.735 18.073 0.914 14.7  1000.00 10000.00  0 10 
 783618436727543296 166.9365679  47.8458914  0.088  -7.376  -9.551 15.983 0.914  6.8   -38.75     1.13  8  8 
3818005439703010560 167.0178758   6.5498761  0.746 -21.884  -5.868 18.648 0.974  3.2  1000.00 10000.00  0 11 
3818269876545155328 167.0215190   7.2256956  0.505 -21.710  -6.519 19.268 0.946  3.2  1000.00 10000.00  0 11 
 837975680256274176 167.0439792  49.3918074  0.174  -7.855  -9.852 16.685 0.797  8.7   -25.42    12.51  4  8 
3815634862569247360 167.0969674   5.5626362  0.391 -22.396  -5.403 15.901 0.687  3.6   246.24     1.38  8 11 
3964324839354961792 167.2476854  11.2489002  0.221 -22.348  -5.167 16.414 0.630  3.0  -123.20     5.51  8 11 
 838030823340405376 167.2671553  49.5976586  0.167  -7.278  -9.422 18.591 0.615  8.7  1000.00 10000.00  0  8 
3559095087294400256 167.2803858 -17.3229803  0.476  -2.247   1.347 19.289 0.872 15.9  1000.00 10000.00  0 10 
3559109690183191040 167.3088983 -17.0150334  0.015  -1.970   0.794 19.429 0.898 15.9  1000.00 10000.00  0 10 
3964298966471839104 167.3121820  10.9715386  0.216 -21.394  -4.937 18.064 0.846  3.1  1000.00 10000.00  0 11 
3562938567628284544 167.3193972 -15.3000397 -0.075  -2.523   1.847 16.861 1.005 14.1   207.49     0.28 13 10 
3817928748767241728 167.3469617   6.1175149  0.145 -21.807  -5.709 17.578 0.715  3.2  1000.00 10000.00  0 11 
3784580290514570112 167.3609431  -6.9107928  0.124  -0.574 -10.358 17.828 0.737  9.4  1000.00 10000.00  0 13 
3784208483785598720 167.4225685  -7.7583617  0.168  -0.877 -10.000 15.338 0.983  8.6   113.69     0.07 13 13 
3818402706998285824 167.4862752   7.6849929  0.302 -21.896  -5.919 19.442 1.158  3.2  1000.00 10000.00  0 11 
3559024134435074048 167.5120579 -17.6347658 -0.198  -2.676   2.039 18.821 0.857 15.0  1000.00 10000.00  0 10 
3559407318532558336 167.5225941 -16.6130708 -0.123  -2.249   1.674 18.908 0.906 14.4  1000.00 10000.00  0 10 
3559902614161082752 167.5530275 -15.8027338 -0.063  -2.368   1.595 16.727 1.031 16.4   213.14     2.77  6 10 
3558216886741257216 167.5788133 -18.1873164  0.205  -2.568   1.789 18.302 0.930 14.3  1000.00 10000.00  0 10 
 789640393189439232 167.5985406  48.3726979  0.023  -8.390  -9.193 19.253 0.763  6.5  1000.00 10000.00  0  8 
 838834158319213824 167.6222680  50.2967355  0.156  -7.276  -9.515 17.773 0.722  8.8  -155.89     4.07  7  8 
3559428965167739904 167.6783691 -16.5256241  0.307  -2.313   1.872 17.928 0.932 14.0   209.06     4.36  6 10 
3558203864400369024 167.6844766 -18.2660293  0.060  -2.418   1.789 17.734 0.945 14.6  1000.00 10000.00  0 10 
3563156515744379648 167.6934205 -14.1824514  0.308   1.930 -13.052 16.255 0.723  4.1  1000.00 10000.00  0 13 
 789618437316668288 167.7001871  48.0956675  0.358  -6.990  -8.458 17.593 0.764  7.2   -16.60    15.98  4  8 
3818386076884615936 167.7092575   7.6159748  0.170 -21.929  -5.785 18.342 0.920  3.2  1000.00 10000.00  0 11 
3559207310496491648 167.7136700 -16.9204155  0.018  -2.477   1.740 17.432 0.955 13.6   206.94     6.85  6 10 
3558229501062246016 167.7364742 -17.9637357 -0.049  -2.312   1.820 16.908 0.991 14.3  1000.00 10000.00  0 10 
 789636368799672832 167.7371634  48.2724871  0.018  -7.130  -9.608 18.807 0.597  6.7  -138.99    16.67  6  8 
 838088788218557184 167.7626744  50.2903321  0.390  -7.729 -10.285 18.218 0.744  8.8  1000.00 10000.00  0  8 
3558208777842953728 167.7928702 -18.2697661  0.150  -2.792   1.308 18.460 0.884 13.9  1000.00 10000.00  0 10 
3759283341161960192 167.8552224  -9.0976587  0.553  -0.030  -9.977 18.808 0.595  8.5  1000.00 10000.00  0 13 
3818192528478556672 167.8657565   7.4497501  0.259 -21.730  -5.758 17.604 0.734  3.2  1000.00 10000.00  0 11 
3817212004624819968 167.8774214   6.3113009  0.205 -21.366  -5.768 16.385 0.628  3.2  -115.87     3.40  8 11 
3759290079966763264 167.8872383  -8.9342642 -0.047  -0.988  -9.864 18.559 0.588  8.5  1000.00 10000.00  0 13 
 789270132658895232 167.8909938  46.9227636  0.339  -7.447  -9.484 17.254 0.684  6.1    66.87     2.65  7  8 
 789665991194500608 167.8932823  48.5128338  0.238  -6.724  -7.962 16.233 0.899  8.1     7.67    15.65  4  8 
3559190439865022720 167.8951321 -17.0283456 -0.075  -2.300   1.642 16.263 1.065 14.3  1000.00 10000.00  0 10 
 842397538066591872 167.9064289  52.7356901  0.215  -6.900 -10.391 17.144 0.636  5.9  1000.00 10000.00  0  8 
3758868451617608576 167.9133399 -10.1038749  0.360 -22.608 -21.891 17.671 0.792  2.7  1000.00 10000.00  0 12 
 838070543197450368 167.9911808  50.1066652  0.018  -8.267  -9.698 18.018 0.726  8.7  1000.00 10000.00  0  8 
 788437454448423296 167.9939853  46.3230346  0.188  -7.781 -10.151 18.565 0.581  6.0  1000.00 10000.00  0  8 
3818776403512558848 168.0130820   7.9601940  0.014 -21.232  -5.676 18.673 1.013  3.2  1000.00 10000.00  0 11 
3818881647391546624 168.0261269   8.5204180  0.117 -22.028  -5.155 18.938 1.075  3.1  1000.00 10000.00  0 11 
3783443739088634240 168.0575522  -7.9213831  0.333 -21.303 -20.146 18.777 1.060  2.8  1000.00 10000.00  0 12 
3565988269286729344 168.1648171 -11.6235634  0.084   0.110  -9.542 19.110 0.701  6.1  1000.00 10000.00  0 13 
3818784890367970560 168.2025229   8.0778685  0.425 -21.293  -5.502 18.286 0.876  3.2  1000.00 10000.00  0 11 
3559226341495077632 168.2201115 -16.7164981 -0.202  -2.433   1.965 19.019 0.872 14.1  1000.00 10000.00  0 10 
3783358458218083712 168.2221402  -8.4637441  0.260 -22.259 -20.954 17.270 0.749  2.7  1000.00 10000.00  0 12 
 842400660506315136 168.2286249  52.9238865  0.034  -7.882 -10.485 18.456 0.608  6.2  1000.00 10000.00  0  8 
3817141567161012096 168.2422820   5.9976341  0.385 -20.995  -5.518 17.731 0.692  3.3  1000.00 10000.00  0 11 
3758974859430930944 168.2427094  -9.7678153  0.120  -0.166  -9.561 18.730 0.731  8.7  1000.00 10000.00  0 13 
3566612310854885888 168.3469928 -10.9124512 -0.100  -0.992  -9.824 18.056 0.669  8.9  1000.00 10000.00  0 13 
3759024513548830976 168.3570574  -9.4340005  0.288   1.237 -12.694 17.000 0.733  5.8  1000.00 10000.00  0 13 
3551828487962144768 168.3735050 -19.7105610  0.043  -2.559   1.817 14.555 1.292 14.6   205.29     4.82 12 10 
 837735260870442368 168.4138281  49.1623554 -0.300  -7.310  -9.318 18.471 0.588  7.2  1000.00 10000.00  0  8 
3539613149999325568 168.4585853 -20.5660403  0.129  -2.454   2.160 18.513 0.905 14.2  1000.00 10000.00  0 10 
3557943795540812032 168.4588724 -18.7002423  0.011  -2.403   1.964 18.148 0.895 13.8  1000.00 10000.00  0 10 
3817323605054924288 168.4870409   6.7666648  0.333 -20.965  -5.460 19.109 0.935  3.3  1000.00 10000.00  0 11 
3783124704622308736 168.4886190  -8.7879767  0.462  -0.018 -10.286 19.056 0.744  7.0  1000.00 10000.00  0 13 
3539813192396827520 168.5128748 -19.8531193  0.003  -2.533   1.938 19.382 0.727 14.8  1000.00 10000.00  0 10 
3559663470383084160 168.5143352 -15.9667347  0.114   1.438 -10.424 19.229 0.986  4.5  1000.00 10000.00  0 13 
3559877943869172480 168.5146072 -15.6034749  0.185  -0.113  -8.179 13.477 1.078  7.6  1000.00 10000.00  0 13 
 838949503961141120 168.5194184  50.8076461  0.318  -6.751 -10.489 17.157 0.805  8.7  -134.41    13.75  4  8 
 838116967500307072 168.5745599  50.2104464  0.399  -7.675  -9.903 19.490 0.724  8.7  1000.00 10000.00  0  8 
3565916732310807552 168.5782108 -11.9793694  0.432  -0.204  -9.404 18.706 0.655  6.9  1000.00 10000.00  0 13 
3566731401707532032 168.5860526 -10.5087135  0.169   0.131 -10.240 17.512 0.778  7.0  1000.00 10000.00  0 13 
3817348584584729216 168.6309328   6.8408276  0.461 -21.366  -5.440 18.518 0.906  3.3  1000.00 10000.00  0 11 
3818111993547159552 168.6371317   7.0910681  0.306 -21.340  -5.291 18.637 0.913  3.2  1000.00 10000.00  0 11 
3783056298678901376 168.7052898  -9.1031225  0.176  -0.210 -10.776 15.304 0.970  6.8   249.38     0.10 13 13 
3783454008354757248 168.7115301  -8.1545720  0.259   0.263 -11.255 18.371 0.607  7.3  1000.00 10000.00  0 13 
3817355319093465216 168.7358935   6.9326775  0.294 -21.827  -5.682 19.057 1.021  3.2  1000.00 10000.00  0 11 
3557873396733111808 168.7941558 -19.0283975 -0.069  -2.531   1.953 17.261 0.980 14.7  1000.00 10000.00  0 10 
3783450091344754688 168.7974718  -8.1952502  0.180  -0.029 -10.155 18.293 0.625  7.1  1000.00 10000.00  0 13 
3538134238141646336 168.8059871 -22.2159841  0.124  -2.448   2.039 18.426 0.892 13.0  1000.00 10000.00  0 10 
3816935309947236096 168.8184609   5.8092489  0.129 -20.304  -5.430 18.630 0.879  3.5  1000.00 10000.00  0 11 
3566829807998521216 168.8465986  -9.8913404 -0.108   0.742  -9.960 17.479 0.590  7.2  1000.00 10000.00  0 13 
3565537675677236352 168.8521844 -11.9943361  0.148   0.597  -9.492 17.616 0.818  7.4   322.58     5.34  6 13 
3818599175982351104 168.8563118   7.9865383 -0.097 -21.057  -5.630 17.831 0.804  3.2  1000.00 10000.00  0 11 
3817741045811710976 168.8624944   7.2436326  0.342 -21.487  -5.406 18.512 0.865  3.2  1000.00 10000.00  0 11 
3539717779699392128 168.8690044 -20.2881754  0.109  -2.710   1.847 17.966 0.922 14.1  1000.00 10000.00  0 10 
3539698881843280512 168.8862945 -20.4876256 -0.047  -2.655   2.524 19.207 0.840 14.3  1000.00 10000.00  0 10 
3565536644885084160 168.8928806 -12.0237248  0.264  -0.440  -9.425 17.526 0.845  9.4   279.99     5.22  6 13 
3566305100433656448 168.9182534 -11.6133984  0.097   0.698  -9.437 18.705 0.607  7.9  1000.00 10000.00  0 13 
3538120773420008448 168.9287908 -22.3098758 -0.033  -2.578   2.179 15.994 1.063 14.2  1000.00 10000.00  0 10 
3566409111657211008 168.9463752 -11.0734903  0.375  -1.277  -7.490 17.488 0.704  8.8  1000.00 10000.00  0 13 
3565138003200757120 169.0283659 -12.3801048 -0.003  -1.016  -9.136 19.447 0.888  6.2  1000.00 10000.00  0 13 
3537821259580151168 169.0290292 -23.1171237  0.018  -2.608   1.874 18.482 0.874 14.2  1000.00 10000.00  0 10 
3817737158866040064 169.0372839   7.2260862  0.384 -21.040  -5.389 18.058 0.784  3.2  1000.00 10000.00  0 11 
3783140475742799616 169.0389228  -8.7132570  0.316   0.693 -10.420 17.541 0.671  7.3  1000.00 10000.00  0 13 
3963179423116879744 169.0683645   9.8918740  0.284 -21.660  -5.123 16.749 0.628  3.2  1000.00 10000.00  0 11 
3564642432694432256 169.0682904 -13.9212986 -0.066  -1.876  -9.372 19.301 0.699  7.3  1000.00 10000.00  0 13 
3566500302403074944 169.0728930 -11.0447611 -0.073   0.572 -11.453 17.674 0.678  6.4  1000.00 10000.00  0 13 
 838979495716296064 169.0852250  51.1832114  0.098  -7.355  -9.256 18.238 0.598  8.9  1000.00 10000.00  0  8 
3590855099137814784 169.1082003  -9.6346528  0.204   0.762 -11.270 18.983 0.727  6.5  1000.00 10000.00  0 13 
3783187896476889216 169.1263852  -8.6750773  0.134  -1.800 -11.777 16.888 0.759  6.7  1000.00 10000.00  0 13 
3783062650935233280 169.1292754  -9.1261893 -0.193  -1.965 -14.389 18.351 0.642  6.0  1000.00 10000.00  0 13 
3783059902156149248 169.1386800  -9.2008251  0.157   0.021 -10.210 18.790 0.691  6.8  1000.00 10000.00  0 13 
3818538221806874496 169.1719618   7.7461913  0.083 -21.092  -5.232 17.270 0.701  3.2  1000.00 10000.00  0 11 
3811958744225467008 169.1770117   3.5485125  0.502 -18.033  -7.835 18.918 0.931  3.8  1000.00 10000.00  0 11 
3784760984083334144 169.1813448  -6.6405949  0.616 -21.418 -20.775 19.466 1.263  2.9  1000.00 10000.00  0 12 
3566558091187768192 169.2018910 -10.4732508  0.558   0.106  -9.841 19.498 0.690  7.4  1000.00 10000.00  0 13 
3783485383091671424 169.2042608  -7.8819775  0.145 -19.908 -20.842 18.682 1.095  2.6  1000.00 10000.00  0 12 
3818758025347925376 169.2076526   8.6508634  0.570 -21.397  -5.286 18.249 0.823  3.1  1000.00 10000.00  0 11 
3811955175108270720 169.2484270   3.4932629  0.370 -21.596  -5.808 17.359 0.722  3.4  1000.00 10000.00  0 11 
3565530528851764480 169.2564435 -11.9549609  0.224  -1.221  -8.860 18.697 0.684  7.1  1000.00 10000.00  0 13 
3817275570140756352 169.2800796   6.7118495 -0.021 -20.938  -5.244 17.953 0.816  3.3  1000.00 10000.00  0 11 
3817071305791426560 169.2982580   6.3063969  0.275 -20.925  -5.482 13.840 0.985  3.3  -119.91     0.09  1 11 
3559797297267439488 169.3062016 -15.4856285 -0.092  -0.695  -8.678 18.173 0.689  9.4  1000.00 10000.00  0 13 
3558706375573957888 169.3207900 -17.3659042  0.089  -2.290  -8.599 18.961 0.732  7.5  1000.00 10000.00  0 13 
3565461878094227840 169.3254093 -12.4097842  0.364  -0.180  -8.516 19.006 0.704  7.1  1000.00 10000.00  0 13 
3566761505134145024 169.3255377 -10.1205679  0.202  -1.012 -11.621 17.305 0.664  6.2  1000.00 10000.00  0 13 
3565529983391595008 169.3499250 -11.9586328  0.248  -0.198 -10.234 16.684 0.733  6.9   -53.66     3.04  6 13 
3564850274751959680 169.3549049 -13.1190273 -0.326  -1.801  -8.796 18.733 0.581  6.6  1000.00 10000.00  0 13 
3559800767601051392 169.3573348 -15.3520994  0.171   0.615  -8.423 17.445 0.831  8.2  1000.00 10000.00  0 13 
3561534182042184448 169.3622251 -14.6468286  0.556   0.525  -9.586 19.179 0.675  7.2  1000.00 10000.00  0 13 
 838981969617475712 169.3916064  51.2063849  0.056  -7.375  -9.215 18.113 0.576  8.9  1000.00 10000.00  0  8 
3817727125822404096 169.4075175   7.1738687  0.297 -21.141  -5.293 18.360 0.889  3.2  1000.00 10000.00  0 11 
3818769157903153664 169.4152570   8.8720571  0.037 -21.172  -5.324 17.669 0.729  3.2  1000.00 10000.00  0 11 
3534509667996540032 169.4262677 -24.8309253 -0.081  -2.637   2.348 17.073 1.003 14.1  1000.00 10000.00  0 10 
3558116904199171328 169.4529816 -17.8297647  0.095   1.078  -7.933 18.174 0.620  7.1  1000.00 10000.00  0 13 
3537753119922917120 169.4708700 -23.3447209 -0.305  -2.526   2.040 18.917 0.889 14.4  1000.00 10000.00  0 10 
 789521096181074048 169.4943184  48.4184245  0.168  -8.116  -8.740 19.288 0.659  6.4  1000.00 10000.00  0  8 
3565676699474333952 169.5234405 -11.4758762  0.173  -0.520 -11.274 16.773 0.850  6.2   113.35     2.43  6 13 
3565553416733202944 169.5310967 -11.8106905 -0.007   0.033  -9.195 17.589 0.646  7.7  1000.00 10000.00  0 13 
3817755025930084096 169.5452846   7.3960745  0.246 -21.662  -4.673 17.252 0.713  3.2  1000.00 10000.00  0 11 
3817699397513377152 169.5810107   7.1110261  0.239 -20.800  -5.323 17.198 0.673  3.3  -140.68    15.56  4 11 
3565501293010092160 169.5965922 -12.0424991  0.129   0.250  -9.559 15.359 0.979  7.6   322.39     0.86  8 13 
3534589829266176512 169.6104798 -24.4487328  0.017  -2.438   2.277 17.061 1.003 14.1  1000.00 10000.00  0 10 
3558107317832224384 169.6111213 -17.7839668 -1.124   0.053  -6.921 19.413 0.676  7.5  1000.00 10000.00  0 13 
3558107352191963392 169.6201503 -17.7787517  0.010  -0.820  -7.947 18.987 0.654  7.4  1000.00 10000.00  0 13 
3559794720287456896 169.6203344 -15.3441241 -0.365  -1.049  -8.702 19.080 0.673  7.2  1000.00 10000.00  0 13 
3565460675503471104 169.6320874 -12.2213834  0.017  -0.019  -8.178 17.977 0.633  7.6  1000.00 10000.00  0 13 
3783982465426757632 169.6357973  -7.0197359  0.491 -21.696 -20.772 17.654 0.783  2.8  1000.00 10000.00  0 12 
3591011783840590976 169.6494901  -8.9510024  0.435 -20.656 -19.998 16.838 0.644  2.8  1000.00 10000.00  0 12 
3565503766911297536 169.6662452 -11.9459897  0.128  -1.022  -6.388 17.200 0.830  9.4  1000.00 10000.00  0 13 
3559740607995699712 169.7022094 -15.5515472  0.158   0.383  -8.927 19.054 0.680  7.1  1000.00 10000.00  0 13 
3590788991001469568 169.7082249  -9.8742173  0.106   0.143 -10.306 18.571 0.614  7.9  1000.00 10000.00  0 13 
3534521277292202240 169.7182332 -24.8258341  0.076  -2.613   2.361 18.869 0.878 14.1  1000.00 10000.00  0 10 
3784896533250971008 169.7305041  -6.0467086  0.565 -20.173 -19.122 18.549 0.979  2.9  1000.00 10000.00  0 12 
3561293801312561024 169.7864892 -15.2774197  0.136   0.386  -8.979 17.650 0.801  8.5  1000.00 10000.00  0 13 
3534544646210279296 169.8258520 -24.5057108 -0.170  -2.675   2.251 17.860 0.949 14.4  1000.00 10000.00  0 10 
3534278598756016384 169.8330354 -25.3197646  0.358  -3.114   1.839 19.162 0.825 14.0  1000.00 10000.00  0 10 
3813526961340062976 169.8337107   4.3821047  0.143 -20.742  -5.666 17.547 0.702  3.4  1000.00 10000.00  0 11 
3817448335200858240 169.8561826   6.5633341  0.075 -20.793  -5.170 17.244 0.746  3.3  1000.00 10000.00  0 11 
3534706892894760448 169.8603192 -23.9602185  0.115  -2.746   2.306 16.814 0.988 14.3  1000.00 10000.00  0 10 
3783233281395856000 169.8695665  -8.1645841  0.342 -20.948 -19.964 17.204 0.679  2.8  1000.00 10000.00  0 12 
3558034951926624256 169.8810095 -18.1513990 -0.282  -2.488  -6.857 19.369 0.666  7.7  1000.00 10000.00  0 13 
3561743054891653632 169.8819270 -13.7364047  0.004   0.441  -9.034 18.876 0.683  6.6  1000.00 10000.00  0 13 
3538461480288849920 169.8930939 -22.1145555  0.115  -2.600   2.083 18.258 0.907 12.5  1000.00 10000.00  0 10 
3564778119300836608 169.9060788 -13.4031195 -0.009   0.559  -9.733 19.219 0.767  7.8  1000.00 10000.00  0 13 
3561245079203499648 169.9079096 -15.3817723  0.410  -0.321  -8.192 18.985 0.772  5.0  1000.00 10000.00  0 13 
3561729070478085120 169.9191356 -13.8118910  0.343   1.746  -9.311 18.753 0.686  6.2  1000.00 10000.00  0 13 
3813523727229048960 169.9195838   4.3546162  0.321 -18.850  -5.575 19.008 1.037  3.4  1000.00 10000.00  0 11 
3566467106600140416 169.9238154 -10.9424307  0.081   0.422  -9.228 18.349 0.703  8.0  1000.00 10000.00  0 13 
 838592162681957376 169.9245937  51.1406699  0.013  -7.379  -9.020 18.232 0.595  8.8  1000.00 10000.00  0  8 
3534327900683988992 169.9362077 -24.9893739 -0.004  -2.421   2.161 16.867 1.017 14.9  1000.00 10000.00  0 10 
3817866287058191104 169.9697109   7.7157495  0.388 -20.600  -5.092 16.816 0.624  3.4  1000.00 10000.00  0 11 
 789746629200044544 169.9872357  49.1758639  0.075  -7.160  -9.342 18.708 0.644  6.9  1000.00 10000.00  0  8 
3558486267090506240 169.9950204 -17.6832474  0.081  -0.590  -7.746 19.176 0.715  7.2  1000.00 10000.00  0 13 
 839368555329276800 169.9992868  51.5390934  0.241  -6.760  -8.041 17.883 0.690  9.3  1000.00 10000.00  0  8 
3545913179828119424 170.0070358 -19.0081287  0.175   1.486  -7.399 19.002 0.633  7.1  1000.00 10000.00  0 13 
3565667246250905728 170.0204009 -11.3910502  0.131  -0.376  -8.330 17.529 0.770  8.9   112.19     2.44  6 13 
3538581327056255104 170.0207251 -21.7551970  0.023  -3.184   2.228 19.007 0.893 14.1  1000.00 10000.00  0 10 
3565590246077059968 170.0218279 -11.8541548  0.165  -0.271  -8.098 17.771 0.810  8.0  1000.00 10000.00  0 13 
3786423170785999872 170.0382955  -5.6372913  0.292 -20.272 -18.922 18.329 0.911  2.9  1000.00 10000.00  0 12 
3534733517395463168 170.0441609 -23.7859729 -0.520  -3.400   2.464 19.412 0.666 13.5  1000.00 10000.00  0 10 
3561674713371783040 170.0564815 -14.0481763  0.508   1.679  -9.805 19.280 0.733  7.3  1000.00 10000.00  0 13 
3561253085022611072 170.0772945 -15.2478788  0.073  -1.053  -9.161 17.511 0.703  7.6  1000.00 10000.00  0 13 
3565616118959851520 170.1100617 -11.5377158  0.107  -0.093  -9.610 17.899 0.696  8.0  1000.00 10000.00  0 13 
3817397959529120128 170.1362373   6.5197624  0.246 -20.837  -5.433 17.481 0.686  3.3  1000.00 10000.00  0 11 
3561780644445603456 170.1404195 -13.4132615  0.296   0.107  -9.304 18.818 0.579 10.2  1000.00 10000.00  0 13 
3561756283390999680 170.1555455 -13.6343313  0.181   0.236  -9.305 18.463 0.585 10.3  1000.00 10000.00  0 13 
3534200224192967808 170.1616507 -25.8880813  0.200  -2.503   2.482 17.830 0.937 13.7  1000.00 10000.00  0 10 
3813457653452430208 170.1638924   4.1310188  0.261 -21.252  -5.599 18.526 0.782  3.4  1000.00 10000.00  0 11 
3783699714843992832 170.1691549  -7.5487509  0.286 -20.080 -19.021 17.624 0.712  3.0  1000.00 10000.00  0 12 
3534655044049631744 170.1718415 -24.1079432  0.015  -2.739   2.313 16.692 1.022 15.5  1000.00 10000.00  0 10 
3565294924126238080 170.1768039 -12.2437603  0.230  -0.239 -12.473 17.441 0.704  6.6  1000.00 10000.00  0 13 
 838618722759678336 170.2269992  51.5433970  0.077  -7.455  -9.079 17.116 0.870  9.0  -156.75     4.62  8  8 
 838527600733576064 170.2307495  50.8436111  0.106  -7.749 -10.356 18.047 0.694  8.6     4.38     6.61  6  8 
3784129692610374528 170.2493800  -6.2213854  0.290 -20.896 -19.881 16.958 0.662  2.9  1000.00 10000.00  0 12 
3589744558033990016 170.2737244 -10.7731811  0.340   0.116  -9.293 18.387 0.721 10.0  1000.00 10000.00  0 13 
3565221054984182912 170.2737636 -12.5960085 -0.068   0.114  -8.954 17.678 0.807  7.4  1000.00 10000.00  0 13 
3565270361208747648 170.2870814 -12.5052342  0.506  -0.245 -10.376 18.524 0.657  7.7  1000.00 10000.00  0 13 
 790195646558215552 170.3045446  49.7804130  0.329  -6.800  -8.980 17.341 0.606  7.2  1000.00 10000.00  0  8 
3813855642301613440 170.3274042   5.0148419  0.205 -22.134  -5.262 17.458 0.717  3.3  1000.00 10000.00  0 11 
3538580128762072192 170.3327509 -21.5687884  0.589  -3.044   2.568 18.781 0.646 11.0  1000.00 10000.00  0 10 
3817599380610633728 170.3421494   7.2358096  0.265 -20.584  -5.220 18.171 0.848  3.2  1000.00 10000.00  0 11 
3817798323495746048 170.3554300   7.4836598  0.219 -21.018  -5.267 16.768 0.647  3.3  1000.00 10000.00  0 11 
3558447784183496064 170.3834644 -17.7245450 -0.097  -1.052  -8.314 19.302 0.665  7.6  1000.00 10000.00  0 13 
3546394319244045824 170.4405690 -18.1929752  0.081  -0.373  -6.716 19.236 0.648  7.8  1000.00 10000.00  0 13 
3558872058232637568 170.4563463 -16.4081650  0.346   1.787 -12.627 18.489 0.784  4.1  1000.00 10000.00  0 13 
3534419125789711744 170.4656590 -24.6752070  0.320  -3.044   1.827 18.605 0.787 13.0  1000.00 10000.00  0 10 
3814364510027062400 170.4812651   6.0157469  0.066 -20.622  -5.414 17.438 0.679  3.3  1000.00 10000.00  0 11 
3814346402444893056 170.4877500   5.9495432  0.247 -19.182  -4.047 17.661 0.646  3.5  1000.00 10000.00  0 11 
3560482262948135808 170.4906217 -15.4557271  0.122  -1.317  -5.975 16.377 0.913  9.6    68.24     0.14 13 13 
3560452537478391040 170.4937895 -15.8566002  0.087  -0.667  -6.165 17.913 0.683  9.5  1000.00 10000.00  0 13 
3558651193834809216 170.5191109 -16.7351875  0.492  -1.013  -8.771 18.948 0.626  9.1  1000.00 10000.00  0 13 
3534265056723569536 170.5290961 -25.1114020 -0.439  -2.400   1.866 19.452 0.804 16.9  1000.00 10000.00  0 10 
3565400614680983296 170.5450865 -11.9175715  0.075  -0.083  -9.172 16.895 0.885 10.0  1000.00 10000.00  0 13 
3535121748079431552 170.5528056 -23.4368983  0.537  -2.753   1.946 18.417 0.866 12.9  1000.00 10000.00  0 10 
3562143861239458560 170.5574797 -13.2963267  0.288  -2.112  -9.942 19.241 0.779  7.5  1000.00 10000.00  0 13 
3561693336350153088 170.5739320 -13.8516604  0.326   0.196  -8.991 19.045 0.674  7.4  1000.00 10000.00  0 13 
 838625762210074240 170.5876034  51.4967933 -0.183  -7.590  -8.907 19.063 0.630  8.8  1000.00 10000.00  0  8 
3534250251972068992 170.5944180 -25.2280457 -0.003  -3.600   1.282 19.334 0.716 14.9  1000.00 10000.00  0 10 
3534469741978682240 170.6005809 -24.2845271  0.176  -3.357   1.956 18.489 0.848 11.4  1000.00 10000.00  0 10 
3562140253466881920 170.6140820 -13.3622896 -0.209  -1.701  -7.954 18.245 0.733  8.0  1000.00 10000.00  0 13 
3784060908709373184 170.6197718  -6.4936773 -0.212 -19.035 -18.922 18.977 1.019  2.9  1000.00 10000.00  0 12 
3562196843956540672 170.6668577 -12.8640101 -0.116  -0.015  -9.052 18.973 0.612  8.0  1000.00 10000.00  0 13 
3534359378501214336 170.6669362 -25.0472013  0.002  -2.461   2.051 15.719 1.094 15.1  1000.00 10000.00  0 10 
3913997031055740800 170.6720897   8.4804236  0.505 -20.047  -4.925 18.983 1.070  3.1  1000.00 10000.00  0 11 
3590543902987741824 170.6741509 -10.2005768  0.102   0.232  -9.775 18.350 0.695 10.0  1000.00 10000.00  0 13 
3783746925124205824 170.6764097  -7.5179533  0.522 -20.352 -19.582 17.654 0.767  2.9  1000.00 10000.00  0 12 
3589668038896539904 170.6792941 -11.2473459 -0.272   0.260  -8.777 19.458 0.713  8.7  1000.00 10000.00  0 13 
3561380147334928768 170.6815701 -14.8953793  0.283   0.002  -6.953 19.380 0.784  7.5  1000.00 10000.00  0 13 
3531551638120323200 170.6827669 -27.5271239  0.018  -2.832   2.566 16.000 1.059 13.9  1000.00 10000.00  0 10 
3589780567040370432 170.6891859 -10.4503197  0.438  -0.618  -9.674 17.195 0.843  9.3  1000.00 10000.00  0 13 
3560382752849461120 170.7001705 -16.1843868 -0.007   0.186  -8.560 17.156 0.777  7.5  1000.00 10000.00  0 13 
3558452427044698880 170.7117092 -17.6348379 -0.169  -0.822  -8.321 18.181 0.675 10.0  1000.00 10000.00  0 13 
3817635144802764672 170.7168784   7.5764754  0.675 -20.326  -5.318 18.142 0.779  3.3  1000.00 10000.00  0 11 
3561267932725783936 170.7357198 -15.1385062  0.149  -0.449  -9.775 16.715 0.888  9.8  1000.00 10000.00  0 13 
3546308213740437888 170.8259889 -18.6931112  0.328  -0.538  -6.445 17.842 0.732  8.8  1000.00 10000.00  0 13 
3546429263098548224 170.8352681 -17.9115813  0.557  -0.827  -8.544 18.842 0.614  7.5  1000.00 10000.00  0 13 
 838574291322137728 170.8436854  51.3567596  0.026  -7.398  -8.976 18.462 0.622  9.1  1000.00 10000.00  0  8 
3546436895257279360 170.8498330 -17.8017034  0.193  -1.225  -5.063 17.772 0.751  9.8  1000.00 10000.00  0 13 
3783760428501554944 170.8507739  -7.3114890  0.296 -20.296 -19.313 18.685 0.949  2.9  1000.00 10000.00  0 12 
3561468967258895232 170.8517463 -14.3992753  0.170  -1.672  -8.826 18.522 0.719 10.2  1000.00 10000.00  0 13 
3562074076610635904 170.8596574 -13.6142477  0.223   0.937  -9.194 17.458 0.618  8.8  1000.00 10000.00  0 13 
 838574394401365120 170.8655507  51.3827814  0.083  -7.451  -9.245 19.156 0.666  8.9  1000.00 10000.00  0  8 
3562066865361595648 170.8970808 -13.7659703 -0.015  -1.705  -9.058 17.649 0.657  7.4  1000.00 10000.00  0 13 
3914924812711130496 170.9044371   9.4505455  0.378 -21.169  -5.374 18.867 0.903  3.2  1000.00 10000.00  0 11 
3546423529319034112 170.9221396 -17.8792247  0.295  -0.667  -8.444 17.945 0.769 10.1  1000.00 10000.00  0 13 
3560483259380632192 170.9342554 -15.6324651  0.112  -0.933  -6.789 18.019 0.709  9.7  1000.00 10000.00  0 13 
3483267680201772800 170.9500711 -28.9668132  0.110  -4.702   1.707 19.205 0.781 14.6  1000.00 10000.00  0 10 
 839802583249230208 170.9539034  53.1068822  0.436  -7.413  -9.142 18.813 0.734  6.7  1000.00 10000.00  0  8 
3562123211036711808 170.9586963 -13.2812721  0.335  -0.765  -9.911 17.298 0.643  9.0  1000.00 10000.00  0 13 
3560492807091633664 170.9592494 -15.4720610  0.039   0.202  -8.610 18.518 0.618 10.5  1000.00 10000.00  0 13 
3783835264012160000 170.9690524  -7.0839427  0.341 -20.255 -18.522 18.900 1.064  2.8  1000.00 10000.00  0 12 
3546361235113868800 170.9708882 -18.2276675  0.020   1.425  -7.454 19.094 0.679  7.3  1000.00 10000.00  0 13 
3546331956319172096 170.9737628 -18.4216297  0.340  -0.541  -7.957 17.881 0.659  7.7  1000.00 10000.00  0 13 
3546538836304119296 171.0230867 -17.5389663 -0.007  -0.388  -8.472 18.856 0.550 10.1  1000.00 10000.00  0 13 
3535097077787230976 171.0250502 -23.4686731  0.340  -2.584   2.597 17.719 0.974 14.2  1000.00 10000.00  0 10 
3560491810658844288 171.0255060 -15.4942111  0.404   0.211  -8.422 18.225 0.596  6.9  1000.00 10000.00  0 13 
3546332540434758272 171.0271907 -18.3646064 -0.051  -0.749  -8.657 18.908 0.647  8.0  1000.00 10000.00  0 13 
3558661849649992960 171.0459260 -16.7726897  0.001  -0.692  -8.586 17.256 0.867 10.1  1000.00 10000.00  0 13 
3546424628830670208 171.0459512 -17.8320319 -0.022  -0.553  -8.148 19.168 0.645  7.7  1000.00 10000.00  0 13 
3546318762180213888 171.0543481 -18.4939177 -0.319  -0.797  -7.504 18.812 0.697  7.7  1000.00 10000.00  0 13 
3558663563340284032 171.0722386 -16.6870198  0.537  -0.456  -5.777 18.098 0.641  9.4  1000.00 10000.00  0 13 
 838299585213817984 171.0857686  50.6501345  0.298  -7.441  -8.671 17.764 0.711  8.8  1000.00 10000.00  0  8 
3545609096143317888 171.0877274 -19.8731432  0.491   0.591  -7.349 19.037 0.673  7.8  1000.00 10000.00  0 13 
3785613483551805952 171.0888629  -5.9639622  0.587 -19.462 -18.372 19.165 1.067  3.0  1000.00 10000.00  0 12 
3483484975481846272 171.0973421 -27.9691756  0.534  -3.556   2.150 18.071 0.917 11.5  1000.00 10000.00  0 10 
3561480615209638016 171.1106052 -14.1400793  0.181  -0.023  -8.934 17.801 0.774  9.6  1000.00 10000.00  0 13 
3558560557141045888 171.1168203 -17.2015911  0.312  -1.360  -8.004 17.689 0.808  7.8  1000.00 10000.00  0 13 
3534852921783136384 171.1208366 -24.0379621  0.033  -2.813   2.397 15.775 1.095 14.4  1000.00 10000.00  0 10 
3531537000872258304 171.1342071 -27.6505719  0.384  -2.386   2.429 18.125 0.903 14.0  1000.00 10000.00  0 10 
3544859847688762752 171.1413655 -19.8832873  0.180  -0.285  -8.109 18.438 0.655  7.7  1000.00 10000.00  0 13 
3533398577136923264 171.1509481 -26.0259757 -0.060  -2.853   2.166 17.374 0.963 14.7  1000.00 10000.00  0 10 
3914937667548847744 171.1613752   9.5038134  0.537 -20.293  -5.151 15.621 0.745  3.2    10.48     7.95  4 11 
3558613913518283136 171.1648077 -16.8364152  0.429  -0.302  -8.816 18.907 0.572 10.3  1000.00 10000.00  0 13 
3565339110749087616 171.1744444 -12.2758087 -0.050  -0.156  -9.839 19.306 0.680  7.7  1000.00 10000.00  0 13 
3546515991374708352 171.2135538 -17.8017661  0.195  -0.177  -5.754 18.108 0.732  9.5  1000.00 10000.00  0 13 
3561881558996953600 171.2169981 -13.8046213  0.299  -1.624  -9.504 18.550 0.592 10.0  1000.00 10000.00  0 13 
3560588297100760192 171.2170425 -15.3688967  0.230  -0.841  -9.256 15.514 0.961  7.8    72.06     0.52  8 13 
3560198893889422848 171.2258136 -16.1646527  0.037   0.207  -8.378 18.439 0.607  7.5  1000.00 10000.00  0 13 
3560414058867637504 171.2341576 -15.9029838  0.340   1.072  -9.943 16.958 0.630  4.8  1000.00 10000.00  0 13 
3589689341934615424 171.2448346 -10.9341863  0.154  -0.927 -11.679 18.917 0.744  7.7  1000.00 10000.00  0 13 
3533600195786062848 171.2872197 -25.0326838 -0.391  -3.128   2.669 19.370 0.797 14.8  1000.00 10000.00  0 10 
3560601383864877440 171.3052611 -15.1408330  0.173  -0.854  -9.329 18.931 0.660  7.2  1000.00 10000.00  0 13 
3913650517389919360 171.3089145   7.4624331  0.498 -20.078  -5.416 16.727 0.648  3.5  1000.00 10000.00  0 11 
3914072416321546240 171.3185669   8.6350327 -0.049 -20.824  -4.658 18.902 0.940  3.2  1000.00 10000.00  0 11 
3561912143460241152 171.3186898 -13.5832588  0.188   0.424  -9.255 17.054 0.655  9.1  1000.00 10000.00  0 13 
 790163382763844224 171.3198636  49.8319182 -0.475  -7.650  -9.378 18.926 0.586  6.7  1000.00 10000.00  0  8 
3562331293612484736 171.3346619 -12.3892690  0.237  -0.275  -9.552 18.688 0.689 10.0  1000.00 10000.00  0 13 
3562287351802679040 171.3355658 -12.6840527  0.017  -0.353  -7.608 18.587 0.661 11.8  1000.00 10000.00  0 13 
3812421368038761088 171.3464269   3.1903258  0.331 -20.760  -5.471 17.468 0.725  3.3  1000.00 10000.00  0 11 
3546531689478606720 171.3698470 -17.4670008  0.187   0.828  -8.693 18.564 0.687 11.4  1000.00 10000.00  0 13 
3546107827745596160 171.3781770 -18.7939648  0.127  -0.562  -6.944 17.706 0.677  7.9  1000.00 10000.00  0 13 
3813614303795046272 171.3809343   4.7854995  0.261 -20.426  -5.139 16.401 0.677  3.4   246.79     3.27  6 11 
3546529735270075904 171.3920717 -17.5713716  0.091   0.658  -7.954 18.143 0.590  8.6  1000.00 10000.00  0 13 
3814434436389976064 171.4043356   6.4073831  0.213 -19.575  -6.415 17.716 0.737  3.3  1000.00 10000.00  0 11 
3546348040973999616 171.4099954 -18.2956327  0.236  -0.638  -8.390 17.469 0.867 10.1  1000.00 10000.00  0 13 
3481737091297217280 171.4170152 -30.8405513  0.127  -2.450   2.364 18.248 0.875 11.3  1000.00 10000.00  0 10 
3483517376717010304 171.4260502 -27.7141010  0.068  -2.462   2.479 18.898 0.834 14.5  1000.00 10000.00  0 10 
3546574673510740992 171.4298771 -17.1770601  0.278  -0.541  -8.388 19.093 0.672  7.8  1000.00 10000.00  0 13 
3546475859200371456 171.4334694 -17.7687601  0.092  -1.992  -6.080 17.705 0.811  9.2  1000.00 10000.00  0 13 
 839882817534175488 171.4402194  53.7965331 -0.300  -7.465  -8.872 19.482 0.835  6.2  1000.00 10000.00  0  8 
3913758608831469568 171.4525764   8.1744482  0.431 -19.488  -4.314 16.485 0.689  3.6   272.06     2.58  6 11 
3560115678899722624 171.4600906 -16.6720933  0.306  -1.043  -8.562 18.862 0.607 11.5  1000.00 10000.00  0 13 
3562239110730053376 171.4784188 -12.7576296  0.020   0.182  -9.370 17.298 0.823  7.8  1000.00 10000.00  0 13 
3814111794151376128 171.4792995   5.6698504  0.241 -20.112  -5.140 18.941 0.969  3.4  1000.00 10000.00  0 11 
3561817035704465792 171.4897201 -13.9671758  0.385  -0.031  -9.312 19.424 0.727  7.1  1000.00 10000.00  0 13 
3546132498037845120 171.5391770 -18.6670296 -0.251  -0.333  -7.727 19.183 0.626  7.9  1000.00 10000.00  0 13 
3533080818276592896 171.5512920 -27.0697202  0.077  -2.586   2.127 16.815 1.029 14.8  1000.00 10000.00  0 10 
 838674626054567296 171.5646042  51.5838353  0.167  -7.157  -8.165 18.429 0.699  9.3  1000.00 10000.00  0  8 
 839508262026406272 171.5751100  52.2690589  0.239  -7.697  -8.800 18.319 0.638  9.0  1000.00 10000.00  0  8 
3561811778664535808 171.5984714 -14.0732192 -0.002  -0.131 -10.512 18.083 0.622  9.5  1000.00 10000.00  0 13 
3560125299626776448 171.6011554 -16.5028262  0.173  -3.697  -8.542 14.167 1.014  8.0    23.04     0.04 13 13 
3533213305132065280 171.6040317 -26.0280535 -0.240  -2.829   2.464 19.217 0.743 14.4  1000.00 10000.00  0 10 
3560547542154748160 171.6222753 -15.2626791 -0.087  -0.248  -8.649 18.874 0.633 11.0  1000.00 10000.00  0 13 
3589383746421338496 171.6507831 -11.7070850  0.369  -0.717 -10.169 18.324 0.683 10.0  1000.00 10000.00  0 13 
3591490204541991168 171.6590397  -8.1528603  0.290 -19.350 -18.623 17.677 0.737  3.0  1000.00 10000.00  0 12 
3544814359691599872 171.6603032 -20.0558878  0.187  -0.376  -8.146 15.835 0.945 10.4   133.52     0.57  8 13 
3546551858645025024 171.6707327 -17.4712145  0.231  -0.474  -8.570 19.314 0.753  7.7  1000.00 10000.00  0 13 
3546130436453541632 171.6731270 -18.6667581 -0.056  -1.255  -6.563 18.686 0.715 11.5  1000.00 10000.00  0 13 
3814120899482424192 171.6750484   5.8265859  0.351 -17.123  -5.042 16.783 0.640  4.0   213.89    17.43  4 11 
3561903725324385536 171.6809711 -13.5668160  0.177  -0.145  -9.114 17.205 0.802  7.8  1000.00 10000.00  0 13 
3548085196329219840 171.7036745 -16.9643660  0.149   0.089  -8.178 19.255 0.780  7.1  1000.00 10000.00  0 13 
3544816485699227264 171.7083423 -19.9817853  0.485  -0.455  -8.233 19.391 0.625 10.3  1000.00 10000.00  0 13 
 838685582514703488 171.7089383  51.7709656  0.156  -7.620  -8.926 18.988 0.606  9.0  1000.00 10000.00  0  8 
3561844965875603072 171.7142537 -13.7934501  0.169   0.751  -8.581 19.391 0.779  7.7  1000.00 10000.00  0 13 
 790312224853065728 171.7221049  50.1933535  0.357  -7.094  -8.814 18.895 0.594  7.1  1000.00 10000.00  0  8 
3561899013744160640 171.7303958 -13.6634466  0.323  -0.394  -9.309 19.245 0.681  7.8  1000.00 10000.00  0 13 
3533082776781750528 171.7309566 -27.0889855  0.022  -2.875   2.433 14.797 1.236 14.4   190.87     5.46 12 10 
3544772303371882496 171.7636339 -20.3146965  0.305  -0.347  -7.924 18.156 0.772 10.6  1000.00 10000.00  0 13 
 839792275327796096 171.7686366  53.1759318 -0.328  -7.868  -9.080 18.480 0.578  9.7  1000.00 10000.00  0  8 
3560218272782308864 171.7695700 -15.9057868  0.128  -0.930  -8.961 18.280 0.651 10.4  1000.00 10000.00  0 13 
3544808754757619584 171.7724230 -20.1851486  0.146  -0.006  -8.301 19.133 0.649  7.6  1000.00 10000.00  0 13 
3546075082915756032 171.7796012 -18.9472128 -0.006  -0.158  -8.371 17.949 0.701  8.8  1000.00 10000.00  0 13 
3544549617907165568 171.7824897 -20.9074643  0.133   0.383  -7.689 16.009 0.916  7.8  1000.00 10000.00  0 13 
3560325200288240128 171.7886001 -15.7758608  0.113  -0.899  -9.187 18.116 0.630  9.0  1000.00 10000.00  0 13 
3483088257944686464 171.7945427 -29.0056302  0.022  -2.843   2.430 16.761 1.009 14.8  1000.00 10000.00  0 10 
3786215260009251712 171.7992334  -4.6966179  0.182 -18.897 -17.851 19.452 1.062  3.2  1000.00 10000.00  0 12 
3561016037187271808 171.8032239 -14.6248412 -0.271   0.474  -8.370 19.207 0.727  7.5  1000.00 10000.00  0 13 
3561041566473119488 171.8098226 -14.3396881  0.294   1.303  -8.594 18.457 0.696 11.0  1000.00 10000.00  0 13 
3544872938749412608 171.8124443 -19.7943291  0.097  -0.064  -7.806 17.846 0.725  9.4  1000.00 10000.00  0 13 
3483508645046774528 171.8223659 -27.6990933  0.253  -2.977   2.228 17.861 0.948 14.0  1000.00 10000.00  0 10 
3481716234934854400 171.8228882 -31.0527914  0.234  -2.774   2.681 17.478 0.934 12.0  1000.00 10000.00  0 10 
3546237673196779776 171.8250724 -18.3973022 -0.058  -0.911  -6.913 18.282 0.707 10.8  1000.00 10000.00  0 13 
3560161892747858688 171.8278839 -16.2026833  0.087   0.066  -7.512 18.453 0.735  9.1  1000.00 10000.00  0 13 
3560634300493816320 171.8354290 -14.8504970  0.280   0.023  -8.821 19.134 0.647  9.0  1000.00 10000.00  0 13 
3548067883317745792 171.8573202 -17.0963792  0.223  -0.030  -7.722 17.408 0.750  8.1  1000.00 10000.00  0 13 
3545248804223274240 171.8704100 -19.7336440  0.235  -0.849  -8.668 17.639 0.654  8.8  1000.00 10000.00  0 13 
3561031086752821760 171.8789253 -14.4540726  0.102  -0.868  -9.112 18.572 0.587 10.3  1000.00 10000.00  0 13 
3561043701073383424 171.9155182 -14.2745835  0.064   0.305  -8.790 15.139 0.984  8.6  1000.00 10000.00  0 13 
3812360409567158272 171.9185505   3.0924491  0.001 -18.047  -5.717 18.414 0.809  3.5  1000.00 10000.00  0 11 
3544570847929148032 171.9235081 -20.6899697  0.282  -0.827  -7.917 19.469 0.609 10.1  1000.00 10000.00  0 13 
3560567573881842944 171.9299541 -15.0872960  0.253  -0.344  -8.966 18.846 0.700  7.5  1000.00 10000.00  0 13 
3483241261859563776 171.9585105 -28.2544870  0.013  -2.798   2.423 17.721 0.916 14.5  1000.00 10000.00  0 10 
3913846745855657216 171.9609149   8.3152158  0.381 -20.150  -4.768 16.786 0.618  3.1  1000.00 10000.00  0 11 
3545262921779852288 171.9799145 -19.4212031  0.213  -0.351  -8.028 19.295 0.638  8.1  1000.00 10000.00  0 13 
3560568226716886144 171.9851081 -15.0392207  0.146  -0.380  -9.016 17.798 0.729  7.9  1000.00 10000.00  0 13 
3544817413412328064 171.9893793 -20.0309220  0.020   0.669  -8.255 17.986 0.674  8.8  1000.00 10000.00  0 13 
3482226206468671872 171.9995011 -29.8716304 -0.135  -2.722   2.548 17.701 0.951 14.6  1000.00 10000.00  0 10 
3544557413271518592 172.0117961 -20.7882336  0.208  -0.685  -8.002 18.389 0.617 10.5  1000.00 10000.00  0 13 
 839894018808862720 172.0131295  53.8679344  0.091  -8.384  -8.524 17.611 0.674  7.2     0.93     3.91  7  8 
3548016167614738048 172.0167888 -17.2155258  0.230  -0.664  -8.804 18.265 0.781 11.1  1000.00 10000.00  0 13 
3560147251202892288 172.0287514 -16.2797980  0.048  -0.540  -8.614 18.504 0.671 10.7  1000.00 10000.00  0 13 
3560360801273988480 172.0318217 -15.4833216  0.164   0.537  -9.079 17.715 0.696  8.8  1000.00 10000.00  0 13 
3561067645514904832 172.0411382 -14.2094168  0.093  -0.409  -9.284 18.459 0.666 10.5  1000.00 10000.00  0 13 
3483016579233783680 172.0627008 -29.4086270  0.124  -2.724   2.507 18.392 0.931 15.6  1000.00 10000.00  0 10 
3548016652947884928 172.0677721 -17.2139659  0.573  -1.018  -8.659 18.959 0.690  8.0  1000.00 10000.00  0 13 
3544799481925306112 172.0689397 -20.2133573  0.061  -0.623  -8.115 18.754 0.570 11.0  1000.00 10000.00  0 13 
3548091724679684992 172.0755657 -16.8145076  0.008  -0.286  -8.556 18.984 0.644 11.6  1000.00 10000.00  0 13 
 838761448817235456 172.0863955  52.1124826  0.248  -7.612  -8.854 18.593 0.650  9.0  1000.00 10000.00  0  8 
3548123473078045056 172.0874244 -16.5518398 -0.040   0.725  -7.311 18.550 0.660  9.2  1000.00 10000.00  0 13 
3814207490318010880 172.0920906   5.9177674  0.286 -15.241  -5.734 19.094 0.867  4.2  1000.00 10000.00  0 11 
3478313074648498304 172.0951757 -32.4418069 -0.028  -3.257   3.169 18.188 0.901 11.6  1000.00 10000.00  0 10 
3546250351940213760 172.1024606 -18.0687681  0.089  -0.494  -7.753 13.998 1.114 11.3    40.77     0.09 13 13 
3560363172095941504 172.1165897 -15.3840116  0.041  -0.665  -8.417 17.547 0.707  8.8  1000.00 10000.00  0 13 
3481509153089042816 172.1171041 -31.3538270  0.058  -2.926   2.708 15.019 1.132 11.8  1000.00 10000.00  0 10 
3560568952568185728 172.1334399 -15.0226278  0.243  -0.156  -8.838 18.796 0.624 10.1  1000.00 10000.00  0 13 
3544583938989969920 172.1448778 -20.6279573 -0.374  -0.506  -7.812 19.273 0.645 11.0  1000.00 10000.00  0 13 
3541363160194732800 172.1468688 -21.7192935  0.500   0.753  -7.689 18.583 0.763 10.7  1000.00 10000.00  0 13 
3545304016027019392 172.1544102 -19.1433472  0.327  -0.694  -8.374 18.626 0.645 10.9  1000.00 10000.00  0 13 
3560971202025488896 172.1671015 -14.6549361 -0.192  -0.591  -9.117 19.420 0.742  7.0  1000.00 10000.00  0 13 
3548073960694906624 172.1695520 -16.9676360  0.455  -0.135  -8.203 18.641 0.869 11.4  1000.00 10000.00  0 13 
 838779968715763072 172.1751151  52.3909756  0.023  -7.667  -8.652 18.581 0.653  8.9  1000.00 10000.00  0  8 
3545260757115839104 172.1750733 -19.4144101  0.082  -0.629  -8.217 17.780 0.842 10.2  1000.00 10000.00  0 13 
3482157830589461248 172.1820463 -30.2315049 -0.025  -2.710   2.427 15.666 1.125 14.9  1000.00 10000.00  0 10 
3546069688437017216 172.1823829 -18.8095321  0.185  -0.061  -7.556 17.808 0.583  8.0  1000.00 10000.00  0 13 
3541271110455245312 172.1972766 -22.1063629 -0.067  -0.391  -7.594 18.817 0.583  8.3  1000.00 10000.00  0 13 
3560372719805653760 172.2019164 -15.3014858 -0.082  -1.747  -9.104 19.270 0.727  9.0  1000.00 10000.00  0 13 
3913879795628634112 172.2180747   8.5542068  0.411 -19.822  -4.592 18.204 0.734  3.1  1000.00 10000.00  0 11 
3483139587097312256 172.2187083 -28.9118985 -0.312  -2.841   2.337 18.849 1.070 15.3  1000.00 10000.00  0 10 
3544555660925247488 172.2255702 -20.7547919  0.368  -0.920  -8.001 19.386 0.591  9.4  1000.00 10000.00  0 13 
3561065863104663808 172.2261257 -14.1876915  0.422   0.625  -9.289 17.935 0.638  7.8  1000.00 10000.00  0 13 
3814234217899296128 172.2317738   6.0934599 -0.192 -19.068  -4.979 19.040 1.019  3.4  1000.00 10000.00  0 11 
 839900164905897088 172.2333639  53.9408647 -0.158  -7.229  -8.247 18.898 0.682  7.4  1000.00 10000.00  0  8 
3560348874147615872 172.2600135 -15.4962453  0.063  -0.827  -9.281 19.282 0.688  8.5  1000.00 10000.00  0 13 
3560263528854762368 172.2703470 -15.9437573  0.158  -0.450  -8.449 17.165 0.691  9.3  1000.00 10000.00  0 13 
 838766950671479936 172.2746917  52.2552613 -0.052  -7.540  -8.653 17.893 0.646  9.0  -171.25     4.66  7  8 
3560270052908139520 172.2843226 -15.8040701  0.313  -0.391  -8.404 19.402 0.701  7.9  1000.00 10000.00  0 13 
3481425036152170880 172.2870635 -31.9773781  0.077  -2.879   2.728 18.306 0.937 15.6  1000.00 10000.00  0 10 
3548025891420914048 172.2872230 -17.0451314 -0.003  -0.005  -7.876 18.632 0.661 11.8  1000.00 10000.00  0 13 
3560954533255478528 172.2930298 -14.7877067  0.047  -0.699  -9.289 18.489 0.653 10.7  1000.00 10000.00  0 13 
3483126873994077184 172.2999647 -28.9519560  0.537  -2.827   2.690 17.882 0.975 14.7  1000.00 10000.00  0 10 
3544609193397784448 172.3083517 -20.2639839  0.271  -0.879  -8.986 17.566 0.600  7.7  1000.00 10000.00  0 13 
3560940690578209664 172.3135757 -15.0143317  0.333  -1.297  -8.773 19.416 0.727  8.9  1000.00 10000.00  0 13 
3544477767398125696 172.3324575 -21.1910852  0.311  -0.820  -7.970 18.268 0.651 10.3  1000.00 10000.00  0 13 
3545204441504445184 172.3343252 -19.7069526 -0.016  -0.323  -7.971 18.964 0.608 11.6  1000.00 10000.00  0 13 
3814155572753369088 172.3348462   5.7906781  0.320 -17.351  -5.139 18.875 0.927  3.5  1000.00 10000.00  0 11 
3560238682466803072 172.3734812 -16.2051181 -0.165  -0.340  -8.654 18.411 0.689 10.8  1000.00 10000.00  0 13 
3547803893151717888 172.3772096 -17.5765133  0.153  -0.472  -8.678 18.018 0.704  7.7  1000.00 10000.00  0 13 
3544990036737483008 172.3784709 -20.0661010  0.084  -0.501  -8.092 18.640 0.646 11.5  1000.00 10000.00  0 13 
3483122377165031040 172.3797032 -29.0475077 -0.017  -3.017   2.712 17.050 0.964 12.5  1000.00 10000.00  0 10 
3561927841564337536 172.3989726 -13.7380404 -0.164  -0.102  -9.358 18.776 0.670 13.1  1000.00 10000.00  0 13 
3483128591981029376 172.4055807 -28.9178923  0.264  -2.844   2.455 18.068 0.896 11.3  1000.00 10000.00  0 10 
3545407163960968576 172.4140963 -18.9402830 -0.261  -0.523  -8.384 18.609 0.667 11.5  1000.00 10000.00  0 13 
3482363091370482688 172.4787666 -29.2300989  0.171  -3.330   2.208 18.340 0.918 14.3  1000.00 10000.00  0 10 
3541351993279725696 172.4873897 -21.7748792  0.184  -0.583  -7.934 18.638 0.666  8.0  1000.00 10000.00  0 13 
3593095285359912064 172.5024653  -7.0446991  0.548 -18.968 -18.134 19.117 1.021  3.1  1000.00 10000.00  0 12 
 838720977341551744 172.5136815  52.1777857  0.379  -7.437  -8.542 18.532 0.588  9.0  1000.00 10000.00  0  8 
 844442728476917504 172.5162828  54.5817320  0.138  -7.356  -8.532 18.789 0.598  7.1  1000.00 10000.00  0  8 
3544513742044357632 172.5208149 -20.9103759  0.127  -0.370  -6.984 17.848 0.655  8.4  1000.00 10000.00  0 13 
 838428709110542592 172.5312306  51.2466315 -0.021  -8.207  -9.132 18.251 0.712 10.4  1000.00 10000.00  0  8 
3541293719163223424 172.5317256 -21.9713507  0.214   0.061  -7.427 17.978 0.690 10.4  1000.00 10000.00  0 13 
 839562786635002496 172.5361272  52.9805707  0.003  -7.834  -7.376 19.283 0.724  8.6  1000.00 10000.00  0  8 
3548033759800513280 172.5392295 -17.0627800  0.280  -0.916  -9.054 19.195 0.713  9.1  1000.00 10000.00  0 13 
3548048946804935040 172.5530511 -16.9101730  0.275  -0.949  -8.607 17.872 0.685  9.8  1000.00 10000.00  0 13 
3560276688634616576 172.5632185 -15.8715959  0.073   0.138  -8.441 16.469 0.918 10.1  1000.00 10000.00  0 13 
3548034966688609152 172.5702588 -17.0660322  0.077  -0.134  -7.860 13.850 1.120 10.4   325.35     0.17 13 13 
3546218122506287488 172.5755915 -18.2207060  0.148   0.570  -8.108 18.119 0.667  9.8  1000.00 10000.00  0 13 
 838793128495511936 172.5774452  52.6759710  0.281  -7.913  -8.796 18.909 0.671  9.0  -181.39     6.72  7  8 
3545240244352060928 172.5933391 -19.3767362  0.169  -0.449  -8.184 18.295 0.652 10.0  1000.00 10000.00  0 13 
3548055651251122304 172.5945480 -16.8406909  0.183  -0.543  -8.912 17.365 0.878 10.3  1000.00 10000.00  0 13 
3482189853865652608 172.5954333 -29.8999523  0.096  -3.359   2.594 17.668 0.976 15.0  1000.00 10000.00  0 10 
3548027575049828608 172.6037802 -17.2346398  0.391  -0.346  -8.557 17.860 0.786  9.8  1000.00 10000.00  0 13 
3541480979737510528 172.6281178 -21.1759234  0.043  -0.573  -7.680 18.123 0.714 10.2  1000.00 10000.00  0 13 
3541027469846614400 172.6387463 -22.8561496  0.021  -0.937  -7.317 18.489 0.735 11.9  1000.00 10000.00  0 13 
3544967157447936128 172.6423675 -20.3380908  0.226  -0.902  -7.515 17.711 0.675  7.8  1000.00 10000.00  0 13 
3560301633804643584 172.6603099 -15.5383440  0.058  -0.935  -8.864 19.283 0.768 10.9  1000.00 10000.00  0 13 
3541506199785507456 172.6740624 -21.0720251  0.092  -0.894  -7.365 18.791 0.594 10.8  1000.00 10000.00  0 13 
3786169630277020672 172.6856570  -4.7647302  0.001 -17.833 -16.775 19.053 0.980  3.1  1000.00 10000.00  0 12 
3541028152746739328 172.6868440 -22.8575721 -0.175  -0.268  -7.401 18.676 0.656 10.8  1000.00 10000.00  0 13 
3548042182233679616 172.6937707 -16.9351878  0.098   0.009  -8.460 18.445 0.654 10.7  1000.00 10000.00  0 13 
3482164801319227264 172.6938227 -30.1889775 -0.136  -3.142   2.080 18.729 1.071 14.9  1000.00 10000.00  0 10 
3548231774973473792 172.7072516 -16.2412129 -0.168   0.447  -8.761 18.945 0.680  8.0  1000.00 10000.00  0 13 
3546211113119647744 172.7300486 -18.2452383  0.154  -0.968  -8.240 18.929 0.687 12.6  1000.00 10000.00  0 13 
3547810528877335936 172.7494753 -17.4126994 -0.075  -0.426  -8.804 18.736 0.646 11.0  1000.00 10000.00  0 13 
3482286469153543936 172.7512821 -29.7472662  0.382  -3.031   2.307 17.837 0.948 14.6  1000.00 10000.00  0 10 
3786168943082220544 172.7523782  -4.7957061  0.509 -19.655 -18.343 18.086 0.854  2.9  1000.00 10000.00  0 12 
3547842002397698176 172.7853972 -17.1835796  0.106  -0.582  -8.477 19.170 0.658 11.3  1000.00 10000.00  0 13 
3541502523293496960 172.7865389 -21.0993481  0.674  -0.366  -7.549 19.413 0.711  7.7  1000.00 10000.00  0 13 
3541289011879115904 172.7916755 -21.9107945  0.402  -0.994  -8.397 19.329 0.655  8.1  1000.00 10000.00  0 13 
3546206994248004992 172.7926777 -18.2964084  0.333  -0.628  -8.510 18.626 0.621 11.5  1000.00 10000.00  0 13 
3548256483921991424 172.7963174 -16.1123209  0.134  -0.406  -9.088 19.126 0.627  9.0  1000.00 10000.00  0 13 
3547798223794154624 172.8013443 -17.4582877  0.208   0.766  -9.623 18.535 0.696 11.7  1000.00 10000.00  0 13 
3534949330912386176 172.8051100 -23.3573297 -0.008  -0.398  -7.365 18.281 0.709 10.5  1000.00 10000.00  0 13 
3544915338665758592 172.8206685 -20.4508536  0.174  -0.700  -8.797 17.903 0.791 10.1  1000.00 10000.00  0 13 
3545350023715988736 172.8259941 -19.0149919  0.396  -0.688  -8.539 18.803 0.637 10.2  1000.00 10000.00  0 13 
3544978530521407104 172.8448551 -20.1081157  0.162   0.547  -7.528 17.571 0.887 11.3  1000.00 10000.00  0 13 
3541503111704881280 172.8460139 -21.1080787 -0.350  -0.401  -7.892 18.930 0.592 10.6  1000.00 10000.00  0 13 
3478450925918495488 172.8481996 -31.8324297  0.153  -2.964   2.458 18.641 0.856 14.6  1000.00 10000.00  0 10 
3910362251772887680 172.8583725   6.7606837  0.179 -19.254  -5.378 19.156 0.909  3.4  1000.00 10000.00  0 11 
3593292755072019840 172.8620104  -6.3460667  0.575 -17.784 -17.180 19.022 0.984  3.2  1000.00 10000.00  0 12 
3541065467421432960 172.8684979 -22.5481626 -0.150  -0.146  -7.329 19.286 0.609  8.7  1000.00 10000.00  0 13 
3545401395821244544 172.8778987 -18.8022502  0.115  -0.366  -8.062 17.014 0.914 11.8  1000.00 10000.00  0 13 
3545007079167858304 172.8785876 -19.9456321  0.208  -1.637  -7.616 19.443 0.836  9.1  1000.00 10000.00  0 13 
3545338272685341696 172.8834285 -19.1870375 -0.162  -0.780  -8.572 18.776 0.699 12.1  1000.00 10000.00  0 13 
3547716864230651264 172.8918004 -18.0211517  0.187  -0.330  -8.318 16.866 0.907 10.7  1000.00 10000.00  0 13 
3548160620251989120 172.9095020 -16.5680709  0.361  -0.282  -8.773 18.288 0.616 10.0  1000.00 10000.00  0 13 
3548266134711243008 172.9113578 -15.9562083  0.151   0.313  -8.720 19.463 0.719  7.5  1000.00 10000.00  0 13 
3800471291552337920 172.9247862   3.4055779  0.456 -15.283  -4.646 19.297 1.005  3.3  1000.00 10000.00  0 11 
3560663437552158976 172.9302516 -15.5754239  0.076  -0.292  -8.322 19.016 0.645  7.6  1000.00 10000.00  0 13 
3478464360576340992 172.9396738 -31.5442174  0.077  -3.079   2.659 19.375 0.810 15.6  1000.00 10000.00  0 10 
3545349645758890624 172.9420992 -18.9923981 -0.060   0.387  -7.718 17.439 0.879 11.8  1000.00 10000.00  0 13 
 840291625405293056 172.9601866  52.7043152  0.167  -7.349  -8.521 18.787 0.596  9.1  1000.00 10000.00  0  8 
3547710606461903232 172.9645423 -18.2048011 -0.136  -0.479  -7.835 19.369 0.624  9.4  1000.00 10000.00  0 13 
3544928945122443392 172.9663611 -20.2297230 -0.200  -1.181  -7.248 18.126 0.867 12.6  1000.00 10000.00  0 13 
3545036044427571328 172.9684267 -19.5385017 -0.008  -0.772  -7.976 18.268 0.650 10.3  1000.00 10000.00  0 13 
3545344869755167488 172.9704770 -19.0992539  0.273   0.943  -7.996 18.143 0.867 11.6  1000.00 10000.00  0 13 
3547843411147036928 172.9954728 -17.1955960 -0.148  -0.117  -8.172 18.406 0.580 10.2  1000.00 10000.00  0 13 
3548140279286938368 173.0050914 -16.7270288  0.729  -2.327  -9.356 17.985 0.860 10.2  1000.00 10000.00  0 13 
3812995278748481920 173.0087242   4.5980436  0.329 -19.010  -5.315 18.726 0.906  3.5  1000.00 10000.00  0 11 
3547711671613979904 173.0135434 -18.1062716  0.302  -0.205  -7.603 18.066 0.703  8.9  1000.00 10000.00  0 13 
3478357123833261184 173.0206342 -32.2539018 -0.061  -3.678   2.563 19.411 0.852 14.8  1000.00 10000.00  0 10 
3545351642920138880 173.0257964 -18.9325941  0.085  -0.262  -8.067 14.231 1.106 11.5   322.90     0.54  8 13 
3534179848867915136 173.0301177 -23.5974470  0.222   0.203  -6.622 17.302 0.886 10.5  1000.00 10000.00  0 13 
3592804159592594304 173.0375718  -7.8130309  0.343 -17.107 -16.835 19.148 1.004  3.1  1000.00 10000.00  0 12 
3478461616094693632 173.0663633 -31.5809958  0.059  -3.022   2.486 15.257 1.131 13.7   173.99     0.16 13 10 
3548163506470096768 173.0700546 -16.4356052 -0.183  -0.363  -8.429 18.816 0.638  7.5  1000.00 10000.00  0 13 
3548190135267336064 173.0771110 -16.3750776  0.414   0.176  -8.649 19.280 0.681 11.7  1000.00 10000.00  0 13 
3541497098750730240 173.0776289 -21.0605972  0.105  -0.506  -8.442 17.664 0.641  8.4  1000.00 10000.00  0 13 
3534179604053806848 173.0839229 -23.6082296  0.085  -0.903  -7.239 18.132 0.741 10.5  1000.00 10000.00  0 13 
3547940477407661568 173.0851556 -17.0573374 -0.261  -0.095  -8.615 19.241 0.675 11.4  1000.00 10000.00  0 13 
3534166998324361472 173.0945496 -23.8462359  0.427  -1.156  -6.881 18.981 0.729  9.9  1000.00 10000.00  0 13 
3546962079561755648 173.1191586 -18.1208037  0.132  -0.215  -8.729 19.145 0.646  7.6  1000.00 10000.00  0 13 
 790287726359380096 173.1300479  50.4478459  0.038  -7.351  -8.533 18.629 0.605  7.0  1000.00 10000.00  0  8 
3545015325505248768 173.1357212 -19.7807953  0.397   1.190  -7.972 19.128 0.643 11.7  1000.00 10000.00  0 13 
3540964110489149184 173.1450455 -23.1251478 -0.217   0.466  -7.593 19.450 0.792  7.5  1000.00 10000.00  0 13 
3545379607451197440 173.1457552 -18.6943517  0.194  -0.378  -8.109 18.549 0.628 10.5  1000.00 10000.00  0 13 
3533869198176605056 173.1534493 -24.6182860  0.097  -0.242  -6.944 18.779 0.633 10.1  1000.00 10000.00  0 13 
3544963201781948032 173.1672436 -19.9593591  0.139  -0.614  -8.934 17.559 0.692  8.0  1000.00 10000.00  0 13 
3533872977747675264 173.1695833 -24.5489722  0.006  -0.657  -7.360 19.091 0.572  9.4  1000.00 10000.00  0 13 
3786317102273829504 173.1722722  -4.1683814  0.263 -18.002 -16.715 18.563 0.886  3.3  1000.00 10000.00  0 12 
3547719574353822336 173.1745854 -18.0183715  0.428  -2.176  -8.843 19.379 0.661  9.4  1000.00 10000.00  0 13 
3545385143665059328 173.1869271 -18.7140875  0.018  -0.424  -8.181 15.969 0.964 11.5  1000.00 10000.00  0 13 
3548192746607460224 173.1896268 -16.2823151  0.108  -0.788  -9.162 14.318 1.042 10.6  1000.00 10000.00  0 13 
3544911838269288832 173.1968520 -20.3666139  0.316   0.330  -7.933 19.057 0.653 13.2  1000.00 10000.00  0 13 
3800845159865654656 173.1998864   3.4913990  0.193 -16.359  -5.002 17.264 0.658  3.7  1000.00 10000.00  0 11 
3548173539511705344 173.2049025 -16.5125417  0.980  -0.395  -9.003 19.485 0.656  7.6  1000.00 10000.00  0 13 
3541191224063866496 173.2163201 -21.9438059 -0.085   0.673  -6.925 18.715 0.646  9.7  1000.00 10000.00  0 13 
3545128884440298240 173.2180049 -19.4169171 -0.051  -0.648  -7.913 18.823 0.682 12.0  1000.00 10000.00  0 13 
3545387681989792000 173.2413483 -18.5953103 -0.383  -0.857  -7.875 19.200 0.689 11.3  1000.00 10000.00  0 13 
3544908745892869632 173.2622860 -20.3719686  0.066  -0.955  -7.745 17.981 0.651  8.6  1000.00 10000.00  0 13 
3477959959618253824 173.2661182 -33.5524990  0.377  -2.708   2.558 18.598 0.871 13.3  1000.00 10000.00  0 10 
3910789686918201344 173.2705714   8.0576988 -0.130 -19.784  -4.167 19.262 1.056  3.4  1000.00 10000.00  0 11 
3533679738579476864 173.2717871 -25.3926792  0.013   0.571  -7.053 18.694 0.662 10.7  1000.00 10000.00  0 13 
3541194213361105920 173.2756902 -21.9411428  0.077  -0.668  -7.867 18.094 0.777 10.4  1000.00 10000.00  0 13 
3547752735797603968 173.2831870 -17.7022013  0.053  -0.253  -8.354 18.128 0.656  9.7  1000.00 10000.00  0 13 
3478120866271946368 173.2856419 -33.0090398  0.237  -2.431   2.726 18.165 0.976 15.7  1000.00 10000.00  0 10 
3544958945470604800 173.2865294 -20.0167658  0.446   0.388  -7.854 17.056 0.869  9.6  1000.00 10000.00  0 13 
3541897935162503296 173.2895667 -20.6351898  0.122  -1.701  -7.730 17.420 0.670  9.4  1000.00 10000.00  0 13 
3541018708113463168 173.2998961 -22.5665616  0.068  -0.730  -7.486 18.197 0.732 10.6  1000.00 10000.00  0 13 
3478395473598530304 173.3069502 -31.8829830  0.082  -3.090   2.694 15.956 1.037 11.9  1000.00 10000.00  0 10 
3533876418018221824 173.3132641 -24.4905322  0.046  -0.479  -7.325 16.711 0.915 10.7  1000.00 10000.00  0 13 
 839946791071421952 173.3135221  51.7408361  0.099  -7.492  -8.642 19.129 0.673  7.2  1000.00 10000.00  0  8 
3546945208930180992 173.3264984 -18.2387500  0.237   0.092  -8.415 18.716 0.634 10.4  1000.00 10000.00  0 13 
 839929542482704128 173.3411649  51.5916094  0.448  -8.017  -9.145 18.815 0.650  6.7  1000.00 10000.00  0  8 
3478826344717585664 173.3423492 -31.5312324  0.248  -2.738   2.493 18.854 0.891 14.6  1000.00 10000.00  0 10 
3545367620198820352 173.3550529 -18.8513730 -0.002  -0.429  -8.174 18.238 0.694 10.4  1000.00 10000.00  0 13 
3478389662505934848 173.3578568 -31.9701106 -0.403  -2.937   2.676 18.836 0.904 15.2  1000.00 10000.00  0 10 
3547922266746753408 173.3637126 -17.2229532 -0.133  -1.072  -8.661 19.058 0.576 13.6  1000.00 10000.00  0 13 
3546994072774347904 173.3806411 -17.9337983  0.167  -0.497  -8.371 18.334 0.663 10.3  1000.00 10000.00  0 13 
3541020250005782400 173.3878884 -22.5082906  0.409  -0.488  -7.497 19.173 0.650  7.6  1000.00 10000.00  0 13 
3547776444017097472 173.4117348 -17.3767006  0.154   0.364  -8.272 18.047 0.631  9.4  1000.00 10000.00  0 13 
3813075435722559616 173.4174880   4.6895703 -0.049 -17.815  -6.246 19.057 0.928  3.6  1000.00 10000.00  0 11 
3545161221250045696 173.4268310 -19.2245275 -0.140  -0.763  -7.843 18.644 0.660 11.6  1000.00 10000.00  0 13 
3533862949000778752 173.4273754 -24.5868118 -0.121   0.485  -6.041 19.416 0.673  9.8  1000.00 10000.00  0 13 
3547760810336131584 173.4385914 -17.5365907  0.061  -0.681  -8.525 17.100 0.885 10.2  1000.00 10000.00  0 13 
3800127311916169728 173.4442032   2.2749634  0.162 -17.787  -4.784 17.889 0.851  3.6  1000.00 10000.00  0 11 
3541899378271555584 173.4755085 -20.5715174  0.030   0.408  -8.233 17.692 0.759  9.6  1000.00 10000.00  0 13 
3533901221453135616 173.4798264 -24.4019088 -0.028   0.014  -8.041 18.779 0.677 10.6  1000.00 10000.00  0 13 
3540999221844905216 173.5049343 -22.8044380  0.407  -0.977  -7.267 18.655 0.607 10.4  1000.00 10000.00  0 13 
 839947929239453312 173.5142573  51.6925034  0.027  -7.003  -8.044 17.828 0.777  9.9  1000.00 10000.00  0  8 
3478070670991735552 173.5203902 -33.0469689  0.079  -3.141   2.705 15.655 1.081 14.0  1000.00 10000.00  0 10 
3793315360641352192 173.5217468  -2.7837069  0.144 -17.902 -17.155 18.488 0.999  2.9  1000.00 10000.00  0 12 
3911100371967943040 173.5222448   7.9169367  0.309 -18.738  -4.746 17.304 0.652  3.4  1000.00 10000.00  0 11 
3546989498632453760 173.5240477 -18.0180184 -0.273  -0.588  -8.394 19.063 0.638  7.9  1000.00 10000.00  0 13 
3541176930412636928 173.5248147 -22.0610017 -0.145  -0.522  -7.494 18.973 0.680 13.1  1000.00 10000.00  0 13 
3540235752755571328 173.5304060 -23.0295043  0.087  -0.494  -7.489 15.008 1.049 11.6  1000.00 10000.00  0 13 
3546871747809371392 173.5329142 -18.7047752  0.313  -0.370  -8.343 19.398 0.738  8.8  1000.00 10000.00  0 13 
3540135628478015616 173.5392434 -23.5680030 -0.148  -0.439  -7.250 18.326 0.681 10.4  1000.00 10000.00  0 13 
3477949754775934464 173.5441685 -33.5879957  0.254  -2.672   2.529 18.031 0.962 15.3  1000.00 10000.00  0 10 
3546886316338503936 173.5469742 -18.5635487  0.159  -0.434  -8.473 18.484 0.627 10.9  1000.00 10000.00  0 13 
3546977339581388928 173.5476270 -18.0633544 -0.115  -0.370  -8.391 18.458 0.619 10.1  1000.00 10000.00  0 13 
3541909926711197824 173.5552459 -20.6286768  0.145   0.254  -7.367 18.416 0.598 10.6  1000.00 10000.00  0 13 
3545163175459341952 173.5605731 -19.1618462  0.270   0.461  -7.004 18.794 0.779 13.1  1000.00 10000.00  0 13 
3541223251635920256 173.5692707 -21.6598108  0.069  -0.570  -7.818 14.299 1.124 12.5   318.77     0.12 13 13 
3478183916393524992 173.5705751 -32.2101901 -0.297  -3.091   2.769 18.402 0.889 14.2  1000.00 10000.00  0 10 
3541117866021661312 173.5705994 -22.2805795 -0.497   1.034  -6.863 19.494 0.675  9.2  1000.00 10000.00  0 13 
 840218580897655424 173.5709995  52.4734870  0.058  -7.778  -8.486 17.910 0.690  9.3  1000.00 10000.00  0  8 
3540249290492434944 173.5769369 -22.7630936  0.107  -0.478  -7.569 16.201 0.965 12.6  1000.00 10000.00  0 13 
 839948405979111168 173.6077813  51.7206530  0.297  -7.224  -8.021 19.291 0.652  7.3  1000.00 10000.00  0  8 
3545150226133809664 173.6083340 -19.2289697  0.050   0.237  -7.806 17.503 0.851  9.8  1000.00 10000.00  0 13 
3546979499948606720 173.6152457 -17.9863401  0.162  -0.261  -8.433 18.136 0.700 10.2  1000.00 10000.00  0 13 
3533797558122906112 173.6211670 -24.9882672  0.184   0.337  -7.697 18.780 0.728 10.7  1000.00 10000.00  0 13 
3541828047453961984 173.6466529 -20.9265623 -0.155   1.268  -7.243 18.114 0.767 10.2  1000.00 10000.00  0 13 
3546979671747309696 173.6509160 -17.9649969 -0.095  -0.276  -8.285 18.910 0.658  7.9  1000.00 10000.00  0 13 
3545162664359102976 173.6538381 -19.1556883  0.094  -0.327  -8.038 18.174 0.646 10.0  1000.00 10000.00  0 13 
3546892638530381312 173.6553801 -18.5053796  0.733  -0.228  -7.857 19.453 0.750  8.1  1000.00 10000.00  0 13 
3545071297518706176 173.6565874 -19.5268408  0.607   0.483  -7.924 19.158 0.640 11.5  1000.00 10000.00  0 13 
3533911666813802752 173.6605043 -24.1496166  0.291  -1.178  -7.180 18.898 0.620 12.3  1000.00 10000.00  0 13 
 841154707673291776 173.6690928  53.6995714  0.142  -7.258  -8.011 17.723 0.791  8.5  1000.00 10000.00  0  8 
3547006884660219648 173.6718882 -17.5899278  0.356  -0.700  -8.369 18.925 0.685  7.6  1000.00 10000.00  0 13 
3478151996195356160 173.6801604 -32.7071185 -0.133  -3.023   2.632 17.669 0.941 13.8  1000.00 10000.00  0 10 
3533910361143690624 173.6913765 -24.2314072  0.168  -0.488  -7.526 18.899 0.671 12.6  1000.00 10000.00  0 13 
 841083651734130688 173.6933649  53.2775677 -0.001  -6.852  -7.725 19.309 0.627  9.1  1000.00 10000.00  0  8 
3545172315149811840 173.6978968 -18.9793095 -0.162  -0.302  -8.070 19.322 0.633 10.7  1000.00 10000.00  0 13 
 841157765690034176 173.7058248  53.7485059 -0.009  -7.751  -8.341 17.883 0.671  8.8  1000.00 10000.00  0  8 
 841159037000393600 173.7064269  53.8107970  0.264  -8.021  -7.974 18.118 0.608  7.9  1000.00 10000.00  0  8 
3478179316484414336 173.7076920 -32.3124440  0.366  -2.984   2.841 19.359 0.711 14.6  1000.00 10000.00  0 10 
3546899819715190656 173.7191238 -18.2965548 -0.270  -0.693  -8.206 19.394 0.703  7.5  1000.00 10000.00  0 13 
3541932569778379264 173.7225933 -20.3201568 -0.243  -0.388  -7.817 18.721 0.657 12.7  1000.00 10000.00  0 13 
3478052735208411392 173.7281155 -33.2717358  0.243  -2.881   2.618 16.846 1.025 14.9  1000.00 10000.00  0 10 
3546678989677338368 173.7301034 -18.8091200  0.215  -0.391  -8.622 18.727 0.619 10.7  1000.00 10000.00  0 13 
3910503955629454336 173.7379695   7.4030967 -0.342 -19.484  -4.576 18.893 0.817  3.5  1000.00 10000.00  0 11 
3540217129777454592 173.7460015 -23.2287143  0.050  -0.126  -7.503 18.878 0.621 12.2  1000.00 10000.00  0 13 
3545172693106940672 173.7497499 -18.9530449  0.115  -0.410  -8.321 18.419 0.625 10.4  1000.00 10000.00  0 13 
3541216650269714560 173.7526447 -21.6639926 -0.292  -0.492  -7.257 18.979 0.592 13.5  1000.00 10000.00  0 13 
3541803480240927616 173.7530563 -21.2139502  0.031  -0.624  -7.674 19.343 0.621 11.9  1000.00 10000.00  0 13 
3541934188983081216 173.7543188 -20.2906240  0.725  -0.397  -7.756 18.781 0.660 12.5  1000.00 10000.00  0 13 
3541857326247985408 173.7570729 -20.7501424  0.173  -0.520  -7.805 18.775 0.680 11.7  1000.00 10000.00  0 13 
3546881540334346368 173.7580013 -18.4585429  0.167  -0.407  -8.312 18.985 0.666  7.1  1000.00 10000.00  0 13 
3484816003029261056 173.7796848 -27.5731390  0.145  -1.160  -6.791 18.073 0.825 11.3  1000.00 10000.00  0 13 
3541099071244649984 173.7835978 -22.5019842  0.473  -0.994  -7.791 19.437 0.638 13.2  1000.00 10000.00  0 13 
3541915561707834880 173.7855814 -20.4868104  0.021  -0.486  -7.589 18.887 0.640 11.8  1000.00 10000.00  0 13 
3547099454091381888 173.7866584 -17.6187715 -0.014   0.077  -8.082 17.846 0.736  9.2  1000.00 10000.00  0 13 
3545090538971732480 173.7906908 -19.5634408  0.381  -0.796  -8.421 19.318 0.644 10.1  1000.00 10000.00  0 13 
3547000493748849152 173.7959875 -17.7783172  0.012  -0.634  -8.401 18.533 0.639 11.4  1000.00 10000.00  0 13 
3910526113365228160 173.7997874   7.6291433  0.292 -19.196  -4.265 16.204 0.692  3.3  1000.00 10000.00  0 11 
3910451591388176768 173.8049516   7.2233363  0.505 -19.131  -4.554 17.750 0.752  3.4  1000.00 10000.00  0 11 
3477077326658157440 173.8094468 -34.4737896  0.210  -3.267   2.570 17.985 0.909 11.8  1000.00 10000.00  0 10 
3546883503135996416 173.8191632 -18.4161425 -0.102  -0.263  -7.974 18.692 0.631 10.5  1000.00 10000.00  0 13 
3545152871833719168 173.8214139 -19.2067976  0.060  -0.367  -8.119 13.832 1.142 10.7   321.84     0.44  8 13 
3545046730305205376 173.8223354 -19.8579936  0.070  -0.659  -7.807 18.133 0.677  9.2  1000.00 10000.00  0 13 
3792315247441446272 173.8273426  -4.0446846 -0.000 -18.276 -16.803 18.221 0.851  3.2  1000.00 10000.00  0 12 
3478055621426439552 173.8347112 -33.2330181  0.000  -3.125   2.561 16.394 0.984 14.4  1000.00 10000.00  0 10 
3478054414539198976 173.8394002 -33.3100093 -0.233  -3.578   2.054 19.330 0.657 14.2  1000.00 10000.00  0 10 
3786034115468673536 173.8416279  -4.7901377 -0.066 -18.745 -17.787 18.201 0.875  3.2  1000.00 10000.00  0 12 
3909212849805214592 173.8487983   5.2705070  0.457 -18.688  -4.568 19.085 0.915  3.4  1000.00 10000.00  0 11 
3541614467320586240 173.8547370 -21.2747705 -0.371  -0.231  -7.995 19.070 0.754 15.4  1000.00 10000.00  0 13 
3545089405100337152 173.8588876 -19.6183051  0.320  -0.302  -7.991 19.138 0.747  9.2  1000.00 10000.00  0 13 
3541612921132285184 173.8630530 -21.3385809  0.048   0.492  -7.276 18.097 0.661  9.7  1000.00 10000.00  0 13 
3485735224812434176 173.8703890 -25.3175132  0.238   0.460  -6.304 18.198 0.740 11.3  1000.00 10000.00  0 13 
3545090234030662528 173.8850761 -19.5455832  0.263  -0.146  -7.763 18.569 0.605 10.8  1000.00 10000.00  0 13 
3545153486012584192 173.8998814 -19.1996396 -0.127  -0.560  -8.020 18.632 0.642 10.8  1000.00 10000.00  0 13 
3593644804951496064 173.9038987  -6.0424890  0.523 -17.553 -17.211 17.923 0.782  3.1  1000.00 10000.00  0 12 
3478167286280098304 173.9056601 -32.3410101  0.135  -3.049   2.109 17.644 0.967 14.5  1000.00 10000.00  0 10 
5398283989923218176 173.9071021 -35.9546719 -0.032  -2.928   2.495 19.279 0.813 15.1  1000.00 10000.00  0 10 
3800550177216195456 173.9099746   2.7935899  0.321 -18.112  -5.539 18.882 0.881  3.5  1000.00 10000.00  0 11 
3545151634883418880 173.9122749 -19.2422256  0.552  -1.339  -8.304 19.213 0.632  8.4  1000.00 10000.00  0 13 
3910431967682466176 173.9220889   7.0327787 -0.223 -19.300  -3.866 19.443 1.072  3.4  1000.00 10000.00  0 11 
 840310901218752640 173.9258313  52.9539984 -0.159  -7.652  -8.316 18.663 0.559  9.1  1000.00 10000.00  0  8 
3478101800914849920 173.9280333 -32.7924230 -0.135  -2.996   2.443 19.353 0.739 15.0  1000.00 10000.00  0 10 
3545102874117915520 173.9333404 -19.3543029  0.283  -1.053  -7.829 18.119 0.731 10.2  1000.00 10000.00  0 13 
3546674900867841280 173.9443576 -18.9057025 -0.014  -0.566  -7.051 18.759 0.657 12.6  1000.00 10000.00  0 13 
3533843806330620800 173.9542107 -24.4849386  0.200   1.273  -7.977 18.875 0.754 10.6  1000.00 10000.00  0 13 
3485720759362496384 173.9686963 -25.4753113  0.402  -0.750  -6.262 18.339 0.859  9.9  1000.00 10000.00  0 13 
3592943179094109440 173.9698856  -7.1820228  0.390 -16.931 -16.426 16.131 0.579  3.2  1000.00 10000.00  0 12 
3545048585731094656 173.9869546 -19.7738269  0.135  -1.085  -8.815 19.076 0.668  9.6  1000.00 10000.00  0 13 
3478569677471941760 173.9877092 -31.9215063  0.023  -3.205   2.620 17.746 0.959 15.0  1000.00 10000.00  0 10 
3533847929499007872 174.0217661 -24.3070133 -0.006  -1.025  -6.874 19.469 0.742  8.3  1000.00 10000.00  0 13 
3485742169776249344 174.0256099 -25.2618976  0.376  -1.481  -6.554 17.183 0.813  8.8  1000.00 10000.00  0 13 
3592931286328675072 174.0299022  -7.1890585  0.206 -17.651 -17.064 17.604 0.708  3.2  1000.00 10000.00  0 12 
3547112059819622016 174.0492950 -17.3164366  0.315  -0.758  -8.628 17.774 0.720  7.1  1000.00 10000.00  0 13 
 840262728865508224 174.0519367  52.8603409  0.327  -7.882  -8.567 19.492 0.615  9.2  1000.00 10000.00  0  8 
3540328661487839616 174.0538706 -22.7882964 -0.133  -0.413  -7.754 18.159 0.722 10.7  1000.00 10000.00  0 13 
3533820338629762560 174.0627994 -24.6920050 -0.021  -1.456  -8.114 17.847 0.827 10.6  1000.00 10000.00  0 13 
3541132159672841216 174.0641492 -22.2435243 -0.120  -0.555  -7.901 19.355 0.683 12.6  1000.00 10000.00  0 13 
3542038191613832448 174.0649402 -20.0026261  0.303   0.637  -8.083 17.735 0.707  8.0  1000.00 10000.00  0 13 
 840263931456398464 174.0682817  52.9435754 -0.029  -7.599  -8.234 18.142 0.584  9.0  1000.00 10000.00  0  8 
3593633397518358656 174.0748182  -6.0682407  0.312 -17.351 -16.638 17.774 0.796  3.1  1000.00 10000.00  0 12 
3546608242975322880 174.0778812 -19.1323817  0.209   0.189  -7.646 18.527 0.636  9.1  1000.00 10000.00  0 13 
3540352507146286336 174.0861139 -22.4618150  0.194   0.183  -7.406 17.614 0.732  8.2  1000.00 10000.00  0 13 
3541962845004130560 174.0999945 -20.4374937  0.059  -0.396  -7.823 15.515 1.036 11.7  1000.00 10000.00  0 13 
3546928480033577088 174.1025128 -18.1329414 -0.022  -0.339  -8.489 17.923 0.612  7.1  1000.00 10000.00  0 13 
3541131850435184640 174.1027608 -22.2601230  0.247  -0.374  -7.444 19.270 0.625 13.0  1000.00 10000.00  0 13 
3539930432120126208 174.1093700 -23.7307310  0.220  -0.718  -7.642 18.747 0.617 12.2  1000.00 10000.00  0 13 
3540161329562446720 174.1104414 -23.2480562  0.297  -0.315  -7.566 18.895 0.615 10.7  1000.00 10000.00  0 13 
3476864158841352832 174.1125843 -34.9317184 -0.384  -2.616   2.105 19.154 0.840 15.5  1000.00 10000.00  0 10 
3792527457480807552 174.1261962  -3.1045632  0.058 -17.809 -16.728 17.246 0.657  3.3  1000.00 10000.00  0 12 
3540325977131608192 174.1279863 -22.7781008  0.112  -0.504  -7.475 16.958 0.921 12.3   323.24     0.31 13 13 
 840270154864882688 174.1296273  52.9784021  0.233  -7.660  -8.325 17.935 0.697  9.0  1000.00 10000.00  0  8 
3541849797168477952 174.1379077 -20.7121204 -0.355   0.019  -7.034 18.947 0.593 11.4  1000.00 10000.00  0 13 
3546930571680838528 174.1507807 -18.0723972  0.110  -2.185  -7.456 19.154 0.597  7.5  1000.00 10000.00  0 13 
3485556416734255232 174.1514235 -25.8692069  0.170  -1.043  -7.209 17.879 0.742 11.0  1000.00 10000.00  0 13 
 840317360849048192 174.1757144  53.0327630  0.150  -7.518  -8.247 18.804 0.663  5.8  1000.00 10000.00  0  8 
3547039148454617216 174.2036661 -17.7374619  0.222   1.730  -9.158 18.458 0.671  7.5  1000.00 10000.00  0 13 
3539959706617275776 174.2503268 -23.5706701  0.088  -0.331  -7.195 15.546 1.007 13.3   323.20     0.18 13 13 
3485243330797829248 174.2623496 -26.9818959  0.274  -1.043  -7.030 18.299 0.739 10.9  1000.00 10000.00  0 13 
3799346108904420608 174.2764766   2.2398947  0.295 -16.525  -5.124 17.045 0.680  3.5  1000.00 10000.00  0 11 
3800929886684752256 174.2943077   4.0606008 -0.034 -15.561  -2.608 18.364 0.751  3.9  1000.00 10000.00  0 11 
 840269532096201600 174.3018278  52.9973455 -0.059  -7.809  -8.508 19.425 0.692  9.0  1000.00 10000.00  0  8 
3476915457932220160 174.3072949 -34.4537977  0.102  -2.867   2.604 19.286 0.753 13.4  1000.00 10000.00  0 10 
3485224639100109312 174.3125070 -27.1829533  0.108  -1.400  -6.650 18.922 0.574 11.1  1000.00 10000.00  0 13 
3540272174076507904 174.3185217 -22.9968712  0.262  -0.048  -6.779 19.172 0.615  8.6  1000.00 10000.00  0 13 
3484848090727752448 174.3271526 -27.2656277  0.410  -0.490  -7.871 18.469 0.705 10.4  1000.00 10000.00  0 13 
3541974454299807616 174.3283472 -20.2127363  0.300   0.061  -8.232 18.669 0.794 10.8  1000.00 10000.00  0 13 
 840320521945008896 174.3381089  53.1602028 -0.071  -7.617  -8.114 19.127 0.602  9.1  1000.00 10000.00  0  8 
3539837454668188544 174.3389649 -24.3644519  0.282   0.391  -7.559 18.150 0.684  9.5  1000.00 10000.00  0 13 
3540279905019248768 174.3413271 -22.8759434  0.049  -0.535  -8.331 17.965 0.680  9.2  1000.00 10000.00  0 13 
3541652056874619392 174.3613205 -20.9415221 -0.303  -0.250  -7.730 19.295 0.770  9.7  1000.00 10000.00  0 13 
3485336651847894656 174.3619186 -26.3479097  0.070  -0.631  -7.093 18.528 0.624 10.8  1000.00 10000.00  0 13 
3540272105358630656 174.3631955 -22.9832994 -0.240  -0.982  -7.606 19.403 0.632  9.4  1000.00 10000.00  0 13 
3485759482788206208 174.3633218 -24.9855793  0.348   0.129  -6.888 19.354 0.581 15.0  1000.00 10000.00  0 13 
3792065937475000704 174.3804597  -4.2111456  0.190 -17.446 -16.490 19.183 1.069  3.2  1000.00 10000.00  0 12 
3541650304527916800 174.3825138 -21.0278471  0.100   0.921  -7.791 18.601 0.816 11.3  1000.00 10000.00  0 13 
3540385247681237888 174.3980099 -22.2387153  0.011  -0.472  -7.740 18.194 0.694 11.0  1000.00 10000.00  0 13 
3541532931661963648 174.4001642 -21.6831782  0.230  -0.023  -7.423 19.480 0.648 12.0  1000.00 10000.00  0 13 
3792065692661272704 174.4073651  -4.2128423  0.382 -18.407 -17.352 16.790 0.601  3.0  1000.00 10000.00  0 12 
3541752490389512064 174.4360289 -20.7577820  0.168  -1.638  -7.237 17.579 0.723  7.9  1000.00 10000.00  0 13 
3539963756769718016 174.4512490 -23.5201274 -0.017   0.888  -6.582 19.135 0.662  8.0  1000.00 10000.00  0 13 
3599876145367098624 174.4560993  -4.8161332  0.668 -18.320 -17.300 18.712 0.948  3.3  1000.00 10000.00  0 12 
3799266188153234688 174.4611490   1.7767796  0.254 -17.951  -4.857 17.483 0.685  3.3  1000.00 10000.00  0 11 
 840338805622118784 174.4679836  53.4243539  0.066  -7.622  -7.994 17.737 0.619  9.1  1000.00 10000.00  0  8 
3477260159123908224 174.4729832 -33.4675780 -0.109  -3.398   2.646 19.189 0.782 14.8  1000.00 10000.00  0 10 
3485331948860263424 174.4975670 -26.4184639  0.136  -0.576  -6.986 17.063 0.915 12.6  1000.00 10000.00  0 13 
3485753298035177728 174.5027448 -25.1550910  0.313  -0.559  -7.197 18.953 0.746 15.1  1000.00 10000.00  0 13 
5386193656984678528 174.5043753 -36.6165719  0.280  -3.269   3.105 18.996 0.820 12.5  1000.00 10000.00  0 10 
3592558551887238272 174.5095134  -7.1471069  0.477 -17.139 -16.388 18.301 0.852  3.2  1000.00 10000.00  0 12 
3909141072311500544 174.5151490   5.1433521 -0.018 -17.292  -3.765 18.156 0.738  3.6  1000.00 10000.00  0 11 
3792139364235899776 174.5373050  -4.0273909  0.418 -17.081 -15.921 17.147 0.625  3.2  1000.00 10000.00  0 12 
3541634189810560000 174.5522841 -21.1211283  0.054  -1.029  -7.531 19.306 0.672  7.8  1000.00 10000.00  0 13 
5386223897852991104 174.5528906 -36.3971086  0.161  -3.009   2.799 17.664 0.957 15.1  1000.00 10000.00  0 10 
 840366946247832960 174.5759164  53.1754569  0.055  -7.385  -8.235 19.330 0.648  9.3  1000.00 10000.00  0  8 
3491786833733209344 174.5760433 -24.6787794  0.270  -0.717  -7.041 18.539 0.645 12.1  1000.00 10000.00  0 13 
3541636113955948928 174.5834319 -21.0667593  0.067  -0.560  -7.658 18.531 0.618 10.7  1000.00 10000.00  0 13 
3483972089197900928 174.5876640 -28.2537126  0.427   0.826  -6.407 18.336 0.640 11.3  1000.00 10000.00  0 13 
5386280965080321024 174.6372846 -36.1350468  0.613  -3.340   2.894 19.439 0.704 15.2  1000.00 10000.00  0 10 
3540046671115095936 174.6451971 -23.4405297  0.446  -0.713  -7.568 18.581 0.623 10.8  1000.00 10000.00  0 13 
3792071293298845440 174.6609907  -4.3324505  0.279 -14.141 -14.795 18.781 0.972  3.3  1000.00 10000.00  0 12 
3540048423461755648 174.6628290 -23.3988538  0.099  -0.346  -7.489 19.445 0.663  9.8  1000.00 10000.00  0 13 
3540048419164841856 174.6672017 -23.3947712  0.010  -0.128  -6.766 18.510 0.853 12.9  1000.00 10000.00  0 13 
3909616271788736640 174.6739462   6.8062597 -0.011 -18.373  -4.437 19.146 1.010  3.3  1000.00 10000.00  0 11 
3484456909403500416 174.6760179 -27.3759308  0.073  -0.583  -6.863 16.531 0.934 12.3  1000.00 10000.00  0 13 
3593802099538106368 174.7183549  -5.0903809  0.251 -16.829 -16.447 18.071 0.778  3.1  1000.00 10000.00  0 12 
3540778842779786240 174.7248895 -21.7552991  0.179  -0.248  -7.390 19.275 0.608 11.6  1000.00 10000.00  0 13 
3540301070618162560 174.7629822 -22.6905068  0.031  -0.460  -7.292 15.723 0.994 11.6  1000.00 10000.00  0 13 
3540320342135389184 174.7700293 -22.4389544  0.282  -1.310  -6.860 18.027 0.766 11.2  1000.00 10000.00  0 13 
3477003698036165760 174.7999670 -34.2457433  0.225  -3.362   2.944 15.808 1.095 14.8  1000.00 10000.00  0 10 
5386011004913108096 174.8198615 -36.8054081  0.377  -2.891   3.236 16.945 1.017 14.9  1000.00 10000.00  0 10 
3540303544519331072 174.8212299 -22.5852229  0.159  -0.584  -7.416 16.881 0.776  9.8  1000.00 10000.00  0 13 
3539993718461515008 174.8220442 -23.6208353 -0.208  -0.280  -7.383 19.354 0.650  8.7  1000.00 10000.00  0 13 
3541557395794870016 174.8230874 -21.5048177  0.121  -0.331  -7.409 18.935 0.658 12.5  1000.00 10000.00  0 13 
3540759390871811840 174.8258592 -21.9543774  0.128  -0.623  -8.116 18.963 0.648  8.0  1000.00 10000.00  0 13 
3897046719283993344 174.8352752   4.5583688 -0.161 -16.295  -4.646 19.226 0.879  3.6  1000.00 10000.00  0 11 
3539893731623115136 174.8503025 -23.8157830 -0.381  -0.662  -7.331 19.299 0.668 12.3  1000.00 10000.00  0 13 
3464694214388985984 174.8654534 -36.1703895 -0.052  -2.843   2.997 18.311 0.912 12.2  1000.00 10000.00  0 10 
3541556330642947712 174.8795862 -21.5387682 -0.470   0.348  -8.229 19.410 0.757  7.9  1000.00 10000.00  0 13 
3539988534437827840 174.9028072 -23.7249216  0.176  -0.324  -7.454 17.865 0.878 10.4  1000.00 10000.00  0 13 
3485689595080577024 174.9201487 -25.3939996  0.329  -0.731  -6.609 18.462 0.847 13.9  1000.00 10000.00  0 13 
3491827000266500352 174.9357259 -24.2544819  0.879  -0.264  -7.908 19.441 0.638 10.9  1000.00 10000.00  0 13 
3483761773239864960 174.9404521 -28.5396377  0.290  -0.889  -5.303 18.569 0.626 12.0  1000.00 10000.00  0 13 
3540094255056559872 174.9436738 -23.0457000  0.203   0.361  -5.788 18.485 0.685 12.0  1000.00 10000.00  0 13 
3485369431038407936 174.9527040 -26.4653659  0.220  -0.441  -6.767 18.995 0.653 12.3  1000.00 10000.00  0 13 
3464680229975406976 174.9633690 -36.2809942  0.227  -3.139   3.075 18.025 0.941 14.8  1000.00 10000.00  0 10 
3483801630536498048 174.9700267 -28.3098673  0.178  -0.146  -6.554 19.434 0.724 10.3  1000.00 10000.00  0 13 
3539991966114867712 174.9797849 -23.5835406 -0.551  -0.514  -7.721 19.256 0.706  7.8  1000.00 10000.00  0 13 
3540080098843708416 174.9871823 -23.2125994 -0.032  -0.349  -8.464 18.701 0.689 12.6  1000.00 10000.00  0 13 
3800647179053162496 174.9879570   3.4204002  0.218 -16.385  -5.382 17.357 0.632  3.7  1000.00 10000.00  0 11 
3909269612093050368 174.9973726   5.4653595 -0.120 -17.386  -5.998 18.123 0.728  3.7  1000.00 10000.00  0 11 
3539971418991272704 175.0135620 -23.8904014  0.198  -0.468  -7.728 19.001 0.620  9.6  1000.00 10000.00  0 13 
3476826122612062976 175.0198885 -34.9305338  0.215  -4.178   2.266 19.361 0.757 15.7  1000.00 10000.00  0 10 
3484492295637455232 175.0266566 -27.0278238  0.474   0.587  -6.614 18.321 0.693 10.7  1000.00 10000.00  0 13 
5385024949143636352 175.0314281 -38.2527621  0.533  -2.631   3.119 18.447 0.911 12.1  1000.00 10000.00  0 10 
 840088391849132032 175.0335822  52.5849443  0.045  -7.304  -7.888 17.742 0.786  9.4  1000.00 10000.00  0  8 
3909376230360980224 175.0361969   6.1618350  0.399 -21.266  -4.781 18.548 0.854  3.3  1000.00 10000.00  0 11 
3540756161056376064 175.0394423 -21.9922500 -0.106  -0.606  -7.875 18.785 0.648 10.7  1000.00 10000.00  0 13 
 840440815389358336 175.0397402  53.6624171  0.138  -7.499  -8.390 19.071 0.600  8.8  1000.00 10000.00  0  8 
3484518924434801024 175.0786664 -26.6910617  0.071  -0.780  -6.296 18.117 0.773 10.6  1000.00 10000.00  0 13 
 792020659764386688 175.0908168  52.0185347 -0.197  -7.117  -7.698 18.597 0.590  7.5  1000.00 10000.00  0  8 
3491755875608208512 175.1269656 -24.5962372 -0.225  -1.111  -5.495 17.926 0.751  9.2  1000.00 10000.00  0 13 
3483682367884046336 175.1478444 -29.0586157  0.267  -0.396  -5.819 18.123 0.833 11.9  1000.00 10000.00  0 13 
5385912804781177088 175.1584769 -37.3620225 -0.042  -3.283   2.994 16.985 0.948 12.5  1000.00 10000.00  0 10 
 840375055146066304 175.1874938  53.3840582  0.051  -7.789  -8.272 17.686 0.767  9.1  1000.00 10000.00  0  8 
3540028146919706368 175.1914268 -23.3060903  0.564  -0.950  -7.577 18.976 0.596 11.7  1000.00 10000.00  0 13 
3540030556398298112 175.2186712 -23.2622309  0.372   0.754  -7.932 17.396 0.792  8.2  1000.00 10000.00  0 13 
 791673527625207040 175.2271553  50.9726136  0.159  -7.606  -8.082 18.146 0.621  6.8  -168.78     5.41  7  8 
 840360413601394432 175.2494182  53.2983162 -0.008  -7.927  -8.108 18.093 0.600  9.1  1000.00 10000.00  0  8 
3485425059454154752 175.2767282 -25.8240422  0.051  -0.037  -5.686 18.859 0.786 14.7  1000.00 10000.00  0 13 
3491812397378000640 175.3002086 -24.3641393  0.146  -0.244  -6.758 18.044 0.753 11.0  1000.00 10000.00  0 13 
 840149307368966400 175.3129597  52.9196903  0.178  -7.786  -7.889 17.740 0.562  9.2  1000.00 10000.00  0  8 
3480504538761821952 175.3305687 -29.8530395 -0.468  -0.722  -6.844 19.260 0.626 13.1  1000.00 10000.00  0 13 
3484438836181316992 175.3310791 -27.1910870  0.092  -0.436  -6.835 15.750 0.995 12.9   331.17     0.21 13 13 
3539982688985908608 175.3401563 -23.6399125  0.134  -0.752  -6.768 18.651 0.669 12.0  1000.00 10000.00  0 13 
 840073411003209216 175.3403220  52.3628597  0.122  -7.610  -8.156 15.110 0.973  9.9  1000.00 10000.00  0  8 
3799869686893344896 175.3635303   3.0773240  0.306 -17.795  -4.956 15.866 0.815  3.7  1000.00 10000.00  0 11 
3483718209389111040 175.3635524 -28.7359542  0.012  -0.897  -6.330 16.890 0.886  8.6  1000.00 10000.00  0 13 
3599599927430399744 175.3739882  -5.3251188  0.263 -16.908 -16.288 17.453 0.698  3.1  1000.00 10000.00  0 12 
3909308163719079936 175.3743196   5.8797468 -0.033 -16.901  -3.694 18.968 0.978  3.5  1000.00 10000.00  0 11 
3485375753230324608 175.3781140 -26.2812786 -0.111  -0.360  -7.214 18.946 0.631 13.5  1000.00 10000.00  0 13 
3540494030612570368 175.3841990 -22.5276442  0.160   1.375  -7.099 18.179 0.647  9.9  1000.00 10000.00  0 13 
3464793106013685504 175.3876575 -35.2934265 -0.086  -3.047   1.759 19.272 0.848 14.6  1000.00 10000.00  0 10 
3480505054157913984 175.3954745 -29.8073891 -0.065  -0.549  -6.430 18.314 0.661 11.2  1000.00 10000.00  0 13 
5384960485975891072 175.3974306 -38.6026951  0.099  -3.779   2.700 17.891 0.933 12.0  1000.00 10000.00  0 10 
3491734022814534912 175.4226255 -24.8402661 -0.130  -0.735  -7.307 17.532 0.871 11.4  1000.00 10000.00  0 13 
3491493092329653504 175.4256359 -25.3738527  0.293   0.315  -5.536 18.703 0.810 14.2  1000.00 10000.00  0 13 
3480499767055938048 175.4269090 -29.9721707 -0.226  -0.806  -6.616 19.304 0.639 13.6  1000.00 10000.00  0 13 
3600002834018155136 175.4294584  -4.2393332  0.460 -16.591 -15.821 18.134 0.802  3.2  1000.00 10000.00  0 12 
3491934786766378752 175.4316138 -23.9261916  0.042   0.184  -7.126 19.450 0.660  8.4  1000.00 10000.00  0 13 
 840450504835587328 175.4453155  53.6736897  0.306  -7.304  -7.495 18.885 0.679  7.1  1000.00 10000.00  0  8 
 840384499778020736 175.4458063  53.3654930 -0.099  -7.852  -8.055 19.365 0.718  9.1  1000.00 10000.00  0  8 
3464717510291972608 175.4525595 -35.8217970  0.342  -3.273   2.495 18.634 1.079 14.8  1000.00 10000.00  0 10 
3540489155825934336 175.4545185 -22.6351877  0.161   0.947  -7.627 17.573 0.656  9.4  1000.00 10000.00  0 13 
3793038382494846080 175.4788976  -2.1288605  0.118 -14.022 -15.449 17.659 0.739  3.2  1000.00 10000.00  0 12 
3484647399793006592 175.4915750 -26.3016737  0.301  -0.236  -7.018 19.284 0.682 12.7  1000.00 10000.00  0 13 
3484226836594934656 175.5015101 -27.5599019  0.067  -1.617  -6.447 18.046 0.620  9.2  1000.00 10000.00  0 13 
3491501304307222912 175.5090557 -25.2212104  0.133  -1.210  -7.194 18.335 0.793 11.0  1000.00 10000.00  0 13 
3485399805046796416 175.5123633 -26.1971884 -0.137  -0.620  -7.256 18.934 0.656 13.0  1000.00 10000.00  0 13 
3491500891990335872 175.5159113 -25.2612326 -0.501  -0.549  -7.104 18.440 0.686 11.5  1000.00 10000.00  0 13 
3491736535372753792 175.5200226 -24.7364776  0.229  -0.659  -7.450 17.646 0.885 11.9  1000.00 10000.00  0 13 
3484226969737868032 175.5223894 -27.5384425  0.286  -0.022  -6.083 19.334 0.685 15.3  1000.00 10000.00  0 13 
3480653488228272128 175.5263252 -29.4232592 -0.426  -0.577  -6.425 19.151 0.668 14.4  1000.00 10000.00  0 13 
3491545250412056320 175.5342802 -24.8938097 -0.130  -0.489  -7.148 19.449 0.626 11.8  1000.00 10000.00  0 13 
3793143768107665792 175.5498430  -1.5221182  0.211 -16.827 -15.363 15.957 0.595  3.2  -180.14    18.76 12 12 
5385162830474676736 175.5502035 -37.6588373  0.127  -2.950   2.083 19.496 0.887 13.7  1000.00 10000.00  0 10 
3484170864581241088 175.5538188 -28.1049701  0.124  -0.773  -6.761 18.279 0.707 10.7  1000.00 10000.00  0 13 
 840190131034379648 175.5568749  53.1776051  0.173  -7.420  -7.762 16.208 0.891  9.1  1000.00 10000.00  0  8 
3484225423549584640 175.5594453 -27.6364130  0.326  -1.272  -6.880 18.471 0.682 11.5  1000.00 10000.00  0 13 
3599601611057965696 175.5596063  -5.2381450  0.293 -16.121 -15.296 18.761 0.952  3.3  1000.00 10000.00  0 12 
3540523098951308800 175.5618604 -22.2953922  0.306  -0.192  -7.734 19.149 0.628 12.2  1000.00 10000.00  0 13 
3600048493814931968 175.5759350  -3.9732322 -0.661 -16.814 -16.138 19.160 1.032  3.2  1000.00 10000.00  0 12 
3480702347775521280 175.5935650 -29.0883785  0.331  -0.704  -5.711 18.987 0.619 14.7  1000.00 10000.00  0 13 
3491540513063053184 175.5989162 -25.0011700  0.455  -0.475  -7.196 18.843 0.644 11.9  1000.00 10000.00  0 13 
 840450096814636032 175.6210403  53.6918266  0.121  -7.806  -7.979 17.208 0.858  9.0  1000.00 10000.00  0  8 
3464426277149414656 175.6287615 -36.5947320 -0.081  -3.722   2.392 19.457 0.618 15.6  1000.00 10000.00  0 10 
3897183161805269376 175.6385299   5.0995930  0.491 -18.276  -4.632 19.295 0.903  3.5  1000.00 10000.00  0 11 
3484180038631399680 175.6408955 -27.9548522  0.281  -0.772  -6.387 18.986 0.750 13.1  1000.00 10000.00  0 13 
3795491496015319936 175.6599733  -0.5736273  0.110 -18.207 -15.120 19.415 1.115  3.3  1000.00 10000.00  0 12 
3464530696395229824 175.6625422 -35.9108393  0.822  -3.330   2.352 19.322 0.757 15.1  1000.00 10000.00  0 10 
3484183710827003264 175.6688704 -27.8799525  0.331   0.142  -6.136 19.235 0.652 14.3  1000.00 10000.00  0 13 
3480660566333390080 175.6736504 -29.3485341 -0.693  -0.081  -5.080 19.363 0.646 15.4  1000.00 10000.00  0 13 
 840404050469298944 175.6753665  53.6448398  0.082  -7.838  -8.283 18.964 0.594  9.2  1000.00 10000.00  0  8 
3484550741552199296 175.6765349 -26.8015835 -0.271  -0.708  -6.059 17.864 0.725  8.9  1000.00 10000.00  0 13 
3540518499043070720 175.7068150 -22.3528847 -0.267  -0.445  -7.927 19.297 0.608  8.6  1000.00 10000.00  0 13 
3491437085955964800 175.7069086 -25.5855371  0.724  -0.511  -7.292 19.122 0.589 11.8  1000.00 10000.00  0 13 
3897287752848245888 175.7282818   5.6545114  0.131 -18.374  -4.288 17.309 0.650  3.4  1000.00 10000.00  0 11 
3484656569545997440 175.7507504 -26.1148636  0.428  -0.342  -5.516 18.807 0.724 14.8  1000.00 10000.00  0 13 
3491443927840929152 175.7538280 -25.4993745  0.068   0.504  -7.513 18.010 0.683  8.9  1000.00 10000.00  0 13 
3484601529542353024 175.7658399 -26.6223198  0.124   0.226  -6.470 17.939 0.690  8.3  1000.00 10000.00  0 13 
3792602533509117952 175.7853527  -3.3031074  0.343 -15.283 -14.689 16.188 0.591  3.2  1000.00 10000.00  0 12 
3491970422111801856 175.8313981 -23.5721782  0.110  -1.181  -6.215 17.161 0.904 10.4  1000.00 10000.00  0 13 
3480718118895662976 175.8415634 -28.7183595  0.007  -0.813  -6.772 19.104 0.601 10.7  1000.00 10000.00  0 13 
3480582260490363392 175.8441675 -29.8321229 -0.009  -0.308  -6.491 18.950 0.748 12.8  1000.00 10000.00  0 13 
3896972948925349120 175.8481419   4.7309995  0.919 -15.436  -5.717 19.404 0.986  3.9  1000.00 10000.00  0 11 
3491430969922558336 175.8701060 -25.5458632  0.381  -0.947  -6.874 17.640 0.809  8.4  1000.00 10000.00  0 13 
3480609507762121600 175.8775167 -29.4142632  0.574  -0.555  -7.385 18.539 0.796 11.6  1000.00 10000.00  0 13 
3484576854953452032 175.8839839 -26.6582626 -0.044   0.606  -7.283 18.887 0.825 12.4  1000.00 10000.00  0 13 
3480698602564161536 175.8920338 -28.9502411  0.027  -0.388  -6.626 18.375 0.621 11.2  1000.00 10000.00  0 13 
3481097175529419648 175.9001985 -28.5311426  0.071  -0.303  -6.809 18.646 0.633 10.8  1000.00 10000.00  0 13 
3464509565155887744 175.9111991 -36.1579279  0.276  -4.324   2.060 19.445 0.808 16.1  1000.00 10000.00  0 10 
3599933354331358208 175.9302126  -4.5968574  0.933 -15.328 -14.327 19.219 0.948  3.5  1000.00 10000.00  0 12 
3491854457994916608 175.9321891 -24.2267425  0.065  -0.558  -7.539 13.895 1.141 12.6   341.81     0.13 13 13 
3491536832276143616 175.9366292 -24.9189232  0.250  -0.567  -7.306 19.312 0.723  8.3  1000.00 10000.00  0 13 
3484580123425447040 175.9446903 -26.5244913  0.028  -0.590  -7.132 18.927 0.606 11.9  1000.00 10000.00  0 13 
3491468563773420928 175.9882865 -25.3983373  0.207  -0.719  -5.376 18.574 0.680 11.8  1000.00 10000.00  0 13 
3464448610979524352 175.9951346 -36.4701918  0.386  -3.664   2.002 19.082 0.896 14.9  1000.00 10000.00  0 10 
3484151859352383872 175.9956929 -27.9948025  0.308  -1.529  -6.849 18.163 0.822 11.0  1000.00 10000.00  0 13 
3490647091147563264 176.0101050 -26.1234608  0.258   0.241  -6.981 18.072 0.802 11.9  1000.00 10000.00  0 13 
3491955677486813952 176.0113340 -23.6485116  0.271   0.038  -7.416 18.704 0.675 10.0  1000.00 10000.00  0 13 
3481092743123118208 176.0123255 -28.6041369  0.211  -1.269  -8.165 18.601 0.678 12.3  1000.00 10000.00  0 13 
3480223063785048960 176.0353861 -30.5359019  0.582  -0.519  -6.242 18.511 0.676 11.6  1000.00 10000.00  0 13 
 840406185068974208 176.0592851  53.6996004  0.118  -7.728  -7.947 16.819 0.912  9.2  1000.00 10000.00  0  8 
3484532256012870912 176.0659143 -26.9219974 -0.054  -0.502  -6.917 17.799 0.842 11.2  1000.00 10000.00  0 13 
3792650701566630912 176.0738206  -2.9380935 -0.323 -15.878 -15.571 18.818 0.903  3.2  1000.00 10000.00  0 12 
3491849681991339520 176.0804949 -24.2928309  0.075  -0.651  -7.588 14.945 1.050 12.5  1000.00 10000.00  0 13 
3480621808548465792 176.0825247 -29.4088238 -0.215   0.336  -6.882 19.165 0.661 11.6  1000.00 10000.00  0 13 
3479402896830774400 176.0937056 -31.4223094  0.360  -0.035  -6.114 19.311 0.729 13.8  1000.00 10000.00  0 13 
3490643105417963520 176.0950669 -26.1745842  0.191   0.414  -7.602 16.087 0.935 10.0   158.81     0.13 13 13 
5384855727426812160 176.1034382 -38.5521642  0.650  -3.091   2.892 18.855 0.913 13.4  1000.00 10000.00  0 10 
3463646723406338944 176.1124820 -37.1181912  0.364  -3.569   2.233 19.062 0.898 14.7  1000.00 10000.00  0 10 
3480394518879610240 176.1235117 -29.9472632  0.289  -1.385  -6.667 19.387 0.612 10.0  1000.00 10000.00  0 13 
3491485052150371328 176.1267431 -25.0342633 -0.027   0.616  -6.762 18.820 0.626 10.9  1000.00 10000.00  0 13 
3793079408022052352 176.1454295  -1.6882275  0.563 -16.588 -15.407 18.744 0.874  3.2  1000.00 10000.00  0 12 
3481074772979524096 176.1671546 -28.8288456  0.302  -0.741  -6.304 19.257 0.661  9.2  1000.00 10000.00  0 13 
3464458884541629440 176.1738834 -36.2674864  0.267  -3.495   2.547 18.340 0.908 15.6  1000.00 10000.00  0 10 
3895979815047989888 176.1748277   3.5572106  0.214 -17.356  -4.064 16.831 0.604  3.8  1000.00 10000.00  0 11 
 840408654674424448 176.1819450  53.7817561  0.090  -7.619  -7.929 17.865 0.726  9.1  1000.00 10000.00  0  8 
3480397851774299648 176.1859623 -29.8058866 -0.122  -0.901  -6.454 18.977 0.645 12.8  1000.00 10000.00  0 13 
3484338260930402304 176.1881843 -27.1206074  0.229  -0.260  -6.498 18.391 0.760 12.0  1000.00 10000.00  0 13 
3492282335519807104 176.2013171 -23.6855800  0.198  -0.093  -6.967 18.657 0.778 12.2  1000.00 10000.00  0 13 
3793055562363859456 176.2118983  -1.8884025  0.885 -16.241 -15.280 19.133 0.972  3.3  1000.00 10000.00  0 12 
3484261260756312960 176.2137139 -27.6150179 -0.312  -0.554  -6.613 18.535 0.650 11.4  1000.00 10000.00  0 13 
3897712370495607552 176.2434955   6.2746579 -0.300 -17.240  -3.863 19.132 1.019  3.6  1000.00 10000.00  0 11 
3481088418092055296 176.2657675 -28.5135143  0.292   0.706  -5.712 19.303 0.783 10.7  1000.00 10000.00  0 13 
 790936816177570048 176.2784250  50.9767059  0.480  -7.114  -7.566 18.110 0.597  6.9  1000.00 10000.00  0  8 
3491902385532561280 176.2836799 -23.7992516 -0.074  -0.540  -6.565 18.402 0.685 11.4  1000.00 10000.00  0 13 
3484143204992044928 176.3014814 -27.9888959  0.358  -0.658  -5.764 17.080 0.900 12.2  1000.00 10000.00  0 13 
3896020015942002816 176.3048987   3.8263463  0.391 -16.759  -4.244 18.623 0.870  3.6  1000.00 10000.00  0 11 
3479435474158522496 176.3298386 -31.1779824  0.089  -0.301  -6.188 18.381 0.821 12.8  1000.00 10000.00  0 13 
3795554894028343168 176.3501492  -0.4647011  0.295 -16.095 -14.581 15.688 0.685  3.2  -223.66    26.98 12 12 
3491462924478753408 176.3611201 -25.3102656  0.234  -0.150  -7.184 18.284 0.669 10.6  1000.00 10000.00  0 13 
3480625111380221952 176.3927752 -29.3696599  0.119  -0.535  -6.541 12.248 1.493 10.8   342.80     0.40  3 13 
3490593038983141248 176.3942123 -26.2186987 -0.123  -0.837  -5.626 17.935 0.668  9.6  1000.00 10000.00  0 13 
3895925938977873664 176.3998769   3.3645584  0.445 -16.771  -5.371 18.776 0.874  3.8  1000.00 10000.00  0 11 
3598784575135234944 176.4000943  -5.6736774  0.451 -17.208 -15.625 16.159 0.703  3.2   123.60     0.54  8 12 
3484374579173286912 176.4098709 -26.8065905  0.193   0.995  -5.636 19.008 0.626 13.2  1000.00 10000.00  0 13 
3480411080273287552 176.4282434 -29.7186123  0.068  -1.474  -6.249 17.977 0.703  9.3  1000.00 10000.00  0 13 
5384788481124999680 176.4362116 -38.8824077 -0.184  -3.438   2.678 19.221 0.821 15.3  1000.00 10000.00  0 10 
3600354639083857024 176.4446946  -3.9291665  0.429 -16.019 -15.324 18.478 0.756  3.3  1000.00 10000.00  0 12 
3484320428226014464 176.4458300 -27.2500322  0.406  -0.512  -7.071 19.041 0.649  9.1  1000.00 10000.00  0 13 
3491587925207088640 176.4624737 -24.7883196  0.200   0.623  -6.146 18.613 0.624 11.8  1000.00 10000.00  0 13 
5380949570637545088 176.4630930 -41.3351757  0.166  -3.433   2.819 17.673 0.918 12.1  1000.00 10000.00  0 10 
3799518079395024000 176.4677403   2.1833590  0.367 -18.076  -4.906 12.846 1.083  3.7   107.79     0.03  1 11 
3491584386153999232 176.4824299 -24.8558892 -0.055   0.494  -7.709 17.996 0.681  9.0  1000.00 10000.00  0 13 
 840784309694248320 176.4871828  53.8698016 -0.039  -7.758  -8.063 18.411 0.596  9.1  1000.00 10000.00  0  8 
3484244806737639424 176.4908111 -27.7377083  0.666  -0.499  -6.737 18.987 0.639 12.9  1000.00 10000.00  0 13 
3484345240251554816 176.4911627 -27.1803698  0.109  -0.199  -7.855 18.495 0.676 10.0  1000.00 10000.00  0 13 
3491663761446997888 176.4918088 -24.5014914  0.243  -0.722  -8.029 16.520 0.885  7.5  1000.00 10000.00  0 13 
3492260482726151424 176.4988225 -23.9032647  0.316  -1.168  -8.233 17.589 0.819  8.7  1000.00 10000.00  0 13 
3492274604578687488 176.5011372 -23.6502307  0.395   0.610  -7.048 18.514 0.649  9.2  1000.00 10000.00  0 13 
3491689114637131264 176.5039453 -24.2191679  0.496  -0.156  -8.359 18.312 0.669  8.6  1000.00 10000.00  0 13 
3492293674233036032 176.5269711 -23.4071169  0.287  -0.069  -6.785 17.526 0.842  8.8  1000.00 10000.00  0 13 
 840785855882481408 176.5583533  53.9050060 -0.050  -7.162  -7.104 19.153 0.661  7.4  1000.00 10000.00  0  8 
3481113913016586624 176.5608166 -28.3765869  0.769  -0.575  -6.418 19.323 0.647 12.7  1000.00 10000.00  0 13 
3490690414480993280 176.5628766 -25.6402704 -0.032   0.668  -6.572 19.047 0.607 11.0  1000.00 10000.00  0 13 
3600482324167335936 176.5725006  -3.1048176  0.479 -15.768 -14.877 17.946 0.744  3.3  1000.00 10000.00  0 12 
 840790425727710848 176.5796146  54.0263812  0.227  -7.592  -7.805 18.778 0.555 11.0  1000.00 10000.00  0  8 
3479371457669573248 176.5825397 -31.3196690  0.493   0.115  -6.486 18.770 0.714 11.2  1000.00 10000.00  0 13 
 840580251503671424 176.5926058  53.6745150  0.256  -7.632  -7.953 17.814 0.719  9.2  -203.55    19.03  4  8 
3481136109408902784 176.5938374 -28.1016674  0.199  -0.933  -6.903 16.187 0.944 10.7    97.97     0.15 13 13 
3479432721083278720 176.6017257 -31.0086501 -0.008  -0.705  -5.834 19.324 0.704 10.0  1000.00 10000.00  0 13 
3895898416827368960 176.6092791   3.1656064  0.210 -17.172  -4.453 18.252 0.742  3.7  1000.00 10000.00  0 11 
3492368857637928832 176.6169623 -23.1188358  0.080   0.553  -6.897 16.078 0.939  9.5  1000.00 10000.00  0 13 
3480300102615822848 176.6182900 -30.5538043 -0.047  -0.647  -6.187 18.870 0.594 11.4  1000.00 10000.00  0 13 
3479428151238035456 176.6183493 -31.0982488 -0.002  -0.530  -6.184 18.659 0.638 11.2  1000.00 10000.00  0 13 
3794574056641039488 176.6223748  -1.5927571 -0.102 -16.645 -15.313 19.192 1.105  3.0  1000.00 10000.00  0 12 
3490378977812841216 176.6318573 -26.6917176  0.330  -0.242  -6.858 18.515 0.791 13.0  1000.00 10000.00  0 13 
3897700314522816256 176.6483998   6.2504178  0.186 -18.167  -4.975 16.732 0.623  3.8  1000.00 10000.00  0 11 
3480815837991914112 176.6520353 -29.2032805  0.630   0.052  -5.249 19.085 0.807 15.2  1000.00 10000.00  0 13 
 792164008592475776 176.6617181  52.0646609  0.182  -7.118  -8.138 18.747 0.666  7.3  1000.00 10000.00  0  8 
3490384715889293952 176.6683712 -26.5436436 -0.014  -0.768  -7.037 19.278 0.686  7.8  1000.00 10000.00  0 13 
3490378565495978112 176.6703543 -26.6912016  0.104  -0.643  -7.127 18.582 0.636 11.2  1000.00 10000.00  0 13 
 840504587063482496 176.6825854  53.1729520  0.179  -7.264  -7.179 18.755 0.595  8.0  1000.00 10000.00  0  8 
3479433378215420800 176.6872018 -30.9900636  0.354  -0.416  -5.945 19.318 0.595 13.2  1000.00 10000.00  0 13 
3490631109572939264 176.6963842 -25.8901657  0.179   0.248  -7.195 18.269 0.875 11.4  1000.00 10000.00  0 13 
5381314475353624448 176.7050843 -41.2418306  0.060  -3.196   2.916 14.827 1.279 14.8   145.95     0.10 13 10 
3794679510974055168 176.7119623  -0.9525628  0.241 -15.779 -14.379 15.866 0.644  3.3  -414.53     2.75  8 12 
3492070267214446976 176.7173448 -23.9508329  0.118  -0.041  -7.594 19.265 0.563  9.1  1000.00 10000.00  0 13 
3480338478147025280 176.7187368 -30.1471382  0.305  -0.660  -6.546 18.339 0.733 11.4  1000.00 10000.00  0 13 
3492055252010219776 176.7274200 -24.0973209 -0.017   0.386  -7.426 19.111 0.708  7.7  1000.00 10000.00  0 13 
3480796287300472064 176.7310217 -29.4433050 -0.206  -0.148  -6.489 18.802 0.617 11.0  1000.00 10000.00  0 13 
3490803805914117248 176.7333663 -25.2680935  0.038   0.233  -6.235 16.796 0.917 11.7  1000.00 10000.00  0 13 
3484306100214330112 176.7381044 -27.0576181  0.531  -1.059  -7.605 19.496 0.669  8.6  1000.00 10000.00  0 13 
3479351769539972608 176.7526895 -31.6382877  0.096  -0.648  -6.510 18.725 0.705 13.2  1000.00 10000.00  0 13 
3479430796937941504 176.7558130 -30.9834710  0.162   0.468  -6.417 18.066 0.813 11.5  1000.00 10000.00  0 13 
 840862615538109184 176.7592027  54.3718868  0.135  -7.617  -7.714 18.991 0.644  9.3  1000.00 10000.00  0  8 
3600562790379126528 176.7856274  -3.1394411  0.655 -15.793 -14.961 19.228 0.902  3.3  1000.00 10000.00  0 12 
3479136059102955008 176.8014954 -31.7868888  0.237  -0.502  -6.377 18.321 0.772 11.1  1000.00 10000.00  0 13 
3479554801233802624 176.8244715 -30.5265338  0.260  -0.307  -6.388 17.161 0.916 13.7  1000.00 10000.00  0 13 
3480339199701700480 176.8263934 -30.1450532  0.073  -0.336  -5.357 16.892 0.937 14.9  1000.00 10000.00  0 13 
 840779396251675648 176.8524907  53.9296931 -0.124  -7.798  -7.875 18.389 0.652  9.3  1000.00 10000.00  0  8 
3896141138314870528 176.8541600   4.4555566  0.232 -18.600  -4.641 17.700 0.744  3.7  1000.00 10000.00  0 11 
5381759464029583232 176.8577611 -39.3050180  0.478  -3.645   2.144 18.994 0.826 14.0  1000.00 10000.00  0 10 
3479361733863276544 176.8649462 -31.4132823  0.070  -0.388  -6.137 18.471 0.660 11.2  1000.00 10000.00  0 13 
3479115477619424512 176.8735986 -32.1006404  0.026  -0.418  -5.856 18.313 0.752 11.5  1000.00 10000.00  0 13 
5381732251116024448 176.8742252 -39.7091551  0.237  -2.848   2.458 18.731 0.796 13.1  1000.00 10000.00  0 10 
3480817354116005504 176.8747567 -29.2062981  0.051  -0.913  -6.758 16.932 0.933 12.0  1000.00 10000.00  0 13 
3490633308595942912 176.8790340 -25.8930888 -0.359   0.985  -6.446 19.409 0.659 11.0  1000.00 10000.00  0 13 
3897633519191455360 176.8912730   5.9553583  0.285 -18.271  -4.070 18.876 0.775  3.7  1000.00 10000.00  0 11 
5381758265735064192 176.9012274 -39.3772886  0.051  -3.153   2.713 16.757 1.018 13.9  1000.00 10000.00  0 10 
3480339852536589184 176.9102494 -30.0936463  0.857  -0.015  -6.650 19.375 0.799 11.5  1000.00 10000.00  0 13 
3481225646594039168 176.9119766 -27.9944913  0.212  -0.223  -6.235 18.096 0.721 12.5  1000.00 10000.00  0 13 
3490375438759946368 176.9200144 -26.5318577 -0.026  -0.001  -6.515 17.771 0.732  9.0  1000.00 10000.00  0 13 
3480800238670458368 176.9583736 -29.3868374  0.126  -0.518  -6.554 18.290 0.706 10.8  1000.00 10000.00  0 13 
3492065426787482880 176.9626296 -23.9225248  0.251  -0.536  -7.755 16.924 0.761  7.4  1000.00 10000.00  0 13 
3490373926931370624 176.9718169 -26.6232720  0.305  -0.392  -4.808 18.719 0.728 12.0  1000.00 10000.00  0 13 
3895738064224163712 176.9940446   3.2010571  0.355 -18.216  -5.756 15.721 0.752  3.5  1000.00 10000.00  0 11 
5381569179797341824 176.9961553 -40.2214133  0.628  -3.202   3.252 18.578 0.863 11.9  1000.00 10000.00  0 10 
3491998283563126144 176.9976068 -24.3142099  0.065  -0.659  -6.675 17.780 0.665  8.9  1000.00 10000.00  0 13 
3479162172503074944 177.0057469 -31.6247332  0.228   1.273  -6.619 19.324 0.688 14.1  1000.00 10000.00  0 13 
3490835245074775168 177.0401912 -25.0800205 -0.081  -1.001  -5.749 17.260 0.885  9.5  1000.00 10000.00  0 13 
3484282220196386944 177.0419287 -27.3956086  0.396  -0.322  -5.336 18.616 0.731 11.8  1000.00 10000.00  0 13 
3895724006796089216 177.0737845   3.1054461  0.758 -17.961  -4.602 18.853 0.971  3.7  1000.00 10000.00  0 11 
3490823111791126400 177.0763376 -25.1295683  0.100  -0.798  -4.698 18.506 0.755 11.9  1000.00 10000.00  0 13 
3896161303186175488 177.0837439   4.4205889  0.339 -18.022  -4.693 18.680 0.860  3.6  1000.00 10000.00  0 11 
3481278526228969984 177.0970102 -27.4773226  0.330  -0.695  -6.514 18.337 0.811 11.0  1000.00 10000.00  0 13 
3479360260691472000 177.1268264 -31.3380645  0.225  -1.279  -5.646 17.993 0.652  9.5  1000.00 10000.00  0 13 
3479035664243419008 177.1369356 -32.6573841  0.179  -0.088  -6.168 15.973 0.964 11.1  1000.00 10000.00  0 13 
3479113897071528448 177.1423609 -32.0461338  0.032  -0.361  -6.066 17.487 0.903 11.5  1000.00 10000.00  0 13 
3490317237659240960 177.1553087 -26.8768477  0.118  -0.619  -5.724 15.370 0.996 12.0   125.64     4.13 12 13 
3479144889554560640 177.1695735 -31.7772482  0.141  -0.073  -6.262 18.756 0.603 11.6  1000.00 10000.00  0 13 
3794396485513688064 177.1862858  -1.5544375  0.415 -16.436 -14.351 18.974 1.001  3.3  1000.00 10000.00  0 12 
3479453890976948096 177.2280497 -31.2963710  0.165  -0.139  -7.486 18.925 0.818 11.5  1000.00 10000.00  0 13 
3490422717759409536 177.2306360 -26.1699157  0.198  -0.920  -7.571 17.511 0.815  7.5  1000.00 10000.00  0 13 
5381358863838773248 177.2354486 -40.6102026 -0.016  -3.183   2.534 19.390 0.853 13.5  1000.00 10000.00  0 10 
3481277048760220672 177.2437402 -27.4766852 -0.199   0.578  -6.653 18.616 0.703 10.9  1000.00 10000.00  0 13 
3487287872670514688 177.2627801 -27.2278383  0.114  -1.151  -7.491 18.179 0.710 10.6  1000.00 10000.00  0 13 
 840806579100164992 177.2630629  54.1289762  0.124  -7.703  -7.740 16.942 0.875  9.2  1000.00 10000.00  0  8 
3479483676575085952 177.2694583 -30.7866848  0.271  -0.461  -6.373 18.331 0.701 10.9  1000.00 10000.00  0 13 
3479587275482621184 177.2886150 -30.2099967  0.263  -0.759  -6.284 19.023 0.616 13.1  1000.00 10000.00  0 13 
3479047582776157312 177.3008494 -32.3486031  0.132  -0.311  -5.774 18.862 0.679 13.2  1000.00 10000.00  0 13 
3479483332977641472 177.3071778 -30.8310466 -0.175  -0.489  -5.111 18.977 0.746 15.1  1000.00 10000.00  0 13 
3479456944698251136 177.3139215 -31.1691047  0.512  -1.029  -6.486 18.734 0.589  9.5  1000.00 10000.00  0 13 
3479510648969792640 177.3283119 -30.7244534  0.153   0.285  -7.030 18.419 0.720 12.2  1000.00 10000.00  0 13 
3490347474227766272 177.3311988 -26.6385427  0.282   0.301  -6.652 18.753 0.640 11.7  1000.00 10000.00  0 13 
 840823862048534016 177.3358904  54.3525066  0.217  -7.965  -8.212 19.053 0.646  7.9  1000.00 10000.00  0  8 
3479041535461954944 177.3514903 -32.4758958 -0.074  -0.227  -5.954 19.098 0.598  8.5  1000.00 10000.00  0 13 
 840825064639378048 177.3788449  54.4173345  0.073  -7.584  -7.324 19.101 0.588  9.3  1000.00 10000.00  0  8 
3480954994931870848 177.3843006 -28.5938899 -0.284   0.096  -6.539 19.125 0.725  8.6  1000.00 10000.00  0 13 
3479148428607633408 177.3926764 -31.7558604  0.338  -0.096  -6.265 17.656 0.906 13.4  1000.00 10000.00  0 13 
3479145645468759040 177.4123113 -31.8470518 -0.083  -0.615  -6.366 18.853 0.640 11.2  1000.00 10000.00  0 13 
3794295227364611712 177.4186013  -2.0763427  0.571 -15.146 -13.852 18.325 0.855  3.4  1000.00 10000.00  0 12 
3479147775772611840 177.4436775 -31.7465382 -0.089  -0.245  -6.082 18.175 0.798 11.1  1000.00 10000.00  0 13 
3490357743494793984 177.4465233 -26.3919134  0.064  -0.445  -6.966 17.192 0.903  9.7  1000.00 10000.00  0 13 
3490331045977756288 177.4519184 -26.7400995  0.678   2.349  -4.534 17.140 0.843  8.9  1000.00 10000.00  0 13 
 841736800296767744 177.4534523  55.4964746  0.258  -7.673  -7.107 19.115 0.598  8.8  1000.00 10000.00  0  8 
3480787628645810688 177.4563509 -29.0800166  0.132  -0.131  -5.974 17.646 0.802  8.9  1000.00 10000.00  0 13 
3479147466534935552 177.4635323 -31.7847394 -0.123  -0.195  -6.259 19.150 0.670 13.8  1000.00 10000.00  0 13 
3796463395575186048 177.4717291   2.0303376  0.159 -12.548  -4.997 19.125 0.850  4.4  1000.00 10000.00  0 11 
 840821108973672448 177.4756403  54.3096264  0.116  -7.800  -7.660 18.024 0.652  9.3  1000.00 10000.00  0  8 
3490778959527357824 177.4906352 -25.0865095  0.128   0.250  -7.397 17.478 0.728  7.6  1000.00 10000.00  0 13 
3600076600080882176 177.5035897  -4.4918179  0.125 -15.812 -15.272 18.545 0.882  3.4  1000.00 10000.00  0 12 
3896533870124672384 177.5044190   4.6416262  0.557 -16.607  -4.309 15.672 0.803  3.8  1000.00 10000.00  0 11 
3479262571658837248 177.5053542 -31.3767055  0.138  -0.391  -6.929 18.746 0.707 13.2  1000.00 10000.00  0 13 
3465449342655914368 177.5098876 -33.2003625  0.030  -0.141  -5.781 18.449 0.687 11.6  1000.00 10000.00  0 13 
3490357949653203328 177.5325801 -26.4202598  0.235  -0.623  -6.385 18.070 0.746  8.9  1000.00 10000.00  0 13 
3480932424879730560 177.5396260 -28.8473982  0.125  -0.421  -6.672 18.713 0.732 13.2  1000.00 10000.00  0 13 
5380498392912859392 177.5757183 -41.5025313  0.169  -3.134   2.919 19.140 0.830 14.2  1000.00 10000.00  0 10 
3467005216033053440 177.5797404 -32.8791465  0.020  -0.144  -6.117 18.746 0.860 11.6  1000.00 10000.00  0 13 
 792393879538940800 177.5837584  52.6368127  0.251  -7.305  -6.681 18.133 0.729  7.6  1000.00 10000.00  0  8 
3467056381978830592 177.5874842 -32.4202393 -0.237  -0.047  -6.220 18.550 0.692 11.0  1000.00 10000.00  0 13 
3467001161583835520 177.6015366 -32.9780382 -0.033  -0.533  -5.904 18.574 0.636 10.9  1000.00 10000.00  0 13 
3895663327497489664 177.6105215   2.9895428  0.406 -15.844  -4.170 17.769 0.627  3.9  1000.00 10000.00  0 11 
3490559950555367040 177.6107200 -25.5680542  0.085   0.733  -6.125 18.829 0.633  8.4  1000.00 10000.00  0 13 
3600303172491792512 177.6151583  -3.5105731  0.272 -15.267 -14.280 16.370 0.580  3.6  1000.00 10000.00  0 12 
3479949766426507648 177.6291248 -30.1269034  0.089  -0.138  -6.503 19.058 0.768 12.4  1000.00 10000.00  0 13 
3602162957754269440 177.6570787  -2.1356729  0.255 -15.717 -14.614 17.676 0.669  3.4  1000.00 10000.00  0 12 
3479190141329870080 177.6698853 -31.8496464  0.278  -1.562  -6.474 17.418 0.804  9.2  1000.00 10000.00  0 13 
5381398480617100416 177.6724635 -40.6923819  0.717  -2.819   2.896 19.069 0.787 13.7  1000.00 10000.00  0 10 
3479257589496832128 177.6904381 -31.3309257 -0.058  -0.646  -4.930 18.692 0.808 14.8  1000.00 10000.00  0 13 
3479257589496824064 177.6931904 -31.3365774  0.217   0.188  -6.476 19.098 0.579 13.3  1000.00 10000.00  0 13 
3467006521703040512 177.7014865 -32.9565546  0.090  -0.551  -5.531 19.051 0.668 13.1  1000.00 10000.00  0 13 
 840810869771610880 177.7183479  54.2295811 -0.229  -7.867  -7.683 18.327 0.612  9.2  1000.00 10000.00  0  8 
3481194005568237952 177.7195958 -27.8603381 -0.030  -1.201  -7.477 18.926 0.733 14.6  1000.00 10000.00  0 13 
3892628881563445120 177.7301320   2.5484270  0.088 -15.122  -4.722 17.948 0.723  3.8  1000.00 10000.00  0 11 
3479076517971776640 177.7520246 -32.1366985  0.203  -1.063  -6.600 17.360 0.776  9.0  1000.00 10000.00  0 13 
3598654695324373888 177.7603510  -5.5173064  0.531 -14.290 -13.902 18.312 0.776  3.6  1000.00 10000.00  0 12 
3490436839611892864 177.7667096 -26.3959115 -0.082  -0.187  -6.002 18.744 0.628 10.3  1000.00 10000.00  0 13 
3479961620536509568 177.7980109 -29.9120856  0.294  -0.613  -7.426 16.999 0.768  8.2  1000.00 10000.00  0 13 
 840815821869730816 177.8170105  54.3618762  0.089  -7.800  -7.552 18.525 0.583  9.3  1000.00 10000.00  0  8 
5381384633642468992 177.8194502 -40.8154062 -0.068  -4.675   2.713 19.041 0.870 13.8  1000.00 10000.00  0 10 
3600111994908016384 177.8373939  -4.1823941 -0.159 -15.824 -15.150 19.042 0.982  3.4  1000.00 10000.00  0 12 
3480942251764988544 177.8510046 -28.6515435  0.094   0.419  -6.545 17.199 0.858  9.5  1000.00 10000.00  0 13 
3466954810296692224 177.8519441 -33.0875370 -0.112  -0.274  -5.679 18.671 0.632 12.4  1000.00 10000.00  0 13 
 841727106555203584 177.8684846  55.4508539  0.193  -7.608  -7.212 17.725 0.681  7.9  1000.00 10000.00  0  8 
3480007392003513984 177.8764174 -29.6132438  0.259  -0.896  -6.780 18.932 0.631 13.2  1000.00 10000.00  0 13 
3480994336832988544 177.9021983 -28.1429706  0.065  -1.004  -6.504 18.663 0.770 13.4  1000.00 10000.00  0 13 
3466931003293721728 177.9342683 -33.3140781  0.026  -0.275  -5.966 17.109 0.920 13.6  1000.00 10000.00  0 13 
3479311053250558464 177.9358511 -30.7451348  0.292   0.655  -6.174 18.902 0.642 11.6  1000.00 10000.00  0 13 
3480999593873062528 177.9382591 -28.0356705 -0.052   0.265  -5.904 17.892 0.659  9.0  1000.00 10000.00  0 13 
3479902285563961856 177.9505181 -30.2541801  0.079  -0.518  -6.466 15.706 0.994 13.0   346.40     0.19 13 13 
3479185988098304000 177.9612892 -31.7270284  0.186  -0.887  -6.293 17.544 0.777  8.5  1000.00 10000.00  0 13 
3600264620865411584 177.9815178  -3.5526508  0.955 -14.644 -14.693 19.351 1.048  3.4  1000.00 10000.00  0 12 
3466940692739957888 177.9831052 -33.1995992  0.168  -0.607  -6.257 18.413 0.705 11.5  1000.00 10000.00  0 13 
3480110093262130560 177.9958192 -29.2703976  0.353   0.771  -5.463 19.108 0.620  9.0  1000.00 10000.00  0 13 
3479903896175683840 178.0104215 -30.2250921  0.050  -0.417  -6.399 18.084 0.647  9.1  1000.00 10000.00  0 13 
3466941483014691712 178.0327577 -33.1328447  0.264  -0.748  -5.804 19.129 0.611 14.1  1000.00 10000.00  0 13 
3490488211717314048 178.0335781 -25.9672873  0.368   0.688  -6.909 17.760 0.855  9.7  1000.00 10000.00  0 13 
 840818192691653504 178.0593218  54.4838125  0.119  -7.740  -7.587 15.593 0.958  9.3  -191.98     0.70  8  8 
3479188904379509888 178.0735092 -31.5989669  0.472  -0.545  -6.208 19.272 0.618 13.2  1000.00 10000.00  0 13 
3487003648915100416 178.0865076 -27.9488228  0.018  -0.472  -7.142 18.612 0.619  8.9  1000.00 10000.00  0 13 
3480110677375340032 178.0938721 -29.2608629  0.306  -0.109  -6.366 19.455 0.590  8.7  1000.00 10000.00  0 13 
3466993538017622912 178.1271797 -32.6806532  0.153  -0.499  -5.201 18.072 0.858 13.6  1000.00 10000.00  0 13 
3479886407068704256 178.1403860 -30.3980431  0.271  -0.438  -7.355 17.727 0.809  8.1  1000.00 10000.00  0 13 
3479941623168852096 178.1508189 -29.8348834  0.098  -0.242  -5.934 18.201 0.622  9.0  1000.00 10000.00  0 13 
3600271763394679808 178.1554617  -3.4767361 -0.067 -14.212 -13.443 19.047 1.048  3.5  1000.00 10000.00  0 12 
 840908073471397120 178.1898501  54.4538033  0.267  -7.749  -7.682 18.553 0.604  9.5  1000.00 10000.00  0  8 
3466964087425276928 178.1989720 -33.0375926  0.032  -0.521  -6.226 17.800 0.882 13.6  1000.00 10000.00  0 13 
3794460119748694016 178.2010257  -1.4061017  0.322 -15.007 -13.566 16.812 0.597  3.5  1000.00 10000.00  0 12 
3600241183227392256 178.2306543  -3.8413970  0.320 -15.027 -14.036 18.018 0.738  3.5  1000.00 10000.00  0 12 
3467140455962650752 178.2361623 -32.3007338  0.202  -0.453  -5.954 19.385 0.695  8.6  1000.00 10000.00  0 13 
3466990132107049856 178.2378294 -32.7112225  0.119  -0.147  -5.946 18.828 0.745 13.4  1000.00 10000.00  0 13 
3601857671479357696 178.2439864  -2.7719736  0.218 -12.947 -11.865 19.330 0.963  4.2  1000.00 10000.00  0 12 
3479241474780211584 178.2597828 -31.0858567  0.030  -0.877  -5.765 17.922 0.712  9.1  1000.00 10000.00  0 13 
3466989891588884864 178.2715681 -32.6928676  0.114  -0.203  -6.186 18.911 0.627 13.4  1000.00 10000.00  0 13 
3479207188056953600 178.2823571 -31.6844118  0.177  -1.191  -5.373 15.712 0.959  9.5   280.32     0.14 13 13 
3479925508450781824 178.2946686 -29.9632071  0.142  -0.477  -6.673 18.586 0.637 13.1  1000.00 10000.00  0 13 
3896199957891377792 178.3015776   3.8939211  0.499 -15.586  -3.806 19.039 0.928  3.8  1000.00 10000.00  0 11 
3479207321199829888 178.3026104 -31.6662079  0.167  -0.380  -6.295 18.747 0.704 13.1  1000.00 10000.00  0 13 
3479939183626674944 178.3123662 -29.8791432  0.152  -1.343  -5.905 19.395 0.620  8.6  1000.00 10000.00  0 13 
3601827709787063808 178.3132011  -3.1247276  0.605 -15.311 -14.087 19.163 0.972  3.5  1000.00 10000.00  0 12 
 840908279629831040 178.3157643  54.4760811  0.006  -8.043  -7.715 19.367 0.591  9.2  1000.00 10000.00  0  8 
3467153551319629952 178.3181312 -32.0462343  0.201  -0.600  -5.987 17.390 0.776  9.0  1000.00 10000.00  0 13 
3479723267031343360 178.3258794 -30.2871496  0.100  -0.478  -6.295 18.283 0.754 12.4  1000.00 10000.00  0 13 
 840909791458321664 178.3586190  54.4918682  0.257  -7.837  -7.682 18.282 0.602  9.4  1000.00 10000.00  0  8 
3466975804096108288 178.3598590 -32.8556657  0.276  -1.058  -6.226 17.773 0.825  9.1  1000.00 10000.00  0 13 
 792229566974068224 178.3729183  52.3004753  0.103  -8.134  -7.658 19.368 0.747  6.6  1000.00 10000.00  0  8 
3479611666600168960 178.4080966 -31.1585611 -0.103  -0.137  -6.089 19.203 0.759 12.0  1000.00 10000.00  0 13 
3487352709496007168 178.4281537 -27.0262387 -0.437   0.264  -6.101 19.330 0.677  8.8  1000.00 10000.00  0 13 
3467192133009671424 178.4620686 -31.8075483  0.142  -0.702  -6.160 18.876 0.695 12.3  1000.00 10000.00  0 13 
3480040854092487296 178.4776222 -29.5590487  0.050  -0.289  -5.741 18.011 0.688  9.6  1000.00 10000.00  0 13 
3466757688476949504 178.4850247 -33.3016058  0.096  -0.256  -5.662 18.930 0.624 13.6  1000.00 10000.00  0 13 
3480035734491331328 178.4979315 -29.7263150  0.014  -0.305  -6.699 19.036 0.610 10.9  1000.00 10000.00  0 13 
3467179248107674368 178.5047605 -31.9150530  0.376  -0.320  -6.157 18.923 0.634 11.9  1000.00 10000.00  0 13 
 840910650451797376 178.5169599  54.5865104  0.212  -7.873  -7.584 18.130 0.621  9.3  1000.00 10000.00  0  8 
 840646668877833728 178.5750848  54.0063001  0.236  -7.614  -8.297 16.428 0.899  8.0  1000.00 10000.00  0  8 
3602176529851202432 178.5876301  -2.3261417  0.098 -15.096 -13.950 18.761 0.912  3.5  1000.00 10000.00  0 12 
3464393978995028096 178.5984806 -34.2374117 -0.043  -0.325  -5.407 18.631 0.629 11.4  1000.00 10000.00  0 13 
3479652314171201152 178.6106297 -30.6766244  0.330  -0.467  -6.234 19.466 0.739  9.1  1000.00 10000.00  0 13 
3601893272463780992 178.6120253  -2.4515141  0.420 -13.680 -12.917 16.971 0.588  3.8  1000.00 10000.00  0 12 
3601860282819442304 178.6127780  -2.9004738  0.289 -14.612 -13.061 18.663 0.803  3.8  1000.00 10000.00  0 12 
3794860414997107840 178.6277072  -0.8821550  0.215 -14.905 -13.772 16.795 0.591  3.6  1000.00 10000.00  0 12 
3486916100300526464 178.7081195 -28.4032092 -0.082   0.028  -4.494 19.410 0.715  9.1  1000.00 10000.00  0 13 
 840727860939569152 178.7368914  54.5468929  0.118  -7.818  -7.483 15.123 0.991  9.3  -215.14     1.18  8  8 
3601769263872447360 178.7573616  -3.2687687  0.223 -14.205 -13.657 18.823 0.902  3.6  1000.00 10000.00  0 12 
3479824456459783936 178.7803830 -30.0272094  0.003  -0.297  -5.988 18.064 0.686  8.8  1000.00 10000.00  0 13 
3467184475082213248 178.7839955 -31.7631918  0.206  -1.202  -6.126 18.939 0.783 11.3  1000.00 10000.00  0 13 
3464313306626195712 178.8057300 -34.8711534  0.114  -0.515  -5.553 18.520 0.739 11.9  1000.00 10000.00  0 13 
3465897015686958592 178.8124809 -34.0984477  0.493  -0.927  -5.674 18.521 0.790 13.4  1000.00 10000.00  0 13 
3599175103625828480 178.8312267  -4.7037674  0.228 -13.782 -13.105 17.143 0.590  4.0  1000.00 10000.00  0 12 
3464371065346409984 178.8322113 -34.6028426  0.167  -0.449  -5.601 19.464 0.579 13.7  1000.00 10000.00  0 13 
3599181460177442560 178.8598156  -4.6413137  0.420 -14.406 -13.082 18.442 0.862  3.7  1000.00 10000.00  0 12 
3601001323719787648 178.8779100  -3.5589446  0.458 -14.765 -12.630 19.088 0.915  3.7  1000.00 10000.00  0 12 
3466700960550118272 178.8896098 -33.5585580 -0.147  -0.440  -6.237 18.002 0.880 11.2  1000.00 10000.00  0 13 
3602676601483333248 178.8926458  -1.2717684  0.264 -14.902 -13.337 17.803 0.705  3.7  1000.00 10000.00  0 12 
3479636405612921984 178.9820489 -30.7707565  0.352  -1.270  -6.235 19.444 0.583  8.6  1000.00 10000.00  0 13 
3479644102193781888 179.0294278 -30.6365680  0.345  -0.242  -6.138 18.932 0.583  8.6  1000.00 10000.00  0 13 
3466709687922355456 179.0342921 -33.3944507  0.025  -0.887  -5.729 17.500 0.858  9.2  1000.00 10000.00  0 13 
3464292514688236032 179.0386905 -35.0882612  0.256  -0.623  -5.605 18.266 0.779 11.6  1000.00 10000.00  0 13 
3601793040810787072 179.0524734  -3.0963436  0.190 -14.671 -14.078 18.281 0.735  3.7  1000.00 10000.00  0 12 
3601798126052064896 179.0815516  -3.0998714  0.365 -14.742 -13.964 17.728 0.694  3.5  1000.00 10000.00  0 12 
3467113208692803072 179.0823983 -32.1919324 -0.004  -0.509  -5.614 17.865 0.682  9.1  1000.00 10000.00  0 13 
3601917289921054848 179.0850288  -2.6841381  0.252 -13.970 -13.047 16.640 0.614  3.9  1000.00 10000.00  0 12 
3465827574655816064 179.0895564 -34.4584280  0.324  -0.089  -5.984 17.066 0.864  8.7  1000.00 10000.00  0 13 
3467120321156284544 179.1104073 -31.9856918  0.017  -0.496  -6.111 16.956 0.884  9.1  1000.00 10000.00  0 13 
3892705847377505152 179.1404281   2.9913925 -0.714 -16.582  -4.451 19.164 0.944  3.7  1000.00 10000.00  0 11 
3479646129418448896 179.1511543 -30.5503605  0.304  -0.371  -6.451 18.553 0.659 11.0  1000.00 10000.00  0 13 
3479646060698960512 179.1537556 -30.5617254 -0.157  -0.046  -6.357 19.345 0.652  9.1  1000.00 10000.00  0 13 
3466807578816773248 179.1831254 -33.1690362  0.162  -0.287  -6.248 18.273 0.763 11.3  1000.00 10000.00  0 13 
3467616853735919232 179.1904351 -31.0410727  0.186   0.482  -5.728 18.429 0.696 11.1  1000.00 10000.00  0 13 
3465822244599636992 179.2623551 -34.5582646  0.114   0.062  -6.078 18.594 0.662 10.7  1000.00 10000.00  0 13 
3600942740365789824 179.2728209  -3.6792122  0.254 -10.836 -12.631 19.040 0.882  3.7  1000.00 10000.00  0 12 
 840751809677187968 179.2938521  54.7227812  0.200  -8.001  -7.323 18.825 0.626  9.3  1000.00 10000.00  0  8 
3601015342493049472 179.2981258  -3.5448956  0.252 -13.419 -12.538 19.155 0.949  3.8  1000.00 10000.00  0 12 
3601924574185646208 179.3108520  -2.5319764  0.219 -14.405 -12.155 16.320 0.727  3.9   125.85     1.09  8 12 
3600923675007100288 179.3377401  -3.9046367  0.341 -14.342 -13.593 16.165 0.610  3.6  1000.00 10000.00  0 12 
3602707941860615040 179.3800669  -1.0045308  0.302 -14.343 -12.986 17.669 0.654  3.7  1000.00 10000.00  0 12 
3465614849219444608 179.4434874 -34.8968523  0.037  -0.488  -5.798 18.419 0.659 11.3  1000.00 10000.00  0 13 
3464025848758846848 179.4666080 -35.7811820  0.173  -0.339  -5.220 18.399 0.716 11.5  1000.00 10000.00  0 13 
3460856197254552064 179.4779829 -36.7373225  0.067  -0.767  -5.483 18.303 0.856 12.2  1000.00 10000.00  0 13 
 840966588105541120 179.5166273  55.2039522  0.037  -8.082  -7.283 18.849 0.605  8.2  1000.00 10000.00  0  8 
3485862424564292096 179.5265118 -29.4600812 -0.107  -0.672  -6.571 19.209 0.716  9.3  1000.00 10000.00  0 13 
 840743765202598528 179.5531564  54.6487378 -0.056  -7.881  -7.461 19.109 0.618  9.3  1000.00 10000.00  0  8 
3465814243076188800 179.5671896 -34.5431624  0.158   0.155  -5.732 19.460 0.632  8.4  1000.00 10000.00  0 13 
3466045174878802432 179.5854868 -33.2788655  0.339  -0.861  -5.863 17.357 0.870  9.1  1000.00 10000.00  0 13 
3600976206750867584 179.5870784  -3.4318218  0.408 -13.315 -12.733 18.397 0.723  3.9  1000.00 10000.00  0 12 
3465812623872852736 179.5888690 -34.6232977 -0.060  -0.885  -5.845 18.691 0.637  9.5  1000.00 10000.00  0 13 
3466033148970395776 179.5935823 -33.5111010  0.317  -0.409  -5.484 17.308 0.833  9.0  1000.00 10000.00  0 13 
3465868359665394560 179.6071473 -34.0256444  0.076  -0.464  -6.038 16.042 0.980 13.6   354.08     0.22 13 13 
3465841765227956224 179.6197777 -34.3973187  0.396  -0.838  -5.759 17.418 0.837  8.4  1000.00 10000.00  0 13 
3602811399032941440 179.6425174  -0.7706238  0.174 -13.755 -13.564 17.548 0.704  3.9  1000.00 10000.00  0 12 
3602635236654282112 179.6814215  -1.3814519  0.214 -13.815 -12.804 16.611 0.577  4.2  -197.71     3.76  6 12 
 840759055286431872 179.7426974  54.8879031  0.133  -7.760  -7.407 17.908 0.728  9.3  -186.00     6.64  6  8 
3465593305663506304 179.7621671 -35.1462474  0.203  -1.136  -5.602 17.384 0.889  9.3  1000.00 10000.00  0 13 
3601072693192489600 179.7963262  -3.3024481  0.407 -14.035 -12.862 18.096 0.742  3.7  1000.00 10000.00  0 12 
3602760134303330176 179.8444211  -0.9040470  0.271 -13.873 -13.040 17.566 0.665  3.7  -244.75     3.16  7 12 
3464019359064596736 179.8525611 -35.6920729 -0.164   0.940  -5.888 18.478 0.790 11.2  1000.00 10000.00  0 13 
3601176631401031808 179.8547388  -2.7033671  0.041 -16.276 -12.235 17.741 0.662  3.7  1000.00 10000.00  0 12 
3602442581599960704 179.9046205  -1.5142850  0.176 -14.029 -12.970 18.928 0.898  3.7  1000.00 10000.00  0 12 
1573303660769726464 180.0212954  55.0170668  0.280  -7.840  -7.266 18.004 0.640  9.3  1000.00 10000.00  0  8 
3485892592414810112 180.0217307 -29.2234131  0.196  -0.444  -5.584 17.757 0.765  9.1  1000.00 10000.00  0 13 
3602375202154448000 180.0823947  -1.7918783  0.068 -13.467 -12.507 17.024 0.576  3.8  1000.00 10000.00  0 12 
3601053138205590912 180.1095625  -3.4443922  0.225 -12.765 -12.092 18.524 0.737  4.4  1000.00 10000.00  0 12 
3602799815505338496 180.1143020  -0.5131498  0.342 -13.416 -12.251 18.937 0.775  3.8  1000.00 10000.00  0 12 
3602369906458849920 180.1575510  -1.8897821 -0.022 -13.550 -12.657 18.818 0.825  3.8  1000.00 10000.00  0 12 
3460884612758357632 180.1978811 -36.9184886  0.432   0.976  -5.921 18.819 0.774 14.1  1000.00 10000.00  0 13 
1549222711150888960 180.2569557  53.9184009  0.360  -7.922  -6.975 19.468 0.726  7.1  1000.00 10000.00  0  8 
3460941753002924416 180.2787935 -36.2829404  0.612  -0.106  -5.614 18.871 0.630 10.8  1000.00 10000.00  0 13 
3465636706309184128 180.2798368 -34.6247357  0.132  -0.542  -6.151 18.027 0.677  9.4  1000.00 10000.00  0 13 
1573299331443355776 180.2940989  54.9392891  0.056  -7.359  -6.978 17.475 0.850  9.5  1000.00 10000.00  0  8 
3462502269239881600 180.3042078 -35.7484945  0.185  -1.225  -5.823 17.875 0.748  8.6  1000.00 10000.00  0 13 
3460912890823171200 180.3436838 -36.6333474 -0.006   0.272  -5.199 18.569 0.668 11.4  1000.00 10000.00  0 13 
1573404437882422016 180.3446160  55.2666304 -0.190  -7.859  -7.049 19.283 0.767  9.4  1000.00 10000.00  0  8 
3460939004223859200 180.3654352 -36.2773633 -0.210  -0.377  -5.405 19.097 0.618 14.4  1000.00 10000.00  0 13 
3460519304314462208 180.4413890 -37.6583300 -0.098  -1.230  -5.211 17.837 0.714  9.7  1000.00 10000.00  0 13 
3601545654991062784 180.4936030  -2.5429604 -0.177 -13.267 -12.068 18.465 0.769  4.1  1000.00 10000.00  0 12 
3597618676196629632 180.4973849  -4.7149173  0.455 -14.580 -13.244 18.853 0.912  3.6  1000.00 10000.00  0 12 
3462503368751452416 180.5307921 -35.7839110  0.096  -0.624  -5.671 19.145 0.707  8.9  1000.00 10000.00  0 13 
1573392068376595712 180.5372865  55.2365364  0.352  -7.824  -7.315 18.360 0.557  9.4  1000.00 10000.00  0  8 
1573803285725487232 180.5419604  55.7153080 -0.109  -7.913  -7.587 19.022 0.725  8.0  1000.00 10000.00  0  8 
1573274729870404352 180.5760300  54.5091289 -0.037  -9.169  -8.328 19.287 0.588  7.8  1000.00 10000.00  0  8 
3698882739338755328 180.5871465  -0.3441155  0.247 -13.590 -12.420 17.257 0.630  3.9  -208.56     5.12  6 12 
3460721266561960320 180.6490072 -36.7523106  0.028   0.258  -5.651 18.328 0.666 11.0  1000.00 10000.00  0 13 
3460734769939880064 180.6841894 -36.4463819  0.514   0.354  -5.444 19.330 0.575 14.2  1000.00 10000.00  0 13 
3601612519041954048 180.7030940  -1.8607677  0.371 -15.942 -14.020 17.801 0.713  3.5   183.66     5.46  7 12 
3462481515957995776 180.8441732 -35.6954083  0.195  -0.915  -5.068 17.805 0.723  9.4  1000.00 10000.00  0 13 
3601586916740976128 180.8968774  -2.1972385 -0.037 -12.267 -11.339 18.019 0.673  4.1  1000.00 10000.00  0 12 
3465701332680431104 180.9296465 -34.4423208  0.417  -0.547  -4.863 19.218 0.660  9.2  1000.00 10000.00  0 13 
3465716966361712640 180.9528984 -34.2147190 -0.101  -0.323  -5.317 19.046 0.614  9.2  1000.00 10000.00  0 13 
3462218045484172032 181.0098144 -36.5737766  0.014  -0.332  -5.511 15.730 1.013 14.6   355.07     0.17 13 13 
1573339429257997824 181.0135957  55.0686800  0.273  -8.047  -7.131 19.282 0.744  9.5  1000.00 10000.00  0  8 
3462485570407220224 181.0348257 -35.6383115  0.261  -0.143  -5.656 17.628 0.696  7.8   248.40     1.06 13 13 
3601717488041981952 181.0911658  -1.5413662  0.089 -13.281 -11.885 18.073 0.681  3.9  1000.00 10000.00  0 12 
1573232020715652352 181.1376940  54.5783057  0.284  -8.415  -8.076 17.518 0.644  7.1  1000.00 10000.00  0  8 
1573364511867079040 181.1635063  55.2060557  0.033  -7.896  -7.399 18.891 0.706  9.4  -212.99     8.61  7  8 
3601319327393755648 181.1691015  -2.6821295  0.708 -16.330 -13.919 18.148 0.763  3.5  1000.00 10000.00  0 12 
1573368463237013632 181.3609110  55.2596728  0.124  -7.962  -7.033 18.058 0.664  9.3  1000.00 10000.00  0  8 
3698612667498869632 181.3864403  -0.7574595  0.069 -12.634 -11.607 18.161 0.703  4.0  1000.00 10000.00  0 12 
3459433532287410560 181.3989640 -39.3635164  0.389  -0.583  -4.909 18.601 0.679 12.3  1000.00 10000.00  0 13 
3601218893878572416 181.4044785  -3.1945628  0.036 -12.706 -12.195 17.128 0.598  3.9  1000.00 10000.00  0 12 
3459807228801618176 181.4722822 -37.9670719  0.011  -0.455  -5.058 18.574 0.831 14.5  1000.00 10000.00  0 13 
3459859283805700352 181.5084655 -37.6811415  0.123  -0.442  -5.596 18.271 0.614  8.7  1000.00 10000.00  0 13 
3601204836449677056 181.5548650  -3.2725288  0.313 -13.039 -11.797 18.367 0.776  3.9  1000.00 10000.00  0 12 
3459868251697631488 181.6490144 -37.4843984 -0.035  -0.141  -5.313 18.819 0.640 12.7  1000.00 10000.00  0 13 
3699073710764189568 181.7411621   0.8763366  0.496 -13.262 -10.937 19.057 0.877  4.1  1000.00 10000.00  0 12 
3462380120370217600 181.7550643 -35.6345463  0.453  -1.029  -4.955 19.489 0.722  9.4  1000.00 10000.00  0 13 
1573771026226844672 181.8691547  55.7617259  0.203  -7.785  -7.168 19.452 0.713  7.9  1000.00 10000.00  0  8 
3698821063607379968 181.8822323   0.1099487  0.158 -12.432 -11.149 15.734 0.825  4.1  -215.62    24.19 12 12 
3601243358012335488 181.9130716  -2.8838372  0.009 -12.419 -11.312 18.506 0.753  4.0  1000.00 10000.00  0 12 
3697762985528437120 181.9139967  -1.3762828  0.367 -12.827 -11.362 18.308 0.675  4.0  1000.00 10000.00  0 12 
3601350457316814080 181.9215453  -2.7692726  0.143 -12.061 -10.985 17.843 0.645  4.2  1000.00 10000.00  0 12 
1573762367572774272 181.9251292  55.5595281  0.103  -7.906  -6.904 15.727 0.948  9.5  -206.18     1.27  8  8 
3601468169485402368 182.0415490  -1.9611084  0.337 -12.457 -10.992 19.461 0.865  4.1  1000.00 10000.00  0 12 
3698755294772553216 182.0832469  -0.1012820 -0.180 -13.653 -10.819 18.249 0.707  4.2  1000.00 10000.00  0 12 
3698855831367453952 182.1056945   0.4112471  0.438 -12.078 -11.261 17.473 0.608  4.4  -205.63     3.28  6 12 
1573584620350354304 182.1178638  55.7863530 -0.132  -8.215  -7.404 19.389 0.698  9.5  1000.00 10000.00  0  8 
1573678495451576064 182.1298776  55.8046927  0.179  -8.355  -7.215 15.854 0.943  8.8    20.69    13.59  4  8 
3697875479312202112 182.1330243  -0.7095718  0.563 -13.839 -10.915 19.001 0.886  4.0  1000.00 10000.00  0 12 
3601334888059386240 182.1572654  -2.8652612  0.164 -11.786 -11.548 17.696 0.648  4.2  1000.00 10000.00  0 12 
3488452324203921024 182.1693766 -25.5116746  0.349  -9.612  -8.379 19.292 0.704  7.8  1000.00 10000.00  0 15 
1575226607823404928 182.1706430  56.5713581  0.155  -7.336  -6.940 17.398 0.616  9.2  1000.00 10000.00  0  8 
3461311498146737152 182.1999841 -37.5517237  0.299  -1.564  -5.179 17.755 0.762  9.0  1000.00 10000.00  0 13 
3698737943104589312 182.3204369  -0.2415054 -0.052 -12.377 -10.971 18.375 0.740  4.1  -184.84     5.81  6 12 
1572961029755932288 182.3653272  53.5396272  0.006  -7.496  -6.793 17.251 0.852  7.4  1000.00 10000.00  0  8 
3699492414239990144 182.3853569   1.3334637 -0.082 -12.469 -11.403 18.735 0.768  4.3  1000.00 10000.00  0 12 
1573579294591561600 182.4245467  55.6015235  0.157  -7.923  -6.917 18.164 0.691  9.4  1000.00 10000.00  0  8 
3598339199910305664 182.4579735  -2.7828118  0.293 -13.065 -10.615 19.223 0.843  4.3  1000.00 10000.00  0 12 
3461333080359726848 182.4685789 -37.5108452  0.569  -0.594  -5.250 19.175 0.610  9.4  1000.00 10000.00  0 13 
1573660864610243968 182.6280049  55.6457930  0.285  -7.831  -6.646 18.016 0.791 10.7  1000.00 10000.00  0  8 
1572961643934642432 182.6748354  53.4227167  0.254  -7.633  -6.777 19.131 0.754  7.2  1000.00 10000.00  0  8 
3598241072794468224 182.6960352  -3.4290424 -0.055 -11.490 -11.832 19.007 0.862  4.0  1000.00 10000.00  0 12 
3697579229651985280 182.7114259  -1.5592765  0.058 -10.218  -9.525 16.896 0.583  4.8  1000.00 10000.00  0 12 
3697459421535938816 182.8738293  -2.2076752  0.217 -12.061 -10.954 13.694 0.947  4.1  -223.09     0.66  8 12 
3698013712835132800 182.8919278  -0.1033190  0.448 -11.715 -10.490 18.769 0.754  4.5  1000.00 10000.00  0 12 
3697993852906409600 182.9575004  -0.3377614  0.275 -12.566 -11.696 17.109 0.589  4.6  -211.41     4.31  6 12 
3699207129627991936 183.1107275   0.6773503  0.119 -12.013 -10.106 18.410 0.763  4.4  1000.00 10000.00  0 12 
3697523498152019968 183.1694724  -1.6191828  0.448 -11.628 -10.207 18.144 0.631  4.4  1000.00 10000.00  0 12 
1573648598184013696 183.2666861  55.9467730  0.039  -7.895  -6.142 19.206 0.697  9.5  1000.00 10000.00  0  8 
1573472126566976128 183.2702650  54.7959454  0.223  -7.633  -6.653 18.074 0.733 10.2  1000.00 10000.00  0  8 
3518228920149755008 183.2876518 -19.6533270  0.423 -13.147 -14.886 17.143 0.757  5.3  1000.00 10000.00  0 14 
3517477507030992000 183.3368606 -20.9794143  0.075 -11.995 -15.791 19.350 0.768  5.3  1000.00 10000.00  0 14 
3697707425831898240 183.3564000  -1.0474638  0.058 -11.117 -10.504 18.352 0.780  4.3  1000.00 10000.00  0 12 
1573648220226814080 183.3792166  55.9889760  0.057  -7.858  -6.607 13.330 1.146  9.5  -217.28     0.37  8  8 
1573626882828832000 183.4099026  55.6908698  0.171  -8.436  -7.064 19.429 0.758  9.5  1000.00 10000.00  0  8 
3699395657216903296 183.4553805   1.3295565  0.329 -12.419 -10.335 17.629 0.620  4.6  1000.00 10000.00  0 12 
3698307656100921344 183.4898454  -0.3658969  0.368 -11.178 -10.183 18.334 0.677  4.6  1000.00 10000.00  0 12 
1573025003291984256 183.5034898  53.7381569  0.332  -8.267  -7.370 19.463 0.791  6.3  1000.00 10000.00  0  8 
3518162812013423104 183.5085877 -19.8819397  0.461 -12.754 -16.529 16.817 0.736  5.3    44.55     1.30  8 14 
1573450101975408640 183.5096753  54.5174845  0.001  -7.496  -6.088 17.767 0.646  7.6    96.94     3.37  6  8 
3694468402015361280 183.5424964  -2.2176325 -0.106 -10.454 -10.104 19.484 0.957  4.5  1000.00 10000.00  0 12 
3697606305121477888 183.6233700  -1.5518311 -0.150  -7.758  -6.880 18.295 0.622  5.9  1000.00 10000.00  0 12 
3489925257467347712 183.6497268 -23.3391406 -0.346  -9.999  -8.655 18.864 0.695  6.6  1000.00 10000.00  0 15 
3698422525002206976 183.7037328   0.4025695  0.198 -10.913  -9.555 17.376 0.595  4.6  1000.00 10000.00  0 12 
3489114921693573248 183.7906083 -23.9424075  0.341 -10.040  -8.272 17.371 0.795  7.2  1000.00 10000.00  0 15 
3519182574688158464 183.7932627 -18.3102138  0.209 -12.829 -17.342 17.606 0.602  4.6  1000.00 10000.00  0 14 
3697713232627738112 183.8283998  -0.9065200  0.070 -11.582 -10.422 19.485 0.910  4.2  1000.00 10000.00  0 12 
1572307095214738816 183.8346105  53.9949221  0.119  -8.023  -5.877 17.673 0.637  6.9  1000.00 10000.00  0  8 
1575145274027187584 183.8735287  56.2043113  0.096  -7.813  -6.408 19.433 0.628  9.5  -243.97     9.33  7  8 
1573632827064060032 183.8779817  55.8771449  0.167  -7.956  -6.697 18.376 0.634  9.5  1000.00 10000.00  0  8 
3517998812982231680 183.9803376 -19.8683999  0.141 -11.126 -16.060 17.170 0.628  5.3  1000.00 10000.00  0 14 
1574385309629643904 184.0013269  55.9613055  0.134  -7.834  -6.599 18.160 0.606  9.5  1000.00 10000.00  0  8 
1572313413110713728 184.1442398  54.1654713  0.286  -8.211  -5.852 17.555 0.790  7.2  1000.00 10000.00  0  8 
1574414201874118400 184.2538382  56.1664960  0.142  -8.034  -6.518 17.385 0.699  9.6  -216.93     3.18  7  8 
3517993079201032960 184.3008487 -19.8451237  0.516 -12.087 -16.132 18.452 0.708  4.6  1000.00 10000.00  0 14 
3517934869508834432 184.3744541 -20.0331741  0.214 -12.039 -16.221 18.043 0.657  4.9  1000.00 10000.00  0 14 
1572289155135187712 184.3795258  53.7649000  0.174  -7.227  -5.866 17.943 0.720  7.9    81.81     3.09  6  8 
3698034053800902912 184.3903547  -0.8492184  0.503  -9.779  -9.824 18.818 0.781  4.6  1000.00 10000.00  0 12 
1572296130162246144 184.4916981  53.9271909  0.034  -8.429  -6.619 19.433 0.830  6.4  1000.00 10000.00  0  8 
3519920110767484160 184.5290560 -18.3649795  0.212 -13.234 -16.924 17.005 0.703  4.9  1000.00 10000.00  0 14 
3694568152632005504 184.6114498  -1.6040169  0.204 -10.513  -8.779 16.953 0.687  5.3  1000.00 10000.00  0 12 
3700072136041238784 184.6483779   1.1291485  0.233 -11.104  -9.426 17.774 0.627  5.3   188.21     3.52  7 12 
3489089010155485696 184.6611890 -23.7339098  0.124  -8.887  -8.401 17.328 0.844  7.5  1000.00 10000.00  0 15 
1572106945442555904 184.6775293  53.1137073 -0.015  -8.534  -6.582 18.691 0.718  6.0  -151.25     8.51  7  8 
3694539079997182848 184.6828215  -1.8981046  0.027  -9.839  -8.174 19.003 0.664  5.3  1000.00 10000.00  0 12 
3514147670426015360 184.7165905 -22.1836316  0.091 -11.259  -8.775 18.079 0.632  5.5  1000.00 10000.00  0 15 
1574396987644896256 184.7323411  56.0342501  0.033  -8.149  -6.378 18.074 0.645  9.6  1000.00 10000.00  0  8 
3695033035595874048 184.8723459  -1.0154980  0.483 -13.044 -10.716 19.002 0.936  3.8  1000.00 10000.00  0 12 
3695044546108302592 185.0342437  -0.8027435  0.079 -10.215  -9.596 17.826 0.630  4.7  1000.00 10000.00  0 12 
3694938992991707904 185.0385527  -1.3937175 -0.092 -10.938  -8.507 18.318 0.646  4.9  1000.00 10000.00  0 12 
1574456296848802304 185.0651840  56.4041583  0.141  -7.866  -6.346 17.409 0.815  9.7  1000.00 10000.00  0  8 
3520951070422136320 185.0775297 -16.6000501  0.079 -13.616 -17.592 18.757 0.744  5.0  1000.00 10000.00  0 14 
3694730566819177728 185.1005934  -1.8236631  0.217 -11.650 -10.073 18.447 0.684  4.4  1000.00 10000.00  0 12 
3520873146830786560 185.2359296 -17.0038379  0.406 -13.239 -17.733 18.884 0.754  5.2  1000.00 10000.00  0 14 
3513309052292317568 185.2745088 -22.6812217  0.505  -8.537  -8.309 18.292 0.704  7.5  1000.00 10000.00  0 15 
3698221584956700672 185.3044684   0.0921000  0.626 -11.608  -9.715 19.273 0.767  4.8  1000.00 10000.00  0 12 
3520004219111684992 185.4242034 -17.9739431  0.212 -12.662 -16.992 18.999 0.807  4.9  1000.00 10000.00  0 14 
3699725579424487424 185.4681377   0.2236948 -0.129  -8.436  -7.506 18.730 0.659  5.9  -185.57     9.41  6 12 
3694750804704983552 185.5169397  -1.6783016  0.349 -11.922  -9.223 18.488 0.811  4.3  1000.00 10000.00  0 12 
3695188101095312512 185.5304591  -0.3659902 -0.094  -8.069  -7.441 19.298 0.765  5.9  1000.00 10000.00  0 12 
1574447427741404672 185.5462456  56.3863032  0.070  -7.989  -6.455 18.624 0.560  8.7  1000.00 10000.00  0  8 
3521365620665457024 185.5882350 -16.0892737 -0.298 -12.979 -17.618 19.017 0.819  5.2  1000.00 10000.00  0 14 
6144015966071767808 185.6599676 -43.7165673  0.175  -4.647  10.415 17.691 0.630  4.0  1000.00 10000.00  0 32 
3694774929537182464 185.7343445  -1.3656172  0.370 -11.510  -9.422 16.117 0.707  4.2  1000.00 10000.00  0 12 
3520039991894871296 185.8176730 -17.6139528  0.159 -12.837 -17.147 18.488 0.729  5.0  1000.00 10000.00  0 14 
3521464752806023168 185.9845443 -15.9267041  0.181 -12.988 -17.841 16.351 0.888  5.4   291.64     1.08  8 14 
1574244125464697344 186.0914131  55.9697753  0.292  -8.028  -5.429 17.693 0.641  8.7  1000.00 10000.00  0  8 
3521304048013741696 186.1071874 -16.2478817  0.206 -12.888 -17.483 18.334 0.677  5.4  1000.00 10000.00  0 14 
1574277003439239296 186.1302202  56.2453343  0.012  -7.969  -6.103 18.719 0.593  9.6  1000.00 10000.00  0  8 
3521503476231185536 186.2602714 -15.5608391  0.352 -13.407 -18.260 18.221 0.681  4.5  1000.00 10000.00  0 14 
3696617985903410432 186.3364198  -0.3818161  0.176  -9.565  -9.264 16.723 0.714  5.1   222.64     2.29  6 12 
3694901510813684736 186.3432177  -0.8842601  0.019  -8.232  -8.188 17.909 0.590  5.7   112.09     4.29  6 12 
3513889461287929856 186.4754825 -21.2548093  0.154 -10.014  -8.541 17.592 0.673  6.9  1000.00 10000.00  0 15 
6150512636683047296 186.4929776 -39.2592943  0.171  -4.644   9.553 16.431 0.695  4.0  1000.00 10000.00  0 32 
3527520514958934016 186.5692083 -15.2480804 -0.151 -12.637 -18.531 18.361 0.815  4.5  1000.00 10000.00  0 14 
3696854926363201280 186.5905376   0.8122100  0.148  -7.377  -5.992 18.952 0.723  6.3  1000.00 10000.00  0 12 
1572519262303256576 186.5967101  54.4091583  0.014  -8.659  -6.584 18.925 0.572  6.7  -221.75    13.57  6  8 
3527519381087528064 186.6010208 -15.2945523 -0.162 -13.182 -17.793 18.183 0.672  4.7  1000.00 10000.00  0 14 
3696856335112473344 186.6169823   0.8074838  0.039 -10.702  -8.736 18.534 0.726  5.0  1000.00 10000.00  0 12 
1574126301626618880 186.6351535  55.5156129  0.224  -8.158  -5.366 18.099 0.651  7.7    24.32     4.24  6  8 
1574809205722380288 186.6606650  57.4728616  0.153  -6.572  -5.791 19.032 0.662  7.4  1000.00 10000.00  0  8 
1574646439345428992 186.6632931  56.4305805  0.141  -8.029  -6.157 18.698 0.601  9.7  1000.00 10000.00  0  8 
3694849692031976576 186.7005373  -1.0020247  0.293 -12.737 -11.299 18.916 0.921  4.1  1000.00 10000.00  0 12 
3696880356865448832 186.7213304   0.8886818  0.460  -9.841  -8.112 19.388 0.843  5.0  1000.00 10000.00  0 12 
3520476424996294400 186.7547703 -16.7218486  0.125 -13.483 -17.965 17.638 0.624  4.8  1000.00 10000.00  0 14 
6151544219107704704 186.8154280 -37.1602999  0.710  -5.698  -5.209 19.347 0.742  4.5  1000.00 10000.00  0 16 
3696388149317116544 187.0603708  -0.5830558 -0.025  -9.037  -7.680 18.491 0.687  5.2  1000.00 10000.00  0 12 
3696363139723753600 187.0806309  -0.6676567  0.585 -10.284  -9.392 18.828 0.713  5.2  1000.00 10000.00  0 12 
3527474752082937856 187.1156614 -15.2174624  0.187 -13.824 -17.875 18.689 0.747  5.3  1000.00 10000.00  0 14 
6146433001868647680 187.1284790 -42.4736965  0.266  -4.233  10.270 18.192 0.682  4.1  1000.00 10000.00  0 32 
6146712999375969408 187.1707840 -41.5913986  0.477  -4.898  10.334 18.007 0.677  3.7  1000.00 10000.00  0 32 
6157587444251887616 187.2798740 -36.6066858  0.433  -5.861  -6.425 18.791 0.868  4.6  1000.00 10000.00  0 16 
6147210395244004608 187.3236362 -40.3223170  0.302  -4.170  10.424 16.081 0.808  4.5   286.30    51.56 12 32 
3576462461866277376 187.3256374 -12.7530233  0.244 -14.184 -19.222 17.637 0.627  4.5  1000.00 10000.00  0 14 
1580788968428951424 187.3340742  57.8744873  0.105  -7.960  -5.850 16.981 0.818  9.3  1000.00 10000.00  0  8 
3513405951049754112 187.3806308 -22.9551117  0.108  -9.053  -8.680 16.675 0.923  7.1   113.32     9.90 12 15 
3515441348935518336 187.4111109 -20.5850618 -0.212  -9.651  -8.981 19.171 0.716  6.9  1000.00 10000.00  0 15 
3696542905578683136 187.4787355  -0.1879816  0.539  -7.026  -7.360 19.490 0.800  5.8  1000.00 10000.00  0 12 
3527610438690270336 187.5067022 -14.7352946  0.353 -12.778 -18.125 18.460 0.695  5.4  1000.00 10000.00  0 14 
3527493783082019328 187.5233849 -15.0706308  0.362 -13.449 -17.708 18.946 0.772  5.3  1000.00 10000.00  0 14 
3515373419733036032 187.6462565 -20.8999646  0.076  -9.659  -9.127 18.370 0.679  7.7  1000.00 10000.00  0 15 
6156834450585587200 187.6985384 -36.7550672  0.378  -6.250  -6.679 18.887 0.830  4.6  1000.00 10000.00  0 16 
6156709243700155776 187.7215083 -37.6674931  0.367  -6.330  -7.672 18.568 0.766  4.2  1000.00 10000.00  0 16 
3515341400752253184 187.7360472 -21.3239544  0.080  -9.848  -8.863 17.168 0.886  7.6  1000.00 10000.00  0 15 
3697232441104934400 187.7412803   1.1986931  0.215  -8.385  -6.610 18.586 0.642  6.1  1000.00 10000.00  0 12 
1574609949303291392 187.7553321  56.4731717  0.111  -8.021  -5.889 19.480 0.612  9.7  1000.00 10000.00  0  8 
3527588822118351488 187.7613297 -14.9273216  0.102 -11.689 -16.890 17.145 0.616  4.6  1000.00 10000.00  0 14 
3527600474365533312 187.8115507 -14.7222953  0.163 -13.367 -18.075 17.659 0.684  3.8  1000.00 10000.00  0 14 
3527613836008021760 187.8150903 -14.6801504  0.227 -13.115 -18.338 18.245 0.791  4.8  1000.00 10000.00  0 14 
6150505287995127936 187.8227767 -38.0338869  0.181  -5.870  -7.315 14.569 0.970  4.9   242.00     0.76  8 16 
6150398081315793152 187.8234100 -38.8874124  0.389  -4.403  10.647 17.847 0.633  4.2  1000.00 10000.00  0 32 
3515148951857524608 187.8389692 -21.4469053  0.161 -10.469  -8.628 16.340 0.938  7.8   367.33    13.03 12 15 
6156706185682386688 187.8546161 -37.6759204  0.304  -4.292   9.314 17.561 0.659  3.9  1000.00 10000.00  0 32 
6156516352423634944 187.8666512 -37.8683784  0.522  -5.765  -5.571 18.827 0.776  4.7  1000.00 10000.00  0 16 
3528095769994181760 187.9153530 -13.9594569  0.088 -13.254 -18.416 18.918 0.744  5.3  1000.00 10000.00  0 14 
6158431044548078592 188.0153888 -34.4358013  0.012  -4.135   7.976 18.587 0.789  4.1  1000.00 10000.00  0 32 
6150411962649142784 188.0442339 -38.7844697  0.279  -4.023   9.890 18.814 0.828  4.2  1000.00 10000.00  0 32 
6145692961823718528 188.0562401 -42.4121446 -0.048  -4.437   6.849 19.258 0.949  3.9  1000.00 10000.00  0 32 
6156517481999188480 188.0963993 -37.8918289  0.256  -4.636   9.482 19.408 0.887  3.7  1000.00 10000.00  0 32 
1571178858845651968 188.1370038  55.5026580 -0.001  -8.048  -6.048 18.452 0.568  7.4  1000.00 10000.00  0  8 
6156521506384430976 188.1846947 -37.6900678  0.244  -3.517  -7.442 18.936 0.769  4.8  1000.00 10000.00  0 16 
3695698725463215104 188.1857646  -0.7566164  0.273  -9.569  -8.746 18.947 0.789  5.1  1000.00 10000.00  0 12 
3528080892227549056 188.2179600 -14.0087022  0.193 -13.028 -18.471 19.160 0.801  5.3  1000.00 10000.00  0 14 
6156848434999238272 188.3176624 -37.0002684  0.615  -4.776   8.580 19.497 0.957  4.4  1000.00 10000.00  0 32 
6156748345081564544 188.3496718 -37.2595539  0.232  -5.317  -6.555 16.281 0.828  4.8  1000.00 10000.00  0 16 
1571559560450668672 188.3804534  55.8713876 -0.023  -8.642  -6.549 19.424 0.790  8.8  1000.00 10000.00  0  8 
6158241825469882496 188.3976843 -34.5450968  0.594  -7.726  -5.498 18.606 0.796  4.6  1000.00 10000.00  0 16 
3528570071823336320 188.4187926 -12.0654763  0.221 -14.474 -19.510 19.364 0.982  5.1  1000.00 10000.00  0 14 
3528147240882318208 188.4207199 -13.3124961  0.252 -13.441 -18.506 17.392 0.656  5.3  1000.00 10000.00  0 14 
6156955366800805376 188.4261152 -36.1974487  0.085  -4.188   8.641 17.498 0.633  3.8  1000.00 10000.00  0 32 
6156532875162253184 188.4486758 -37.7005084  0.238  -5.133  -7.852 18.798 0.797  4.7  1000.00 10000.00  0 16 
3528129678760079616 188.5411608 -13.4905609  0.479 -13.336 -18.267 18.085 0.740  4.6  1000.00 10000.00  0 14 
3578118940559174144 188.6304494 -11.8277056  0.317 -13.786 -18.973 19.137 0.861  5.0  1000.00 10000.00  0 14 
6156650454186708352 188.6544406 -37.2218609  0.388  -6.834  -5.920 16.752 0.701  4.9  1000.00 10000.00  0 16 
3530078842294056320 188.7088522 -11.9372711 -0.125 -13.148 -19.242 19.383 0.806  5.0  1000.00 10000.00  0 14 
6157343558829163520 188.7200168 -35.7720359  0.445  -6.638  -6.401 18.872 0.815  4.7  1000.00 10000.00  0 16 
3515600095223107584 188.7360029 -19.7546551 -0.068 -10.206  -9.076 18.929 0.631  6.9  1000.00 10000.00  0 15 
6158326109906934400 188.7413691 -34.3789547  0.292  -4.493   8.769 18.035 0.738  3.8  1000.00 10000.00  0 32 
6157335793528067712 188.7754689 -36.0027608  0.454  -5.987  -7.092 18.441 0.729  4.7  1000.00 10000.00  0 16 
3528492964274048384 188.8162656 -12.5221613  0.277 -13.714 -18.726 18.255 0.752  5.3  1000.00 10000.00  0 14 
3515329301829398144 188.8367932 -20.4132566  0.023 -10.884  -9.388 17.588 0.651  7.4  1000.00 10000.00  0 15 
6156661689821483776 188.8440622 -36.9796028  0.478  -3.839   9.281 17.742 0.652  4.0  1000.00 10000.00  0 32 
6158350986357784832 188.8746571 -34.0133439  0.355  -3.788   7.328 19.338 0.975  4.2  1000.00 10000.00  0 32 
3528468809377652224 188.8914699 -12.7532514  0.212 -13.799 -18.800 17.178 0.659  5.3  1000.00 10000.00  0 14 
6157286246785304192 189.0282932 -36.0454411  0.547  -7.521  -4.697 18.803 0.817  4.9  1000.00 10000.00  0 16 
6156467041903105280 189.0890112 -37.9714699 -0.066  -5.387  -5.855 18.911 0.875  5.2  1000.00 10000.00  0 16 
3503069918977694848 189.1593426 -21.7629821  0.138  -9.710  -9.166 19.046 0.715  6.2  1000.00 10000.00  0 15 
3578371312835995776 189.2047412 -10.4824114  0.298 -15.485 -20.241 19.042 0.849  4.3  1000.00 10000.00  0 14 
3515215193137348352 189.2294875 -21.0313828 -0.265  -8.452  -7.802 19.247 0.654  6.9  1000.00 10000.00  0 15 
6156590977479410432 189.2721044 -37.3345923  0.142  -4.808  -7.296 17.918 0.664  4.8  1000.00 10000.00  0 16 
6153341199065073536 189.3009354 -38.9526402  0.287  -2.884   1.558 16.772 0.807  1.0    30.31     7.12 12 22 
3530092341375636352 189.3151161 -11.8340036  0.112 -14.003 -18.930 18.162 0.700  5.1  1000.00 10000.00  0 14 
3529994725358668160 189.3219410 -12.2483030  0.384 -13.551 -18.575 19.294 0.906  5.2  1000.00 10000.00  0 14 
3515912901984761472 189.3487779 -19.9032433  0.158  -9.677  -9.431 18.543 0.606  6.8  1000.00 10000.00  0 15 
1577686833810118656 189.3627970  56.9634419  0.064  -8.247  -5.802 18.573 0.573  9.7  1000.00 10000.00  0  8 
3470677756667927040 189.3727739 -30.7101532  0.162  -4.068   6.422 13.687 1.004  5.7   290.38     0.17 13 32 
6153557287462582912 189.3831696 -37.8928446 -0.011  -5.673  -6.918 18.604 0.725  4.9  1000.00 10000.00  0 16 
6157058716597662080 189.3945765 -36.6528284  0.047  -6.148  -7.214 19.044 0.797  4.9  1000.00 10000.00  0 16 
3578291495163219200 189.3974600 -10.9609624  0.262 -13.877 -19.231 18.194 0.683  5.1  1000.00 10000.00  0 14 
6153441529500790400 189.3977882 -38.3160539  0.334  -5.140  -6.887 18.769 0.778  4.3  1000.00 10000.00  0 16 
1577686730731256832 189.4227963  56.9803167  0.198  -7.791  -5.530 18.697 0.587  9.5  1000.00 10000.00  0  8 
6156616575484669952 189.4435854 -37.2112208  0.159  -6.083  -5.344 17.294 0.704  5.0  1000.00 10000.00  0 16 
3503172173558768896 189.4605819 -21.5656351  0.466  -8.800  -8.047 18.509 0.650  6.5  1000.00 10000.00  0 15 
6156596921718116736 189.4824056 -37.4960505  0.306  -5.752  -3.214 16.909 0.789  5.4  1000.00 10000.00  0 16 
3503174681819713664 189.5004185 -21.4559301  0.245  -9.711  -8.768 18.916 0.722  6.2  1000.00 10000.00  0 15 
6157062702327371776 189.5011875 -36.4474130  0.372  -4.367  -7.206 18.600 0.657  5.2  1000.00 10000.00  0 16 
6153544269414716544 189.5025605 -37.9344619  0.280  -6.356  -6.120 16.829 0.799  4.8  1000.00 10000.00  0 16 
6153565744251213312 189.5194378 -37.7092900  0.202  -5.598  -6.685 14.875 0.966  5.1   239.82     0.97  8 16 
3496364826490984832 189.5267767 -26.9400960  0.083  -2.731   1.811 13.864 1.103  1.0   -93.92     0.23 13 22 
3496426983257641216 189.5454468 -26.5627406  0.143  -2.787   1.766 15.343 0.999  1.0   -92.66     0.23 13 22 
6158300687995659520 189.5506679 -34.1758898  0.138  -7.053  -5.753 19.365 0.865  4.9  1000.00 10000.00  0 16 
3503226083988461184 189.5743623 -21.0445111  0.161  -8.175  -7.865 17.174 0.761  6.9  1000.00 10000.00  0 15 
3516068555895065856 189.6033131 -19.0989942  0.208  -9.503  -7.792 19.236 0.693  7.5  1000.00 10000.00  0 15 
3578696665198320768 189.6146207 -10.4679377 -0.156 -14.013 -19.026 19.469 0.915  5.2  1000.00 10000.00  0 14 
1577684218174185088 189.6435964  57.1426224  0.108  -7.957  -5.619 17.520 0.887  9.9  1000.00 10000.00  0  8 
3503178564470628352 189.7290419 -21.4083650 -0.105  -8.590  -7.973 19.495 0.706  6.5  1000.00 10000.00  0 15 
6153603673107742464 189.7463824 -37.2771135  0.238  -5.537  -7.164 17.828 0.661  4.8  1000.00 10000.00  0 16 
6153595667288632704 189.7468744 -37.4409635  0.212  -5.709  -6.700 17.116 0.727  5.1  1000.00 10000.00  0 16 
6157409426446812032 189.8695204 -35.5141282  0.360  -4.703  -7.424 16.992 0.836  5.2  1000.00 10000.00  0 16 
3515758012579820288 189.8778561 -19.6339319 -0.128  -9.046  -7.960 18.004 0.639  7.6  1000.00 10000.00  0 15 
3515637405602375936 189.9304673 -20.3917836  0.170  -9.440  -8.883 17.756 0.651  7.1  1000.00 10000.00  0 15 
3503206430218645504 189.9404827 -21.1793504  0.584  -9.759  -8.807 19.218 0.724  6.5  1000.00 10000.00  0 15 
3516057900080743808 189.9461177 -19.2086786  0.142  -9.812  -8.619 17.712 0.727  7.5  1000.00 10000.00  0 15 
6153600000910787328 189.9686764 -37.3717920  0.225  -5.230  -7.327 18.897 0.780  4.9  1000.00 10000.00  0 16 
6160275372224531072 189.9838130 -32.1292461  0.075  -3.855   7.160 18.092 0.710  4.0  1000.00 10000.00  0 32 
3530630350454357504 190.0270940 -10.8545473  0.045 -14.320 -18.971 17.995 0.715  5.2  1000.00 10000.00  0 14 
3503610500741842432 190.0720905 -20.7383562  0.114  -8.919  -8.916 18.342 0.580  6.2  1000.00 10000.00  0 15 
3503213478260066560 190.1066759 -21.1090823  0.072  -9.968  -9.088 16.461 0.923  7.6   146.15     9.83 12 15 
1577704666514676480 190.1355522  57.1354774  0.051  -7.757  -6.005 19.459 0.715  9.9  1000.00 10000.00  0  8 
3516101468229432576 190.1407978 -18.8021287  0.734  -9.738  -8.493 19.003 0.631  7.8  1000.00 10000.00  0 15 
3578713402686451200 190.1465336 -10.3369587  0.139 -14.118 -19.485 16.910 0.742  5.3  1000.00 10000.00  0 14 
6153958991456683648 190.1508814 -37.4532676  0.466  -5.111  -7.160 19.276 0.913  5.1  1000.00 10000.00  0 16 
6157052153887938560 190.1629180 -36.1841929  0.238  -5.099  -7.435 16.754 0.810  5.0  1000.00 10000.00  0 16 
6153959914873088896 190.1901411 -37.3809980  0.227  -5.386  -7.018 17.016 0.700  5.2  1000.00 10000.00  0 16 
6157019787014911616 190.2453178 -36.6909333  0.341  -7.296  -5.261 18.629 0.754  4.9  1000.00 10000.00  0 16 
6153961671514775168 190.2915025 -37.3283147  0.288  -7.139  -7.572 19.019 0.817  5.0  1000.00 10000.00  0 16 
3516082712107445376 190.3289962 -19.0024532  0.154  -9.816  -8.447 17.089 0.875  7.6  1000.00 10000.00  0 15 
3470858974223611648 190.3516245 -29.5189219  0.308  -4.316   7.014 17.296 0.629  3.9  1000.00 10000.00  0 32 
1571421159424398336 190.3908070  55.9786364  0.218  -8.218  -5.342 18.002 0.630  7.7   -66.03     7.98  6  8 
6154011179604105600 190.4056439 -36.9088453  0.286  -5.074  -6.814 19.450 0.873  5.2  1000.00 10000.00  0 16 
6154014271980240384 190.4138174 -36.7797276  0.148  -5.440  -6.541 13.303 1.139  5.4   237.88     0.38  8 16 
1577519085271627392 190.4506984  57.1010418  0.357  -7.042  -5.483 19.409 0.633  9.0  1000.00 10000.00  0  8 
6157031503685995520 190.4699240 -36.4037783  0.733  -4.516  -7.954 19.462 0.787  5.3  1000.00 10000.00  0 16 
3515896306231919744 190.4860747 -19.0923907  0.448  -9.504  -8.299 19.283 0.677  7.8  1000.00 10000.00  0 15 
3578950965917470208 190.4905015  -9.1286215  0.153 -14.359 -19.801 13.218 1.136  5.2   217.26     0.05  1 14 
3522096624099230208 190.5625417 -18.7882908 -0.225  -9.862  -8.588 18.564 0.631  6.8  1000.00 10000.00  0 15 
6157124584216399616 190.5658991 -36.3751783  0.311  -6.642  -6.533 18.833 0.710  5.1  1000.00 10000.00  0 16 
6153888210395877888 190.6157653 -37.8189668  0.064  -5.136  -6.073 17.201 0.800  5.5  1000.00 10000.00  0 16 
3530676426863591296 190.6305441 -10.3373744  0.154 -14.050 -19.352 17.050 0.648  5.2  1000.00 10000.00  0 14 
3470846875299913216 190.6481073 -29.6432738 -0.125  -4.329   5.584 18.738 0.694  4.1  1000.00 10000.00  0 32 
3529945762731761408 190.6757085 -11.8479077  0.266 -12.419 -18.423 18.760 0.856  4.6  1000.00 10000.00  0 14 
3530776856083685760 190.7466636 -10.1139424  0.101 -14.396 -19.599 18.401 0.691  5.2  1000.00 10000.00  0 14 
3495086468127954048 190.8726629 -28.9761157  0.146  -4.684   6.964 18.721 0.778  3.8  1000.00 10000.00  0 32 
3675041131064394752 190.8834593  -8.7873737  0.121 -14.370 -19.878 16.172 0.904  6.4   210.24     1.98  6 14 
6159167133222748928 190.8926624 -33.7234159  0.376  -5.395  -8.162 18.849 0.723  5.2  1000.00 10000.00  0 16 
6154051659671041664 190.9412029 -36.7928060  0.375  -4.689  -7.676 17.103 0.805  5.1  1000.00 10000.00  0 16 
3522308043864498944 190.9415191 -17.8453392 -0.077  -9.915  -8.587 18.020 0.641  7.6  1000.00 10000.00  0 15 
3674960527413273600 190.9576420  -9.2981568  0.140 -14.322 -19.772 14.906 0.984  5.2   214.98     0.38  8 14 
6152018112916219648 190.9892592 -40.7594231  0.189  -5.359  -6.912 14.697 0.986  4.9   244.49     0.98  8 16 
6154053716960292736 191.0074675 -36.7207968  0.041  -5.965  -6.669 18.820 0.726  5.3  1000.00 10000.00  0 16 
3578865337153812992 191.0140076  -9.5388782  0.274 -14.341 -19.201 19.352 1.004  5.2  1000.00 10000.00  0 14 
3521840712767764864 191.0269900 -19.0458052  0.085  -9.704  -8.447 18.918 0.611  7.7  1000.00 10000.00  0 15 
6153736782733179520 191.0342929 -37.4855706  0.210  -6.651  -6.732 17.353 0.655  4.9  1000.00 10000.00  0 16 
6158698603830854272 191.0503095 -35.1914794 -0.609  -7.367  -6.610 19.321 0.875  5.2  1000.00 10000.00  0 16 
1577500908969919232 191.0637803  56.9340066  0.042  -8.701  -5.732 18.662 0.642  9.7  1000.00 10000.00  0  8 
6154108593757530496 191.0707998 -36.5196368  0.296  -6.835  -7.231 16.464 0.732  4.9  1000.00 10000.00  0 16 
3530767583250387840 191.0851397 -10.1443259  0.101 -13.421 -19.032 16.872 0.750  4.8  1000.00 10000.00  0 14 
6153627209528039168 191.0925394 -38.2892679 -0.096  -5.119  -6.727 18.435 0.628  5.4  1000.00 10000.00  0 16 
6158678434664325888 191.1286085 -35.4736139  0.335  -8.230  -7.387 18.684 0.818  4.9  1000.00 10000.00  0 16 
6153627690564406656 191.1445646 -38.2511576 -0.007  -5.343  -7.145 18.831 0.771  5.4  1000.00 10000.00  0 16 
6159001210047715072 191.2026324 -34.1903598 -0.090  -5.985  -7.037 19.008 0.781  5.1  1000.00 10000.00  0 16 
3674945439192481152 191.2140406  -9.3447826  0.228 -13.000 -20.326 19.353 0.853  5.2  1000.00 10000.00  0 14 
6154061207383339648 191.2366387 -36.5869430  0.131  -4.172  -5.834 18.724 0.636  5.4  1000.00 10000.00  0 16 
3503798585949954560 191.2375199 -19.6003729  0.249  -9.000  -7.737 18.525 0.591  6.8  1000.00 10000.00  0 15 
6153713624269204352 191.2399739 -37.7671607  0.263  -4.969  -6.621 17.395 0.791  5.4  1000.00 10000.00  0 16 
3503661593672472448 191.2856202 -20.6275079  0.314  -9.289  -8.818 18.648 0.607  6.7  1000.00 10000.00  0 15 
6153607761916344704 191.2889915 -38.5428122 -0.331  -5.123  -6.952 18.973 0.833  5.3  1000.00 10000.00  0 16 
3530813968896263168 191.2908794  -9.8249892  0.077 -13.252 -18.965 17.796 0.635  5.2  1000.00 10000.00  0 14 
3503674478574575616 191.2924071 -20.4150967  0.489  -8.946  -8.415 18.897 0.628  6.8  1000.00 10000.00  0 15 
1577585197704124928 191.3031706  57.4116915 -0.061  -8.177  -5.294 18.806 0.602  9.4  1000.00 10000.00  0  8 
6158673078841865856 191.3058297 -35.6125072  0.242  -5.555  -6.933 16.790 0.754  5.3  1000.00 10000.00  0 16 
6152855111846026752 191.3133316 -38.6954937  0.312  -6.490  -6.875 19.256 0.811  5.4  1000.00 10000.00  0 16 
6153715617134115456 191.3150982 -37.6989864  0.305  -5.238  -7.334 17.445 0.718  6.1  1000.00 10000.00  0 16 
6153609484198161024 191.3170121 -38.4897658  0.261  -5.617  -7.669 16.761 0.799  5.1  1000.00 10000.00  0 16 
6153636280497565056 191.3365949 -38.0677436  0.025  -5.442  -7.156 17.656 0.664  5.4  1000.00 10000.00  0 16 
3509800579407713024 191.3940267 -19.5732599  0.636  -9.326  -8.848 19.156 0.729  7.8  1000.00 10000.00  0 15 
6154082652155916928 191.4079068 -36.4972071 -0.219  -5.876  -6.514 19.145 0.749  5.4  1000.00 10000.00  0 16 
6153836700852819968 191.4198986 -37.2029377  0.214  -6.668  -5.826 19.040 0.805  5.5  1000.00 10000.00  0 16 
6160843407419649792 191.4198795 -30.6252608  0.044  -3.320   6.190 18.430 0.731  4.0  1000.00 10000.00  0 32 
3509801610199894144 191.4337103 -19.4831879  0.143  -9.950  -8.835 19.136 0.737  6.8  1000.00 10000.00  0 15 
3521868612875011584 191.4475442 -18.9133892  0.182 -10.358  -8.675 17.913 0.724  8.0  1000.00 10000.00  0 15 
3675174378129965184 191.4491882  -8.2858838  0.205 -14.750 -19.739 18.074 0.670  5.2  1000.00 10000.00  0 14 
3675004434863409792 191.4528456  -8.8595226  0.174 -14.219 -19.860 18.382 0.698  5.3  1000.00 10000.00  0 14 
6128205985298801408 191.4542256 -47.5465986  0.427  -2.752   1.352 16.889 0.815  1.0   -13.12     0.17 13 22 
3521868544155534464 191.4596571 -18.9137776  0.095  -9.421  -8.320 18.667 0.632  6.6  1000.00 10000.00  0 15 
6153835189024301696 191.4682133 -37.2970996  0.152  -6.659  -7.510 17.448 0.662  5.2  1000.00 10000.00  0 16 
6153661264324040704 191.4855136 -37.9732426  0.502  -5.101  -7.067 18.592 0.780  5.4  1000.00 10000.00  0 16 
6154041278733748736 191.5008523 -36.7158958  0.111  -4.599  -7.738 18.283 0.632  5.4  1000.00 10000.00  0 16 
3675370915832774912 191.5130750  -8.1193732  0.264 -15.434 -20.985 17.263 0.685  5.8  1000.00 10000.00  0 14 
3503723342417814016 191.5627882 -19.9886352  0.232  -9.742  -8.650 17.303 0.633  6.5  1000.00 10000.00  0 15 
6153819074305944320 191.5792899 -37.3952463  0.283  -4.111  -7.387 18.526 0.660  5.8  1000.00 10000.00  0 16 
6153667754018385664 191.6174126 -37.8642092 -0.321  -5.401  -5.691 19.135 0.841  5.3  1000.00 10000.00  0 16 
6158707812240295168 191.6192684 -35.2801433  0.319  -6.875  -7.406 18.124 0.691  5.1  1000.00 10000.00  0 16 
3522059863474369792 191.6359145 -17.9700937  0.042 -10.077  -8.512 18.690 0.663  6.8  1000.00 10000.00  0 15 
3522026976909551744 191.6501323 -18.4320900  0.103  -8.906  -8.129 18.661 0.693  7.1  1000.00 10000.00  0 15 
3522286633451800960 191.6609053 -17.5989260  0.325 -11.164  -9.572 17.583 0.846  7.8  1000.00 10000.00  0 15 
1577398589965108352 191.7449643  56.3099527 -0.142  -7.506  -4.927 19.435 0.726  8.2  1000.00 10000.00  0  8 
3675411769561515008 191.7910437  -7.6815591  0.223 -15.464 -19.711 19.313 0.765  5.2  1000.00 10000.00  0 14 
3675158057253906432 191.8094418  -8.4635783  0.366 -14.806 -19.423 19.235 0.847  5.3  1000.00 10000.00  0 14 
3521973856753522688 191.8155383 -18.6215493  0.115  -9.663  -9.458 18.507 0.591  6.3  1000.00 10000.00  0 15 
3509732478405796352 191.8258279 -19.7930971  0.418  -9.272  -8.304 19.204 0.680  6.7  1000.00 10000.00  0 15 
3675214647742767616 191.8468812  -7.9751376  0.185 -15.211 -20.077 17.083 0.645  5.0  1000.00 10000.00  0 14 
3522081922426437120 191.8867955 -17.8808455  0.328 -10.601  -8.666 18.636 0.636  6.8  1000.00 10000.00  0 15 
6152895454475543424 191.9150177 -38.1532711  0.312  -5.371  -7.229 18.648 0.696  5.1  1000.00 10000.00  0 16 
6152898611275893888 191.9273054 -38.1149207  0.032  -4.885  -7.104 18.163 0.653  5.4  1000.00 10000.00  0 16 
3675789662259894912 191.9324635  -7.5501207  0.290 -15.348 -20.549 19.424 0.910  5.2  1000.00 10000.00  0 14 
6155604616765942912 191.9393033 -35.9152177  0.252  -5.766  -7.023 17.091 0.732  5.6  1000.00 10000.00  0 16 
3675185648123902464 191.9460612  -8.2661683  0.465 -14.275 -19.392 18.260 0.669  5.2  1000.00 10000.00  0 14 
6155682235414986496 191.9582045 -35.6338753  0.355  -4.397  -6.081 17.502 0.850  5.4  1000.00 10000.00  0 16 
3521989249916484352 191.9785051 -18.3076128  0.212  -9.281  -7.828 18.606 0.602  7.9  1000.00 10000.00  0 15 
6155634578456563840 192.0091318 -35.7043946 -0.074  -5.302  -7.832 19.011 0.750  5.4  1000.00 10000.00  0 16 
6155383129596530816 192.1111349 -36.5479447  0.314  -4.745  -7.667 18.099 0.698  5.7  1000.00 10000.00  0 16 
6152995338234643968 192.1166356 -37.9305987  0.684  -5.860  -5.305 15.452 0.902  5.2     5.11     0.59  8 16 
3675594808183548544 192.1328345  -7.7700335  0.108 -14.095 -19.705 17.950 0.726  5.2  1000.00 10000.00  0 14 
6152829101524979840 192.1634803 -38.4545413  0.257  -4.803  -6.590 16.807 0.828  5.6  1000.00 10000.00  0 16 
6158880298127807488 192.1663659 -34.0809519  0.817  -5.047  -7.433 18.940 0.715  5.5  1000.00 10000.00  0 16 
6153759185283268096 192.1704408 -37.5343196  0.030  -4.324  -7.301 19.033 0.784  5.1  1000.00 10000.00  0 16 
6152821542382406528 192.1706846 -38.5905819  0.069  -6.622  -6.435 17.153 0.773  5.3  1000.00 10000.00  0 16 
3522480701550020480 192.2287452 -17.4052913 -0.016  -9.895  -8.598 19.178 0.655  7.3  1000.00 10000.00  0 15 
6155588124091710976 192.2453623 -36.0527590  0.413  -6.413  -6.955 16.678 0.835  5.4  1000.00 10000.00  0 16 
3675148264728596992 192.3081499  -8.1065841  0.383 -14.779 -19.973 19.301 0.858  5.2  1000.00 10000.00  0 14 
3675843327875876992 192.3085069  -7.1610474 -0.345 -14.344 -20.359 18.658 0.796  4.7  1000.00 10000.00  0 14 
6152823539542996224 192.3183199 -38.6143065  0.064  -5.359  -8.166 17.690 0.624  5.5  1000.00 10000.00  0 16 
6152797490565207168 192.3671042 -38.9582421 -0.045  -5.243  -6.767 18.878 0.782  5.0  1000.00 10000.00  0 16 
6155789845819305472 192.3706170 -35.1826058  0.368  -6.850  -7.352 16.782 0.785  5.2  1000.00 10000.00  0 16 
3509926679646665600 192.4170549 -18.9453314  0.435  -8.946  -8.366 19.388 0.654  6.7  1000.00 10000.00  0 15 
6153029972851025920 192.4218261 -37.5976068  0.026  -6.733  -7.021 18.236 0.669  5.6  1000.00 10000.00  0 16 
3509869848639718144 192.4929661 -19.3017955  0.212 -10.173  -9.035 18.705 0.682  6.4  1000.00 10000.00  0 15 
6155738237492128000 192.4929830 -35.3223787 -0.296  -5.541  -5.352 19.363 0.801  5.4  1000.00 10000.00  0 16 
6155848532253482880 192.5009095 -34.4581878  0.252  -6.025  -7.836 16.615 0.796  5.5  1000.00 10000.00  0 16 
6152617793429951872 192.5127330 -38.8736232  0.393  -4.898  -7.069 16.558 0.800  5.4  1000.00 10000.00  0 16 
6152908060204181248 192.5195384 -38.4963536  0.014  -5.630  -7.313 18.457 0.691  5.4  1000.00 10000.00  0 16 
6155300838022657920 192.5742836 -36.9682151  0.309  -5.086  -7.188 17.565 0.804  5.6  1000.00 10000.00  0 16 
3522460047052244992 192.5895071 -17.5971080  0.316  -9.759  -8.848 19.106 0.754  7.9  1000.00 10000.00  0 15 
6152934865095081728 192.6031438 -38.0688283  0.331  -4.890  -7.204 19.380 0.879  5.2  1000.00 10000.00  0 16 
3675626659660253824 192.6041484  -7.4535538  0.114 -14.300 -19.704 18.123 0.681  5.2  1000.00 10000.00  0 14 
6152613567181806336 192.6111263 -38.9450441  0.374  -4.879  -6.502 17.014 0.853  5.9  1000.00 10000.00  0 16 
6152620709711258880 192.6489743 -38.7022116  0.086  -4.622  -7.363 17.756 0.616  5.3  1000.00 10000.00  0 16 
3522490214901914240 192.6675663 -17.3814705  0.097 -10.205  -9.381 18.091 0.668  7.9  1000.00 10000.00  0 15 
6153014987709067904 192.7063115 -37.6556248  0.482  -5.242  -6.928 18.691 0.726  5.6  1000.00 10000.00  0 16 
6153037665137040256 192.7265449 -37.3531421  0.228  -4.953  -7.451 17.217 0.645  5.5  1000.00 10000.00  0 16 
6152615938004047744 192.7401274 -38.8372678  0.223  -6.010  -6.854 17.594 0.653  5.3  1000.00 10000.00  0 16 
6152915447548006656 192.7426680 -38.3772619 -0.018  -5.084  -7.819 19.450 0.955  5.2  1000.00 10000.00  0 16 
6152961906209475968 192.8113508 -37.8910161  0.107  -5.011  -8.143 16.784 0.885  5.4  1000.00 10000.00  0 16 
3522387930256481024 192.8262767 -17.9790562 -0.100  -9.750  -8.342 18.978 0.700  6.5  1000.00 10000.00  0 15 
6152723342250292864 192.8647247 -38.4955517  0.141  -4.443  -7.265 17.372 0.690  5.7  1000.00 10000.00  0 16 
3675978606461287296 192.8730998  -6.6006294  0.121 -15.261 -20.042 17.769 0.608  5.1  1000.00 10000.00  0 14 
1576791002415489792 192.8869249  56.8048777  0.129  -7.898  -4.895 17.859 0.661  9.0  -229.27     3.59  7  8 
6152938919544563968 192.9457107 -38.2011061  0.382  -4.497  -7.979 17.120 0.708  5.6  1000.00 10000.00  0 16 
3675963071563631872 192.9536494  -6.7180025  0.060 -15.212 -20.589 18.968 0.770  5.1  1000.00 10000.00  0 14 
3522841478802987776 192.9571527 -16.4458390  0.068 -10.035  -8.573 16.959 0.900  7.8   133.85    15.62 12 15 
6154541320302598656 192.9890275 -37.1586628 -0.338  -5.083  -7.494 18.548 0.742  5.4  1000.00 10000.00  0 16 
6152597310729260160 193.0002185 -39.0613126  0.711  -4.886  -7.070 18.836 0.703  5.4  1000.00 10000.00  0 16 
6155358012628327296 193.0029393 -36.3241953  0.176  -6.034  -7.023 17.390 0.685  5.9  1000.00 10000.00  0 16 
6155780637410134912 193.0041431 -34.8117341  0.185  -6.520  -7.690 18.173 0.647  5.6  1000.00 10000.00  0 16 
6155540737717461504 193.0271312 -35.3657934 -0.348  -6.765  -7.605 18.681 0.762  5.0  1000.00 10000.00  0 16 
3522416380119880064 193.0587964 -17.7596672  0.153  -9.664  -8.669 18.833 0.658  6.3  1000.00 10000.00  0 15 
6152750353298746368 193.0710471 -38.2338531  0.163  -4.648  -6.368 19.414 0.739  5.4  1000.00 10000.00  0 16 
1577185177334274816 193.0908461  57.3241289  0.333  -7.823  -5.062 18.663 0.667  9.4  1000.00 10000.00  0  8 
6155754901966691200 193.0986025 -35.1456760  0.288  -5.362  -7.280 17.731 0.630  5.8  1000.00 10000.00  0 16 
6155765523420892544 193.1158704 -35.0166876  0.285  -6.012  -7.494 16.933 0.684  5.8  1000.00 10000.00  0 16 
6155458136906056576 193.1314554 -36.0793578  0.263  -4.826  -7.988 16.962 0.725  5.8  1000.00 10000.00  0 16 
6152751727689838976 193.1359474 -38.2142186  0.231  -5.686  -7.395 14.995 0.975  5.7   234.58     1.22  8 16 
6152643490217725312 193.1660671 -39.0622821  0.318  -4.802  -7.701 17.408 0.800  5.7  1000.00 10000.00  0 16 
6155460610807265792 193.2005225 -35.9639627  0.160  -5.575  -7.360 18.019 0.648  5.6  1000.00 10000.00  0 16 
3675967400890680320 193.2185226  -6.6467429  0.197  -2.624   3.779 18.689 0.702  6.9  1000.00 10000.00  0 22 
6156250678631105920 193.2328866 -34.0430277  0.607  -7.579  -5.501 16.752 0.831  5.1  1000.00 10000.00  0 16 
3677476106938530944 193.2430937  -6.4465379  0.169 -14.447 -20.260 18.727 0.789  5.2  1000.00 10000.00  0 14 
6154561970505601280 193.2643941 -36.9696304  0.222  -4.718  -7.642 16.884 0.727  5.8  1000.00 10000.00  0 16 
6156171754311675776 193.2750590 -34.3706059 -0.141  -6.414  -6.000 18.918 0.704  5.9  1000.00 10000.00  0 16 
3510411224973073920 193.2769554 -17.7624377  0.027 -10.000  -9.529 18.477 0.639  6.5  1000.00 10000.00  0 15 
6154587461135710592 193.3235192 -36.6117781  0.048  -6.399  -7.418 17.548 0.659  5.8  1000.00 10000.00  0 16 
6154556262492951424 193.3283284 -37.1236251  0.014  -5.188  -7.355 19.206 0.782  6.2  1000.00 10000.00  0 16 
3522625695350794368 193.3318318 -16.8586921  0.390  -8.382  -7.730 18.281 0.621  7.4  1000.00 10000.00  0 15 
6159384527287660672 193.3547386 -33.2105823 -0.056  -7.570  -7.411 18.620 0.728  5.0  1000.00 10000.00  0 16 
3675754890204647296 193.3629330  -6.9278413  0.117 -13.336 -19.121 18.865 0.766  4.7  1000.00 10000.00  0 14 
3510388371451371904 193.3735901 -17.9463685 -0.049 -10.156  -9.023 17.793 0.701  7.3  1000.00 10000.00  0 15 
3677590211334628992 193.4493188  -5.6794263 -0.019  -2.523   2.878 17.922 0.574  7.1  1000.00 10000.00  0 22 
6156248823205273600 193.4543280 -34.0055749  0.251  -7.481  -7.184 17.845 0.643  5.1  1000.00 10000.00  0 16 
1677494207252232704 193.4908515  65.5409811  0.217  -7.829  -5.506 18.641 0.689 10.1  1000.00 10000.00  0 18 
6154467270770140800 193.4990373 -37.4413764  0.234  -5.121  -6.405 18.727 0.660  6.8  1000.00 10000.00  0 16 
6154511010718322688 193.5240935 -37.0764694  0.200  -6.210  -7.394 17.098 0.736  5.6  1000.00 10000.00  0 16 
6156192404514448384 193.5354370 -34.3570741  0.041  -8.702  -6.900 18.310 0.754  5.1  1000.00 10000.00  0 16 
3677284104720388224 193.5543129  -6.5245491 -0.040  -2.514   2.762 17.713 0.577  6.9  1000.00 10000.00  0 22 
6154461051657412224 193.5607773 -37.5803483  0.472  -3.584  -6.403 18.738 0.647  6.6  1000.00 10000.00  0 16 
6155489335547711488 193.5737934 -35.7507809  0.006  -6.300  -6.906 17.820 0.631  5.9  1000.00 10000.00  0 16 
3677713562794613504 193.5804042  -5.2572417  0.194  -2.981   2.825 19.242 0.726  6.8  1000.00 10000.00  0 22 
3678969243729036032 193.5954584  -4.1957936  0.227  -2.953   3.323 16.773 0.924  1.0    -2.18    10.28 12 22 
6155476862962590080 193.6194283 -35.8385715 -0.065  -5.932  -7.312 19.178 0.808  5.8  1000.00 10000.00  0 16 
3524359831345633792 193.6604832 -16.0319569  0.199 -10.511  -9.167 17.524 0.828  7.7  1000.00 10000.00  0 15 
6156181409398173696 193.7008699 -34.3532860  0.228  -6.666  -6.783 17.556 0.690  5.9  1000.00 10000.00  0 16 
6154492662617800320 193.7087946 -37.2808561  0.302  -6.909  -7.786 19.410 0.879  5.6  1000.00 10000.00  0 16 
1577111102034344960 193.8004857  56.8770119  0.178  -7.979  -5.304 19.405 0.741  8.3  1000.00 10000.00  0  8 
6155881517601227392 193.8247139 -35.2896378  0.071  -6.680  -7.120 18.624 0.698  5.6  1000.00 10000.00  0 16 
3522556529197252608 193.8496515 -17.1409176  0.009  -9.792  -8.765 18.827 0.606  6.4  1000.00 10000.00  0 15 
3677710985814429824 193.8759818  -5.2248656 -0.250 -15.300 -20.829 18.424 0.637  5.2  1000.00 10000.00  0 14 
6154670684717517056 193.8826003 -36.5581044  0.644  -4.276  -6.985 19.276 0.733  6.8  1000.00 10000.00  0 16 
6159423907843044864 193.9423234 -32.7805240 -0.286  -8.952  -4.481 19.323 0.819  5.3  1000.00 10000.00  0 16 
6154703081655526528 193.9451074 -36.1800009 -0.243  -4.781  -7.782 18.826 0.726  5.8  1000.00 10000.00  0 16 
1577272073112869120 193.9507359  57.8683134  0.022  -8.119  -4.733 18.537 0.622 10.0  1000.00 10000.00  0  8 
6154251491613712256 193.9511247 -37.9369269  0.023  -6.186  -5.838 19.009 0.781  5.4  1000.00 10000.00  0 16 
6155481810765007872 193.9687645 -35.7479642  0.417  -4.517  -7.033 19.193 0.830  5.6  1000.00 10000.00  0 16 
6183450259840367232 193.9918906 -32.5461117  0.071  -7.159  -7.889 18.532 0.689  5.6  1000.00 10000.00  0 16 
3677518536919926784 193.9996784  -5.9501968  0.341 -15.266 -20.098 19.280 0.806  5.1  1000.00 10000.00  0 14 
3688452737676950400 193.9999772  -2.2653098  0.401  -2.278   3.027 16.753 0.740  6.6    -4.31    13.20 12 22 
3510132906796649728 194.0081941 -18.2817157  0.194  -9.490  -9.228 17.375 0.759  6.5  1000.00 10000.00  0 15 
6155997790957248512 194.0189222 -34.3102319  0.898  -5.605  -7.390 19.042 0.693  6.6  1000.00 10000.00  0 16 
3510552164324859008 194.0283605 -17.1247101  0.432  -9.485  -8.946 18.831 0.633  6.5  1000.00 10000.00  0 15 
3677725004587709824 194.0286141  -5.1392956  0.662 -16.080 -20.619 19.271 0.855  4.6  1000.00 10000.00  0 14 
6155482497959858688 194.0437000 -35.6813212  0.467  -6.846  -8.181 18.579 0.674  5.5  1000.00 10000.00  0 16 
6155892551373598976 194.0929364 -35.0006352  0.141  -5.472  -7.483 13.699 1.081  6.2   218.95     0.54  8 16 
3510429568778958720 194.1070625 -17.9097134  0.007  -9.831  -8.778 18.631 0.596  6.3  1000.00 10000.00  0 15 
3690574279722611968 194.1202034   1.5197086  0.248  -3.658   3.057 17.127 0.787  6.3  1000.00 10000.00  0 22 
6154308116463272704 194.1277771 -37.2708771  0.392  -6.965  -7.438 18.765 0.650  5.5  1000.00 10000.00  0 16 
6154651988724407424 194.1872706 -36.3156758  0.223  -5.802  -6.539 17.412 0.849  6.4  1000.00 10000.00  0 16 
6140636724459778432 194.1917251 -39.0881219  0.180  -5.147  -7.020 13.688 1.072  5.7   235.77     0.58  8 16 
3706008360664249344 194.2020740   5.5546637  0.346  -3.002   3.518 17.741 0.583  5.9  1000.00 10000.00  0 22 
1577246681266099456 194.2256327  57.4987102  0.040  -7.841  -4.973 18.915 0.571 10.0  1000.00 10000.00  0  8 
1577287126973726592 194.2509652  58.0205620 -0.024  -8.209  -4.847 19.079 0.612 10.1  1000.00 10000.00  0  8 
1576960606380377088 194.2617658  57.1982903  0.231  -8.541  -3.878 17.989 0.715  8.3  1000.00 10000.00  0  8 
6155899006708384640 194.3377646 -35.1037413  0.054  -5.033  -7.853 18.421 0.686  6.3  1000.00 10000.00  0 16 
3690382170130121984 194.3794817   1.3929114  0.444  -2.378   3.559 19.052 0.641  6.3  1000.00 10000.00  0 22 
6183934663430750848 194.3806078 -30.3973448  0.280  -7.875  -7.454 18.256 0.717  4.9  1000.00 10000.00  0 16 
6183479946653202816 194.4841785 -32.3261610  0.181  -7.397  -7.702 18.302 0.684  5.1  1000.00 10000.00  0 16 
6183682840908884864 194.5353863 -31.2159332  0.366  -6.545  -8.361 18.871 0.770  5.6  1000.00 10000.00  0 16 
3678163782742606976 194.5821056  -4.4147665  0.199 -15.065 -20.619 17.855 0.609  5.1  1000.00 10000.00  0 14 
6183713597170335104 194.6130786 -30.9548874  0.274  -6.916  -7.993 15.893 0.889  5.6  1000.00 10000.00  0 16 
3512049286844589312 194.6133161 -16.9120015  0.267 -10.305  -8.739 18.321 0.572  7.1  1000.00 10000.00  0 15 
6180470995645322112 194.6206064 -32.5004037  0.404  -6.014  -8.087 18.729 0.721  5.8  1000.00 10000.00  0 16 
3678065406515654656 194.6232512  -4.9580335 -0.053 -14.822 -20.700 18.432 0.666  5.1  1000.00 10000.00  0 14 
6142145254412706816 194.6260613 -38.8075261 -0.143  -4.465  -5.532 16.791 0.820  6.0  1000.00 10000.00  0 16 
6183604328906062208 194.6415688 -31.7257654  0.177  -5.818  -6.187 18.897 0.693  5.6  1000.00 10000.00  0 16 
6154433362004851456 194.6473497 -36.9197055  0.152  -4.584  -6.716 17.289 0.834  6.0  1000.00 10000.00  0 16 
6183604500704772736 194.6897045 -31.7090050  0.180  -6.440  -7.195 18.874 0.712  5.5  1000.00 10000.00  0 16 
6184414157875720832 194.6943792 -29.5918504  0.220  -7.778  -8.091 14.001 0.999  4.8   223.42     0.84  8 16 
3678147629369882752 194.7551402  -4.5200457  0.112 -15.624 -20.348 19.126 0.950  5.0  1000.00 10000.00  0 14 
3679077236386726144 194.7834809  -3.5974492  0.353 -15.119 -21.255 16.924 0.681  5.2  1000.00 10000.00  0 14 
3692221210701892608 194.7887102   2.6482326  0.215  -3.797   2.722 17.014 0.743  6.2  1000.00 10000.00  0 22 
6142173498117849600 194.8219139 -38.5504981  0.190  -5.035  -7.212 15.866 0.913  5.7  1000.00 10000.00  0 16 
3692120708467214208 194.8744051   2.0590477  0.116  -2.618   3.304 16.651 0.832  6.3   -75.33    27.61 12 22 
6156060020737290496 194.9355345 -34.0548006  0.426  -7.900  -7.260 18.255 0.650  5.3  1000.00 10000.00  0 16 
6184080284296693248 195.0022540 -30.9193094  0.113  -7.629  -8.606 19.381 0.782  4.9  1000.00 10000.00  0 16 
6142105495898624384 195.0326887 -38.8996222  0.175  -5.727  -7.453 18.042 0.659  5.7  1000.00 10000.00  0 16 
3678276237870653440 195.0506234  -4.0405149  0.179 -15.379 -20.417 19.146 0.858  5.1  1000.00 10000.00  0 14 
6180590640549928192 195.1063002 -31.8525332  0.144  -6.693  -7.493 16.338 0.881  5.7  1000.00 10000.00  0 16 
3685387054445242112 195.1189318  -2.6841475  0.505 -15.093 -20.806 19.125 0.801  5.1  1000.00 10000.00  0 14 
6180390014037971328 195.1220769 -32.8135145  0.162 -10.700  -7.638 18.939 0.735  5.0  1000.00 10000.00  0 16 
3678303175905592960 195.1309591  -3.8930951  0.452 -15.162 -20.781 18.473 0.729  5.1  1000.00 10000.00  0 14 
6184322825395092864 195.1348798 -30.2497730 -0.156  -7.125  -8.444 18.409 0.712  5.1  1000.00 10000.00  0 16 
6156063422351391360 195.1462802 -34.0695828 -0.102  -7.633  -7.435 18.617 0.736  5.1  1000.00 10000.00  0 16 
6142335053311873536 195.1703124 -37.5480187  0.141  -4.673  -7.487 18.708 0.671  6.1  1000.00 10000.00  0 16 
3678197966386366080 195.1958221  -4.4660546  0.085 -14.851 -19.674 18.518 0.648  4.6  1000.00 10000.00  0 14 
6183648962206960512 195.2088747 -31.1357970  0.164  -7.637  -7.140 18.439 0.680  5.4  1000.00 10000.00  0 16 
3704400256189151488 195.2090209   3.5678223  0.375  -2.984   3.672 18.254 0.597  6.3  1000.00 10000.00  0 22 
3524713431709020928 195.2113260 -15.1374214  0.416 -10.484  -7.955 17.451 0.843  7.5  1000.00 10000.00  0 15 
3705106731065325184 195.3292588   4.8786902  0.348  -4.211   3.553 16.970 0.839  6.8   -59.08     1.65  8 22 
3685156809838664192 195.3414564  -2.9231808  0.372 -15.422 -20.815 19.075 0.750  5.2  1000.00 10000.00  0 14 
6184432226801839360 195.3615886 -29.8554427 -0.081  -9.332  -7.543 19.390 0.860  4.8  1000.00 10000.00  0 16 
6155292179369054592 195.4013399 -34.3733952 -0.514  -7.020  -5.982 19.291 0.804  5.4  1000.00 10000.00  0 16 
6184428859547463168 195.4103024 -29.9116123  0.178  -7.229  -8.600 16.878 0.621  5.0  1000.00 10000.00  0 16 
6184553825916779648 195.4159199 -28.9502502  0.145  -7.572  -8.146 19.248 0.854  4.9  1000.00 10000.00  0 16 
6184447826123159552 195.4321788 -29.6735928  0.394  -7.216  -7.798 16.855 0.707  5.0  1000.00 10000.00  0 16 
6184436045029201920 195.4333461 -29.7028439  0.458  -7.978  -8.246 18.741 0.818  5.0  1000.00 10000.00  0 16 
6141921121542834176 195.4395571 -38.8576681  0.351  -4.606  -7.074 19.386 0.851  5.7  1000.00 10000.00  0 16 
1577078047965635072 195.4398411  57.6152762  0.211  -8.056  -4.498 17.895 0.773 10.4  1000.00 10000.00  0  8 
3736968649597440128 195.4435727  11.4889683  0.474  -2.790   4.427 18.218 0.598  5.7  1000.00 10000.00  0 22 
6180514941750675584 195.4706386 -32.3191703  0.323  -8.379  -8.694 18.099 0.693  4.8  1000.00 10000.00  0 16 
3685079053750980992 195.4730802  -3.3150700  0.381 -15.038 -20.637 18.380 0.662  5.1  1000.00 10000.00  0 14 
3678287061188274560 195.5116607  -3.9589986 -0.098 -15.350 -20.358 19.036 0.751  5.1  1000.00 10000.00  0 14 
3691856546503440128 195.5511305   1.7067052  0.374  -2.930   3.456 18.801 0.634  6.3  1000.00 10000.00  0 22 
6186823252276874624 195.5965907 -28.4282223  0.043  -7.888  -8.295 19.183 0.834  4.7  1000.00 10000.00  0 16 
1577018292085117696 195.6349190  57.3469503  0.215  -8.192  -5.085 17.920 0.659  9.0   -97.65     4.88  7  8 
6184235590315430528 195.6450920 -30.0674319  0.078  -7.444  -8.624 18.315 0.626  4.8  1000.00 10000.00  0 16 
3512218581571046656 195.6538987 -16.1425970  0.160 -10.011  -9.264 15.236 0.923  6.6  -182.33     4.35 12 15 
6186828990353182720 195.6582313 -28.4212995  0.189  -8.249  -7.717 18.554 0.747  4.8  1000.00 10000.00  0 16 
6186872936457180160 195.6779594 -28.0794449 -0.294  -7.921  -7.889 18.250 0.710  4.5  1000.00 10000.00  0 16 
6181012127164237952 195.7316164 -31.1694247  0.381  -8.544  -8.739 16.858 0.823  4.8  1000.00 10000.00  0 16 
6180295726619619456 195.7496821 -32.8358550 -0.272  -8.129  -7.216 19.098 0.791  5.4  1000.00 10000.00  0 16 
6186861395880975744 195.7667374 -28.0810301  0.155  -9.048  -7.607 16.699 0.737  4.8  1000.00 10000.00  0 16 
3729366935440429952 195.7788238   6.2290246  0.115  -2.617   3.779 17.876 0.578  7.4  1000.00 10000.00  0 22 
3937734357523862912 195.7910237  17.4066629  0.323   2.450  -7.519 19.216 0.682  7.3  1000.00 10000.00  0 23 
6180980653644360192 195.8048477 -31.6464025  0.343  -8.317  -4.618 19.072 0.803  5.3  1000.00 10000.00  0 16 
3685140665056815360 195.8307889  -2.6998089  0.516 -13.826 -21.238 16.600 0.805  5.2   121.98     1.29  8 14 
3685132414424167296 195.8328452  -2.9358729 -0.427 -15.366 -20.763 19.362 0.875  5.1  1000.00 10000.00  0 14 
6184048050567814016 195.8523023 -30.7502818  0.438  -6.854  -7.322 18.130 0.669  5.3  1000.00 10000.00  0 16 
6187045869020644992 195.8584705 -27.2534441  0.752  -9.790  -8.315 19.114 0.847  4.5  1000.00 10000.00  0 16 
6186046928347276928 195.8785611 -28.8694939  0.156  -7.472  -8.207 19.312 0.895  4.6  1000.00 10000.00  0 16 
3524679999683677184 195.9039737 -15.0569487  0.220 -10.046  -8.133 17.231 0.760  7.4  1000.00 10000.00  0 15 
6185998485411716864 195.9252109 -28.9634806  0.139  -6.406  -8.053 19.315 0.880  5.0  1000.00 10000.00  0 16 
3685290370436761728 195.9771493  -2.5187759  0.164 -15.266 -20.773 17.270 0.681  5.9  1000.00 10000.00  0 14 
6186063421022220032 196.0079354 -28.4809682  0.474  -7.982  -7.956 18.986 0.795  4.8  1000.00 10000.00  0 16 
6180940933786853120 196.0568823 -31.5824961  0.151  -9.491  -8.126 17.105 0.717  4.7  1000.00 10000.00  0 16 
6187097889665249408 196.0986861 -26.7872326  0.597  -8.218  -8.790 19.338 1.004  4.4  1000.00 10000.00  0 16 
3937545821343970432 196.1078440  17.3272273 -0.264   3.566  -8.016 19.464 0.710  7.4  1000.00 10000.00  0 23 
6181022744324780032 196.1257108 -31.1038482  0.036  -9.598  -8.571 16.773 0.856  4.9  1000.00 10000.00  0 16 
3685238830829250304 196.1395187  -2.6075477  0.069 -15.826 -20.744 18.797 0.686  5.2  1000.00 10000.00  0 14 
6186081459884720256 196.1466650 -28.5870110 -0.060  -8.115  -7.413 18.323 0.656  5.1  1000.00 10000.00  0 16 
6186116201874579328 196.1776964 -27.9704601  0.375  -8.367  -8.266 18.346 0.680  4.7  1000.00 10000.00  0 16 
1578518408198019584 196.1955175  57.6290047  0.072  -7.962  -4.545 14.971 1.027  9.1  -247.48     0.71  8  8 
6184254964912204544 196.2397160 -29.8437290  0.275  -8.672  -7.265 19.143 0.832  5.1  1000.00 10000.00  0 16 
6186084139944468096 196.2724505 -28.4722446  0.410  -7.797  -7.873 18.986 0.850  4.7  1000.00 10000.00  0 16 
1578555546779502208 196.2725743  58.1328351  0.048  -7.567  -4.339 17.047 0.895 10.4  -246.38     3.85  6  8 
6180912243405606912 196.2844443 -31.8909328  0.321  -6.174  -6.888 17.539 0.707  5.4  1000.00 10000.00  0 16 
6181031265538790144 196.3174621 -30.9492062  0.460  -8.194  -8.201 16.255 0.796  5.1  1000.00 10000.00  0 16 
6185985630573869696 196.3327747 -29.0544043  0.473  -8.880  -6.683 18.458 0.722  4.9  1000.00 10000.00  0 16 
6185992712975566720 196.3471020 -28.8502690  0.516  -8.800  -7.590 16.168 0.895  5.0  1000.00 10000.00  0 16 
3730306639925232384 196.3747451   7.2100909  0.108  -2.616   4.251 18.377 0.580  6.9  1000.00 10000.00  0 22 
1578547953277539584 196.4253390  57.8511422 -0.019  -7.956  -4.373 18.249 0.643 10.2  1000.00 10000.00  0  8 
6185784763543562496 196.4295172 -29.3244851  0.003  -6.483  -7.376 18.537 0.676  5.4  1000.00 10000.00  0 16 
6180260817125111680 196.4334411 -32.8123221  0.360  -7.982  -7.874 16.750 0.729  4.9  1000.00 10000.00  0 16 
3511939747998758144 196.4753057 -16.6578637 -0.284  -9.728  -8.892 18.233 0.621  8.0  1000.00 10000.00  0 15 
3937910348103658368 196.4773504  17.4111150  0.194   3.339  -8.153 18.881 0.646  7.5  1000.00 10000.00  0 23 
1578547747119110784 196.4928461  57.8719238  0.024  -8.099  -4.373 18.305 0.587 10.0  1000.00 10000.00  0  8 
1578715255140358400 196.4946274  59.0152350  0.102  -8.060  -4.047 18.517 0.607  9.7  1000.00 10000.00  0  8 
6180699762783671168 196.5290214 -32.3082413 -0.050  -8.772  -7.924 19.439 0.880  5.1  1000.00 10000.00  0 16 
6180705573874973184 196.5615646 -32.1496954  0.271  -7.449  -7.885 16.404 0.792  5.1  1000.00 10000.00  0 16 
6180973197581931520 196.6184527 -31.2499944  0.263  -6.357  -8.457 18.803 0.868  5.0  1000.00 10000.00  0 16 
6180728182582860800 196.6290196 -31.8958968  0.234  -7.608  -7.545 16.683 0.806  5.2  1000.00 10000.00  0 16 
6181130088442244608 196.6453186 -30.7927638  0.382  -8.447  -7.874 16.739 0.806  5.0  1000.00 10000.00  0 16 
1578662783523507584 196.6538439  58.4755748  0.071  -8.038  -3.466 18.357 0.617  9.8     0.63     5.01  7  8 
3737047780074596224 196.6811558  11.9469717  0.298  -2.629   4.414 18.913 0.665  5.8  -114.87     9.95  7 22 
6186019577995644288 196.7077513 -28.7786582  0.053  -6.518  -7.786 16.791 0.761  5.0  1000.00 10000.00  0 16 
6180956361309977088 196.7351643 -31.4116581  0.369  -7.580  -7.935 18.161 0.635  4.9  1000.00 10000.00  0 16 
6181055420435887488 196.7706041 -31.2141959  0.096  -8.036  -8.129 18.365 0.703  4.8  1000.00 10000.00  0 16 
3685744949775275264 196.7870177  -1.6243828  0.327 -15.193 -20.795 17.406 0.633  5.1  1000.00 10000.00  0 14 
3936167931411260288 196.7928947  14.8296389  0.188  -3.868   3.758 16.723 0.767  6.0  1000.00 10000.00  0 22 
6181187018232588672 196.8121484 -30.1545341 -0.254  -9.209  -8.721 19.061 0.860  5.0  1000.00 10000.00  0 16 
6185832248702526848 196.8135445 -28.7610344  0.135  -6.013  -8.332 18.982 0.756  5.2  1000.00 10000.00  0 16 
3685668323263532544 196.8395971  -1.8298602  0.197 -15.662 -21.025 18.016 0.780  4.8  1000.00 10000.00  0 14 
6181175885677273728 196.8445974 -30.3329345 -0.116  -6.624  -7.889 19.360 0.897  5.0  1000.00 10000.00  0 16 
1566535758680206720 196.8729435  57.8617726  0.017  -7.749  -4.561 19.378 0.686  9.9  1000.00 10000.00  0  8 
6179501196325819008 196.8784550 -32.8529679  0.086  -6.100  -5.673 17.374 0.711  4.9  1000.00 10000.00  0 16 
6180686843521764352 196.9544206 -32.0236403  0.202  -7.197  -7.862 18.283 0.670  5.1  1000.00 10000.00  0 16 
3937850282985440000 196.9623989  17.3408459  0.056   3.555  -8.053 18.031 0.640  7.0  1000.00 10000.00  0 23 
6181053702448984192 196.9667239 -31.1811272  0.055  -8.546  -8.865 17.959 0.653  5.0  1000.00 10000.00  0 16 
3732732166872078080 196.9790610   9.5426281  0.213  -3.323   3.754 16.808 0.762  6.1    83.83    13.89 12 22 
3686058581171391744 196.9805595  -1.0502206  0.323 -16.809 -20.379 17.269 0.631  4.8  1000.00 10000.00  0 14 
3936597904881847808 196.9870092  16.1978278 -0.248  -2.399   5.262 19.365 0.750  5.7  1000.00 10000.00  0 22 
6179876159854297472 197.0208682 -32.8097456  0.172  -7.161  -7.300 16.823 0.667  5.1  1000.00 10000.00  0 16 
3608878946575779200 197.0463444 -14.5936308 -0.143  -9.675  -8.789 18.828 0.642  6.5  1000.00 10000.00  0 15 
6180743674529697920 197.0668029 -31.7915729  0.269  -7.073  -9.378 18.924 0.862  4.9  1000.00 10000.00  0 16 
6180643760705802624 197.0768695 -32.3689662  0.511  -7.169  -6.332 19.129 0.855  5.1  1000.00 10000.00  0 16 
3686170593918691200 197.1145860  -0.3758900  0.174 -13.323 -19.935 17.036 0.662  5.0  1000.00 10000.00  0 14 
3729915076346434304 197.1414037   7.1123020  0.331  -1.929   3.475 18.427 0.662  6.0  1000.00 10000.00  0 22 
3608866336551377280 197.1443575 -14.6301459 -0.062  -8.685  -9.317 18.529 0.619  8.0  1000.00 10000.00  0 15 
6185909626832236416 197.1476842 -28.8673850 -0.338  -7.761  -9.344 19.235 0.865  4.8  1000.00 10000.00  0 16 
3743970580161462272 197.1918238  14.2589095 -0.569  -2.037   4.309 19.320 0.718  6.5  1000.00 10000.00  0 22 
6185760746086696064 197.1965510 -29.1514902  0.310  -6.764  -7.961 18.868 0.768  4.9  1000.00 10000.00  0 16 
6185913479419216384 197.2361815 -28.6974092  0.109  -9.117  -6.490 18.749 0.703  5.5  1000.00 10000.00  0 16 
3608864687283932928 197.2403918 -14.6331930 -0.655  -9.346  -9.131 18.838 0.660  6.6  1000.00 10000.00  0 15 
3737916054958929536 197.2465132  14.1006258 -0.253  -2.537   4.704 18.529 0.670  5.7  1000.00 10000.00  0 22 
6180839611214141312 197.2638262 -31.6402892  0.139  -5.941  -7.503 17.095 0.770  5.4  1000.00 10000.00  0 16 
6186616269212228224 197.2864428 -27.3545119  0.023  -9.327 -10.229 18.811 0.841  4.6  1000.00 10000.00  0 16 
1566529260394094208 197.2904643  57.7982873  0.004  -7.862  -4.343 18.036 0.802 10.2  1000.00 10000.00  0  8 
3690750201582925440 197.2904811   0.6303380  0.202 -16.232 -21.649 17.547 0.651  4.5  1000.00 10000.00  0 14 
3937063238818601216 197.3519535  16.7648152 -0.083   2.527  -8.161 19.145 0.820  6.5  1000.00 10000.00  0 23 
6180792671515911552 197.4087731 -31.6933046  0.327  -8.484  -9.052 18.191 0.653  4.9  1000.00 10000.00  0 16 
3686103184407049216 197.4102082  -0.6017892  0.396 -15.906 -22.869 18.908 0.868  5.0  1000.00 10000.00  0 14 
6186669183208650368 197.4204662 -26.8548913  0.799  -6.852  -8.619 19.278 0.836  4.6  1000.00 10000.00  0 16 
6186650079195233280 197.4372298 -27.0821918  0.122  -7.875  -8.894 17.538 0.605  4.6  1000.00 10000.00  0 16 
6182736234412373888 197.4682094 -29.4213285  0.227  -8.098  -8.479 17.161 0.649  4.8  1000.00 10000.00  0 16 
6180893620426756096 197.4861173 -31.1218232  0.148  -7.572  -7.631 17.970 0.666  4.9  1000.00 10000.00  0 16 
6185862691430189056 197.5108009 -28.8816160  0.447  -8.244  -6.193 18.856 0.693  5.8  1000.00 10000.00  0 16 
6186664785163414528 197.5120536 -26.9420941 -0.078  -6.011  -8.612 18.742 0.721  4.7  1000.00 10000.00  0 16 
6187524848069397376 197.5249716 -26.5390571 -0.169  -6.735  -7.671 19.328 0.918  4.4  1000.00 10000.00  0 16 
3736013929907004928 197.5278655  11.2735249  0.080  -2.132   4.013 18.790 0.591  6.2  1000.00 10000.00  0 22 
6180905611975636864 197.5423478 -30.8411922  0.398  -8.514  -8.290 18.644 0.748  4.7  1000.00 10000.00  0 16 
6180796661541192960 197.5489660 -31.6087086  0.182  -7.380  -8.632 16.572 0.779  4.7  1000.00 10000.00  0 16 
6182730079724168704 197.5533339 -29.6193831  0.261  -6.611  -8.607 18.755 0.833  4.6  1000.00 10000.00  0 16 
6180802601480480256 197.5555733 -31.4678252  0.095  -6.403  -8.441 18.834 0.847  4.9  1000.00 10000.00  0 16 
6187429912112009088 197.5582397 -26.5951516 -0.066  -8.503  -9.071 19.378 0.880  4.7  1000.00 10000.00  0 16 
3730942295084892928 197.5589132   8.7146444  0.044  -2.195   3.805 18.029 0.599  6.2  -122.17     4.30  7 22 
6185948693855096448 197.5636529 -28.3502204  0.538  -9.616  -9.492 19.079 0.873  4.5  1000.00 10000.00  0 16 
6182605731830460928 197.5666269 -30.4363762  0.176  -8.071  -7.652 18.972 0.817  4.7  1000.00 10000.00  0 16 
3937025206884098176 197.5699760  16.9014290  0.158   2.880  -9.395 18.654 0.633  7.4  1000.00 10000.00  0 23 
1566477725082065024 197.6140117  57.6805076  0.135  -7.868  -4.212 17.278 0.881 10.6  1000.00 10000.00  0  8 
6185941340871647872 197.6258256 -28.5372332  0.278  -8.971  -9.053 16.468 0.756  4.6  1000.00 10000.00  0 16 
3687710017572308224 197.6438544   0.0764964  0.182 -16.103 -21.262 17.560 0.640  4.6  1000.00 10000.00  0 14 
6187538793828338304 197.6443526 -26.2425953  0.299  -9.237  -8.522 16.264 0.745  4.7  1000.00 10000.00  0 16 
1726163402260296576 197.7038018  83.6824704  0.307 -17.129  -2.080 19.019 0.778  3.8  1000.00 10000.00  0 17 
3687418303393459456 197.7165718  -0.5044718  0.207 -15.679 -20.801 17.615 0.654  4.6  1000.00 10000.00  0 14 
6179604374324271360 197.7882166 -33.3089791 -0.148  -5.911  -7.338 19.163 0.832  5.1  1000.00 10000.00  0 16 
3936800386819814144 197.7926459  16.3254258  0.013   3.059  -7.719 18.507 0.634  7.2  1000.00 10000.00  0 23 
6180828199485635840 197.8004131 -31.3281561  0.368  -7.012  -8.519 16.617 0.758  4.6  1000.00 10000.00  0 16 
6185951717512084224 197.8016560 -28.3356890  0.177  -6.866  -8.163 18.030 0.654  4.8  1000.00 10000.00  0 16 
6182392701452128768 197.8149754 -30.8403124  0.252  -7.207  -7.092 16.785 0.698  5.1  1000.00 10000.00  0 16 
1566474082949761024 197.8267850  57.6538119  0.144  -7.663  -4.693 18.119 0.594  9.2  1000.00 10000.00  0  8 
6179604928375760640 197.8276050 -33.2706663  0.307  -6.020  -7.521 16.545 0.793  5.0  1000.00 10000.00  0 16 
6186358403670975616 197.8498698 -27.8277867  0.123  -9.711  -7.175 18.509 0.721  4.6  1000.00 10000.00  0 16 
6180809958759966208 197.8588938 -31.5006028  0.269  -7.791  -7.744 17.308 0.622  5.1  1000.00 10000.00  0 16 
6185896707571449984 197.9172122 -28.5895758  0.262  -8.078  -8.201 18.746 0.793  4.5  1000.00 10000.00  0 16 
6182659504820474112 197.9191160 -29.9803529  0.226  -7.448  -7.955 17.565 0.670  5.0  1000.00 10000.00  0 16 
6180029374223722624 197.9243093 -31.7482889  0.011  -8.320  -7.806 17.610 0.620  4.8  1000.00 10000.00  0 16 
3937228921476987776 197.9455824  17.6670552  0.168   4.857  -7.788 19.056 0.799  7.4  1000.00 10000.00  0 23 
6180000954424775936 197.9485787 -32.2407550  0.215  -7.868  -7.622 16.832 0.902  4.7  1000.00 10000.00  0 16 
3608853077988130560 197.9488267 -14.4096589  0.249 -10.065  -8.545 18.899 0.675  7.0  1000.00 10000.00  0 15 
6186777832997364736 197.9644986 -26.4822281  0.387  -9.976  -8.735 16.490 0.785  4.6  1000.00 10000.00  0 16 
6182823916169515008 198.0209082 -29.2839344  0.226  -8.518  -8.439 18.442 0.738  4.8  1000.00 10000.00  0 16 
6182444451514080000 198.0277512 -30.3562838  0.306  -8.574  -8.051 16.747 0.763  4.9  1000.00 10000.00  0 16 
6186759789838965376 198.0306534 -26.7036332  0.335  -7.603  -8.161 18.447 0.703  4.7  1000.00 10000.00  0 16 
6186810470453799296 198.0449175 -26.1830197  0.315  -8.207  -8.656 18.904 0.738  4.7  1000.00 10000.00  0 16 
6182396927699976320 198.0461053 -30.7857402  0.316  -8.587  -9.617 16.624 0.790  4.9  1000.00 10000.00  0 16 
6186778829429782784 198.0504830 -26.4554419  0.052  -8.174  -8.947 18.090 0.702  4.5  1000.00 10000.00  0 16 
6182823027110158464 198.0543684 -29.3087160  0.050  -8.592  -8.107 18.077 0.688  4.7  1000.00 10000.00  0 16 
6182403456050386944 198.0773146 -30.6052697  0.204  -5.981  -6.881 17.298 0.660  5.6  1000.00 10000.00  0 16 
1566603477428369792 198.0927900  58.0961173 -0.109  -7.953  -3.985 18.480 0.615 10.2  -241.91     8.51  6  8 
6186343216666600704 198.1026338 -27.8954045  0.176  -6.960  -8.131 17.249 0.611  4.9  1000.00 10000.00  0 16 
6186386883599479168 198.1038439 -27.5866939  0.251  -8.373  -7.533 17.021 0.771  5.0  1000.00 10000.00  0 16 
6182868858707499648 198.1069170 -28.9016605  0.055  -7.497  -7.941 17.947 0.662  4.7  1000.00 10000.00  0 16 
6186802846886915200 198.1165051 -26.3746816  0.299  -8.493  -8.347 15.810 0.866  4.7  1000.00 10000.00  0 16 
6186758862126026624 198.1171329 -26.7052633  0.085  -8.544  -7.446 18.889 0.763  4.7  1000.00 10000.00  0 16 
6186700450571999872 198.1379356 -26.9415832  0.721  -7.190  -7.722 19.056 0.865  4.7  1000.00 10000.00  0 16 
6182645455983545472 198.1385102 -29.9925524  0.257  -7.935  -8.330 15.290 0.915  4.7   222.20     1.37  8 16 
6182759599034165376 198.1504318 -29.6581612  0.214  -8.937  -8.562 17.029 0.709  4.6  1000.00 10000.00  0 16 
6186816930084660096 198.1643104 -26.1035129  0.196 -10.121  -9.542 17.118 0.646  4.3  1000.00 10000.00  0 16 
3943545856296614400 198.1796532  21.3184210  0.160  -2.624   4.882 17.746 0.587  5.4  1000.00 10000.00  0 22 
6186340566671778944 198.1874587 -27.8781809  0.304  -6.607  -8.089 18.949 0.810  4.7  1000.00 10000.00  0 16 
6182454789499750400 198.1883232 -30.1230874  0.363 -10.096  -7.855 17.192 0.629  4.7  1000.00 10000.00  0 16 
6180816104856861312 198.1895342 -31.3829834  0.220  -7.049  -7.671 16.955 0.793  4.8  1000.00 10000.00  0 16 
6182426373995895936 198.2085532 -30.5808856  0.022  -9.923  -8.663 18.248 0.663  4.8  1000.00 10000.00  0 16 
6182772788878508544 198.2357768 -29.4009075  0.465  -8.436  -8.346 18.643 0.702  5.4  1000.00 10000.00  0 16 
6182453385046462208 198.2395157 -30.1801842 -0.117  -8.711  -6.561 18.510 0.737  4.4  1000.00 10000.00  0 16 
6179950621703445120 198.2581529 -32.3911430  0.303  -7.045  -8.279 16.294 0.787  4.7  1000.00 10000.00  0 16 
6186362870436945280 198.2601092 -27.9162946  0.107  -7.510  -8.654 18.698 0.717  4.6  1000.00 10000.00  0 16 
6182844227070007680 198.2722089 -29.2838131  0.362 -10.108  -8.528 16.206 0.793  4.4  1000.00 10000.00  0 16 
6182844257134366208 198.2815619 -29.2848859  0.221  -9.099  -7.569 18.181 0.746  4.6  1000.00 10000.00  0 16 
6186258790493677184 198.2850680 -28.5090609  0.259  -9.510  -8.912 16.919 0.617  4.6  1000.00 10000.00  0 16 
6186682927105303552 198.2967462 -27.1024226 -0.130  -6.861  -8.029 18.439 0.734  4.6  1000.00 10000.00  0 16 
6186681110334208384 198.2991122 -27.1565657  0.044  -7.749  -8.722 17.979 0.696  4.5  1000.00 10000.00  0 16 
6182425725456779392 198.3127168 -30.4980618  0.192  -8.863  -7.989 17.568 0.643  4.8  1000.00 10000.00  0 16 
6192824592898373376 198.3539877 -25.9503244  0.166  -8.177  -9.050 17.990 0.659  4.6  1000.00 10000.00  0 16 
6182767192536488832 198.3646793 -29.5644537  0.319  -8.242  -9.422 16.127 0.751  4.6  1000.00 10000.00  0 16 
3936942670496913920 198.4078040  16.9272745  0.026   3.484  -8.566 19.334 0.811  7.2  1000.00 10000.00  0 23 
3609053872003470464 198.4126968 -13.4636639 -0.271  -2.628  -5.103 18.733 0.666  6.9  1000.00 10000.00  0 15 
3736843202192571264 198.4164200  13.0040748  0.118  -1.148   3.871 15.508 0.913  6.2   -74.61     1.41  8 22 
6179976971326470400 198.4315561 -32.2200633  0.239  -5.978  -7.986 18.531 0.710  5.3  1000.00 10000.00  0 16 
6183256642714579328 198.4411408 -28.5460133  0.153  -7.973  -8.303 18.164 0.762  4.8  1000.00 10000.00  0 16 
1567029130162716544 198.4440339  58.9150569  0.287  -8.091  -4.739 17.243 0.883 11.0  1000.00 10000.00  0  8 
6186688871340087808 198.4821364 -27.0324093  0.317  -6.953  -8.510 17.419 0.624  4.5  1000.00 10000.00  0 16 
3936823923240971648 198.4999136  16.5304845 -0.138   3.225  -8.227 18.903 0.723  6.5  1000.00 10000.00  0 23 
3687756948679262720 198.5070267   0.3192957  0.305 -15.902 -20.829 16.939 0.679  5.1    97.42     3.75  6 14 
6186310398824175232 198.5125018 -28.0655561  0.985  -6.962  -8.077 19.253 0.760  5.5  1000.00 10000.00  0 16 
3609048340085563008 198.5225944 -13.5876860  0.404 -10.342  -7.947 17.745 0.641  7.4  1000.00 10000.00  0 15 
6193587653969402112 198.5299941 -25.6119732  0.464  -7.513  -8.780 18.569 0.777  4.5  1000.00 10000.00  0 16 
6193694066077898496 198.5339751 -24.8892643  0.087  -9.570  -9.066 17.895 0.701  4.3  1000.00 10000.00  0 16 
6182558796427607808 198.5452554 -29.8354152  0.247  -8.360  -8.352 17.617 0.617  4.7  1000.00 10000.00  0 16 
6186719245347529728 198.5461966 -26.8019383  0.303 -10.214  -8.070 18.079 0.714  4.5  1000.00 10000.00  0 16 
6186268930912364544 198.5529607 -28.2923734 -0.050  -7.635  -8.340 17.763 0.669  4.8  1000.00 10000.00  0 16 
3744082592907934720 198.5829199  15.0192926  0.315  -1.529   3.821 19.275 0.741  5.7   -83.43    10.86  7 22 
6182801277396987136 198.5914882 -29.2615968  0.362  -9.840  -9.293 16.449 0.718  4.2  1000.00 10000.00  0 16 
6182386482339262848 198.6044051 -30.3995093  0.450  -8.181  -7.189 18.615 0.709  5.1  1000.00 10000.00  0 16 
6182562129323041536 198.6298784 -29.7293777  0.400  -8.476  -7.380 19.123 0.798  5.2  1000.00 10000.00  0 16 
6186721448666768384 198.6348697 -26.7329120  0.293  -8.297  -8.610 15.797 0.879  4.4   214.96     9.76 12 16 
3736784721917729152 198.6407499  12.7628000  0.274  -1.736   3.910 18.176 0.598  6.3  1000.00 10000.00  0 22 
6182800207949248512 198.6499597 -29.2929732  0.664  -8.224  -9.459 18.743 0.744  4.7  1000.00 10000.00  0 16 
6183183971866850304 198.6596601 -28.9935248  0.261  -7.533  -8.597 18.016 0.692  4.8  1000.00 10000.00  0 16 
6182803918801123584 198.6880621 -29.1188237  0.203  -9.575  -8.936 17.413 0.625  4.5  1000.00 10000.00  0 16 
6186729759428590592 198.7085589 -26.5535416 -0.164  -7.886  -8.908 19.301 0.964  4.3  1000.00 10000.00  0 16 
6182534817625844864 198.7090362 -30.0918524  0.437  -6.423  -7.021 16.700 0.844  5.5  1000.00 10000.00  0 16 
6193844939689783936 198.7101719 -24.2997019  0.334  -8.625  -8.789 17.561 0.646  4.2  1000.00 10000.00  0 16 
6182781103934627200 198.7178900 -29.4011512 -0.070  -6.663  -6.860 19.058 0.840  5.0  1000.00 10000.00  0 16 
6186305420954537728 198.7226016 -28.0315642  0.160  -8.602  -8.939 18.051 0.672  4.6  1000.00 10000.00  0 16 
3736463664522214656 198.7358029  11.7793878 -0.017  -1.588   4.069 18.618 0.642  5.9  1000.00 10000.00  0 22 
3939737216737243776 198.7399989  19.2632659  0.345  -1.364   4.099 19.200 0.723  6.3  1000.00 10000.00  0 22 
6179988275680636032 198.7632605 -31.9163890  0.998  -8.408  -7.497 19.134 0.963  4.6  1000.00 10000.00  0 16 
3936937516536193408 198.7789807  17.0814169  0.135   3.377  -8.662 18.801 0.667  7.2  1000.00 10000.00  0 23 
6182481590095889280 198.7842873 -30.3171052 -0.169  -7.412  -7.740 18.404 0.638  5.2  1000.00 10000.00  0 16 
6183285917211834880 198.7971561 -28.3354520  0.386  -8.643  -8.131 18.884 0.768  4.6  1000.00 10000.00  0 16 
1566595918285946624 198.8006685  58.1583520  0.082  -7.770  -4.110 17.955 0.816 10.7  1000.00 10000.00  0  8 
6193734129532580352 198.8081215 -25.0607000  0.357  -7.976  -9.055 18.073 0.685  4.3  1000.00 10000.00  0 16 
6186422171050761984 198.8107532 -27.5746834  0.290  -5.843  -8.703 19.000 0.861  4.8  1000.00 10000.00  0 16 
6193734168188497536 198.8191669 -25.0529355  0.856  -9.314  -9.380 18.611 0.804  4.3  1000.00 10000.00  0 16 
6182543098322821376 198.8199250 -29.9609249  0.122  -8.992  -7.869 16.669 0.717  4.7  1000.00 10000.00  0 16 
6194042027148607744 198.8257347 -24.0737296  0.252  -9.034  -8.526 16.711 0.633  4.3  1000.00 10000.00  0 16 
6182790007402810880 198.8257737 -29.2339920  0.201  -6.885  -7.829 18.412 0.738  4.9  1000.00 10000.00  0 16 
6179772741337831680 198.8399256 -32.3848698  0.666  -6.171  -6.127 18.972 0.817  5.1  1000.00 10000.00  0 16 
6192813494703594112 198.8429398 -25.9714344  0.192 -10.169  -8.697 18.973 0.775  4.7  1000.00 10000.00  0 16 
6182364114150705152 198.8668671 -30.6749242  0.178  -7.107  -7.192 16.902 0.686  5.0  1000.00 10000.00  0 16 
6186508242194930944 198.8886494 -27.1234901  0.106  -7.254  -8.213 19.297 0.974  4.3  1000.00 10000.00  0 16 
6182461524008521600 198.9056919 -30.5946201  0.419 -10.473  -8.572 17.902 0.630  4.5  1000.00 10000.00  0 16 
6186537688489964288 198.9158135 -26.6997683  0.088  -8.471  -8.485 18.693 0.808  4.4  1000.00 10000.00  0 16 
6186418425838254464 198.9210286 -27.6177669  0.165  -8.144  -8.339 18.605 0.782  4.6  1000.00 10000.00  0 16 
6193737737305188864 198.9231883 -24.9105992  0.233  -8.030  -8.574 18.006 0.636  4.2  1000.00 10000.00  0 16 
3609435131956049536 198.9268112 -13.2942728  0.255 -12.489  -8.298 17.686 0.700  7.3  1000.00 10000.00  0 15 
6183294339642462464 198.9273773 -28.1781014 -0.236 -12.256  -9.348 18.661 0.778  4.0  1000.00 10000.00  0 16 
6182590373028133760 198.9437134 -29.5704396  0.185  -9.547  -8.471 18.597 0.714  4.9  1000.00 10000.00  0 16 
6181577898912341504 198.9613529 -31.3294247 -0.059  -7.491  -7.619 18.175 0.681  4.7  1000.00 10000.00  0 16 
6192751475375401344 198.9723526 -26.2807431  0.109  -7.506  -9.081 19.162 0.855  4.3  1000.00 10000.00  0 16 
3940369092325689216 198.9854088  20.1844400  0.407  -1.856   4.546 19.457 0.807  6.0  1000.00 10000.00  0 22 
6192737594040969088 198.9996474 -26.4284528  0.120  -8.768  -8.084 18.365 0.744  4.4  1000.00 10000.00  0 16 
6183299974639576320 199.0113562 -28.0549154 -0.035  -8.808  -8.765 19.349 0.943  4.4  1000.00 10000.00  0 16 
6186536485899077120 199.0174983 -26.7261293 -0.059  -5.280  -9.617 19.208 0.814  4.3  1000.00 10000.00  0 16 
6192738251171707008 199.0566779 -26.3732736  0.238 -12.001 -10.047 15.282 0.890  3.9   140.61     1.06  8 16 
6192738349955275136 199.0591933 -26.3484791  0.008  -8.187  -8.202 18.865 0.829  4.5  1000.00 10000.00  0 16 
3744695128260104832 199.0791399  16.3074447 -0.536  -0.041 -10.783 18.928 0.735  6.6  1000.00 10000.00  0 23 
3936863402579758720 199.0876138  16.6255170  0.172   3.404  -8.437 17.736 0.755  7.2  1000.00 10000.00  0 23 
6183276330844216064 199.1089296 -28.3977408  0.729 -10.447  -8.565 19.268 0.921  4.4  1000.00 10000.00  0 16 
6182459874741097600 199.1135677 -30.5437455  0.279 -10.051  -8.328 17.930 0.647  4.6  1000.00 10000.00  0 16 
6186519855785630592 199.1215600 -26.8861515  0.160  -8.956  -7.924 17.003 0.714  5.0  1000.00 10000.00  0 16 
6192968255259351808 199.1276487 -25.1666147  0.065 -10.406  -9.550 18.325 0.738  4.3  1000.00 10000.00  0 16 
6186413443676218624 199.1376818 -27.5800733  0.306  -7.306  -8.977 18.132 0.690  4.5  1000.00 10000.00  0 16 
3936865601603032960 199.1766856  16.7063843  0.159   2.686  -8.641 19.434 0.877  7.1  1000.00 10000.00  0 23 
6186465326881736064 199.1903644 -27.0970216  0.031  -8.431  -8.368 16.955 0.659  4.8  1000.00 10000.00  0 16 
6186414027791807104 199.1946343 -27.5398930  0.263  -9.693 -10.093 17.997 0.724  3.8  1000.00 10000.00  0 16 
6192540781459892608 199.2081641 -26.6280988  0.352  -8.694  -8.655 17.722 0.630  4.4  1000.00 10000.00  0 16 
6192786316150524672 199.2237191 -25.9816782  0.037  -9.504  -9.024 18.188 0.747  4.3  1000.00 10000.00  0 16 
6182468499035525376 199.2274587 -30.3852370  0.355 -10.698  -8.380 17.808 0.673  4.3  1000.00 10000.00  0 16 
6186410493034356352 199.2429656 -27.5904978  0.259  -7.177  -8.130 18.181 0.704  4.4  1000.00 10000.00  0 16 
6181541542014139648 199.2821357 -31.1234201  0.304  -7.988  -8.328 18.609 0.805  4.4  1000.00 10000.00  0 16 
6179759474183010944 199.2992701 -32.4768688 -0.237  -6.835  -9.222 18.618 0.858  4.5  1000.00 10000.00  0 16 
6181262987618671872 199.3166839 -32.2855058  0.301  -6.793  -8.020 17.200 0.625  4.6  1000.00 10000.00  0 16 
6192524980275649408 199.3171960 -26.7744113  0.222  -8.762  -8.821 16.442 0.764  4.4  1000.00 10000.00  0 16 
6192768277287660672 199.3245625 -26.1277933  0.166  -8.967  -7.923 18.691 0.707  4.2  1000.00 10000.00  0 16 
6192795902517829632 199.3686286 -25.7966099  0.715 -11.701 -10.182 19.266 0.931  4.0  1000.00 10000.00  0 16 
6192945676616507008 199.3693319 -25.4509417  0.226  -8.579  -9.219 16.972 0.637  4.3  1000.00 10000.00  0 16 
6186433990799823360 199.3717044 -27.5127340 -0.234  -9.704  -8.519 18.979 0.859  4.4  1000.00 10000.00  0 16 
6192534184390108160 199.3846311 -26.6348163  0.169  -8.818  -8.906 18.112 0.688  4.4  1000.00 10000.00  0 16 
3940593736295173888 199.4011035  21.3684987 -0.235  -1.698   4.595 19.249 0.827  5.8  1000.00 10000.00  0 22 
6183223107609293568 199.4173452 -28.5438632  0.290 -10.934  -9.216 17.114 0.618  4.6  1000.00 10000.00  0 16 
6182950428725949568 199.4177319 -29.5651060 -0.191 -10.865  -8.006 18.522 0.724  4.5  1000.00 10000.00  0 16 
6192770510670786560 199.4260060 -26.0348134  0.334  -8.953  -8.167 18.898 0.807  4.5  1000.00 10000.00  0 16 
3609201756317369728 199.4273833 -13.5022567 -0.078  -8.070  -8.010 18.377 0.634  7.0  1000.00 10000.00  0 15 
6182953795980380672 199.4389621 -29.4289614  0.450  -6.644  -7.644 18.403 0.673  5.3  1000.00 10000.00  0 16 
3940420357056044288 199.4598434  20.8438509  0.261  -2.003   4.946 18.263 0.645  5.8  1000.00 10000.00  0 22 
6192472543018969088 199.4712097 -26.9151087 -0.308  -6.989  -8.661 19.265 0.924  4.4  1000.00 10000.00  0 16 
3715556764453467520 199.4793289   3.0584848  0.242 -15.918 -21.193 17.555 0.618  4.5  1000.00 10000.00  0 14 
6182503236730147200 199.4994496 -30.0193798  0.061  -9.477  -9.366 18.126 0.719  4.0  1000.00 10000.00  0 16 
6193003405272761600 199.5056335 -24.8271587  0.222  -8.552  -8.787 16.732 0.751  4.2  1000.00 10000.00  0 16 
6183213040205960960 199.5149898 -28.5302645  0.307  -6.485  -7.590 16.874 0.780  5.2  1000.00 10000.00  0 16 
6182900607104526976 199.5274649 -29.6485000  0.072  -7.166 -10.615 19.359 0.933  4.5  1000.00 10000.00  0 16 
6182900710183755008 199.5365010 -29.6334600  0.234  -9.748  -8.623 18.021 0.670  4.5  1000.00 10000.00  0 16 
1447365289686803840 199.5367303  24.9345908  0.463  -2.083   5.200 18.282 0.735  5.2  -104.11     5.17  6 22 
3943652440204771328 199.5464760  21.9936286 -0.062  -1.952   4.852 18.460 0.623  5.5  1000.00 10000.00  0 22 
6194163080801313664 199.5549676 -24.2540573 -0.110  -8.475  -9.198 18.346 0.739  4.2  1000.00 10000.00  0 16 
3744726494404962816 199.5695168  16.5946465  0.187   3.124  -8.567 18.992 0.739  7.2  1000.00 10000.00  0 23 
6192576756106541952 199.5711088 -26.2440130  0.319  -9.932 -10.077 18.345 0.760  4.3  1000.00 10000.00  0 16 
6193002030883225216 199.5741899 -24.8882273  0.359 -11.183  -9.503 16.004 0.781  4.1  1000.00 10000.00  0 16 
6192982995588505984 199.5825779 -25.1021335  0.317  -8.694  -8.748 16.965 0.641  4.4  1000.00 10000.00  0 16 
6179693640923971840 199.5863546 -32.7198253  0.061  -5.927  -7.771 19.326 0.929  4.7  1000.00 10000.00  0 16 
3744739963422459648 199.5875669  16.8006686  0.396  -1.830   4.513 19.344 0.825  6.2  1000.00 10000.00  0 22 
6183413666719090048 199.5955459 -27.7089351  0.282  -9.339  -8.702 17.073 0.626  4.6  1000.00 10000.00  0 16 
6192586273754145792 199.6032392 -26.1295517  0.136  -8.773  -8.700 16.996 0.619  4.3  1000.00 10000.00  0 16 
6182885832416942976 199.6116674 -29.7609538  0.024  -9.276  -9.052 18.935 0.926  3.9  1000.00 10000.00  0 16 
6186444887131847680 199.6154723 -27.2704087  0.360  -9.293  -8.989 17.302 0.614  4.2  1000.00 10000.00  0 16 
3940514399659927296 199.6473275  20.9338593  0.063  -1.523   4.298 18.015 0.603  5.8  1000.00 10000.00  0 22 
6183383984199858048 199.6498586 -27.9259063  0.128 -11.938  -9.601 19.422 0.900  4.0  1000.00 10000.00  0 16 
6182986918768391424 199.6634683 -29.1747832  0.359  -7.487  -9.213 16.343 0.770  4.3  1000.00 10000.00  0 16 
6183328076609508992 199.7085516 -28.2507701  0.044 -11.105  -8.654 17.855 0.686  4.4  1000.00 10000.00  0 16 
6182914149137482240 199.7124323 -29.3572932  0.067  -9.195  -8.008 17.294 0.794  4.4  1000.00 10000.00  0 16 
6192872627813796352 199.7126209 -25.8448095  0.092 -12.421  -9.437 18.280 0.769  4.0  1000.00 10000.00  0 16 
6183303371958529280 199.7191061 -28.5028215 -0.122  -8.305  -8.441 18.688 0.701  4.4  1000.00 10000.00  0 16 
6192984846718983936 199.7438221 -25.0131152  0.106  -9.293  -9.847 19.386 0.915  4.2  1000.00 10000.00  0 16 
6194574087697570432 199.7438861 -23.0351943  0.450  -9.946  -8.896 18.257 0.722  4.0  1000.00 10000.00  0 16 
6183304093513034368 199.7442314 -28.5010891  0.263  -9.934  -9.686 18.950 0.813  4.4  1000.00 10000.00  0 16 
3938507382917888512 199.7683721  17.7671855  0.294  -1.554   4.392 17.510 0.581  6.6  1000.00 10000.00  0 22 
6181720865487907584 199.7801954 -30.5558666  0.085 -11.448  -8.691 18.553 0.855  4.3  1000.00 10000.00  0 16 
6192881870583503616 199.8021835 -25.7065785  0.400  -8.626  -8.755 19.250 0.899  4.3  1000.00 10000.00  0 16 
6192503466783843712 199.8133528 -26.7079860  0.387 -10.755  -8.677 18.118 0.703  4.3  1000.00 10000.00  0 16 
6183317287651667200 199.8276668 -28.2440233  0.129 -10.590  -8.798 17.875 0.673  4.1  1000.00 10000.00  0 16 
6192509136140945536 199.8358486 -26.5830313  0.558 -10.950  -8.870 18.865 0.872  4.3  1000.00 10000.00  0 16 
6192901077676123520 199.8462883 -25.4342129  0.089  -8.909  -7.175 18.350 0.670  4.2  1000.00 10000.00  0 16 
6192686054434814080 199.8474964 -25.8672159 -0.125  -8.570  -8.151 18.922 0.797  4.2  1000.00 10000.00  0 16 
6181734162706932480 199.8644581 -30.2613909  0.187  -7.922 -10.306 18.974 0.865  4.4  1000.00 10000.00  0 16 
6194147339746508544 199.8702437 -24.4149112  0.292  -8.833  -9.138 18.168 0.737  4.2  1000.00 10000.00  0 16 
6192678598371298816 199.8707934 -26.0599076  0.354  -9.919  -8.923 17.028 0.704  4.2  1000.00 10000.00  0 16 
1445769863955425792 199.8734270  22.8434191  0.141  -1.695   5.109 19.363 0.746  5.5  1000.00 10000.00  0 22 
6192882179821176576 199.8744106 -25.6762396  0.161  -8.408  -9.584 19.043 0.901  4.3  1000.00 10000.00  0 16 
6193370156825480960 199.8764026 -24.7786800  0.177  -8.434  -8.930 19.357 0.890  4.2  1000.00 10000.00  0 16 
6192465705431096704 199.8816272 -26.8650427  0.172  -9.540  -8.791 17.892 0.690  4.3  1000.00 10000.00  0 16 
6183422638905646208 199.8894072 -27.5806435  0.226  -9.258  -7.439 16.478 0.758  4.9  1000.00 10000.00  0 16 
6183354945925162112 199.8963773 -28.0576445 -0.162  -8.254  -8.979 18.118 0.706  4.4  1000.00 10000.00  0 16 
6181407710833428224 199.9304821 -31.5402559  0.145  -7.690  -7.386 18.220 0.702  4.6  1000.00 10000.00  0 16 
6193370637861828352 199.9447672 -24.7441129 -0.006 -10.143  -9.447 19.054 0.799  4.1  1000.00 10000.00  0 16 
6181230586381059200 199.9490181 -32.2793644  0.198  -8.340  -8.183 18.604 0.805  4.3  1000.00 10000.00  0 16 
6183342786873504384 199.9543222 -28.1049742  0.210 -10.699  -9.037 15.688 0.904  4.4   225.14     9.10 12 16 
6189431676109684608 199.9592110 -27.3700588  0.258  -9.892  -8.942 17.875 0.678  4.3  1000.00 10000.00  0 16 
3744411278165696128 199.9709881  15.6831423  0.393   1.630  -6.802 19.194 0.757  7.2  -203.39     7.34  7 23 
1566750708907510400 199.9796877  58.2927677  0.076  -7.842  -3.951 18.039 0.784 10.5  1000.00 10000.00  0  8 
6189429064769562368 199.9836572 -27.4197525  0.183  -9.190  -9.222 18.238 0.711  4.4  1000.00 10000.00  0 16 
6183418958118196224 199.9898626 -27.6152004 -0.052  -8.839  -8.932 18.912 0.880  4.4  1000.00 10000.00  0 16 
3940302816686324480 200.0060811  20.5532153  0.034  -1.903   5.057 18.798 0.723  6.2  1000.00 10000.00  0 22 
3715935851151908352 200.0473012   4.1741753 -0.048 -16.096 -21.212 19.049 0.885  5.1  1000.00 10000.00  0 14 
3609530441574431104 200.0522901 -12.8637112 -0.302  -8.707  -8.572 18.716 0.663  6.5  1000.00 10000.00  0 15 
6192687192600511232 200.0576630 -25.9018474  0.239  -9.218  -8.827 16.414 0.765  4.3  1000.00 10000.00  0 16 
6182941151596112256 200.0581719 -29.2651367  0.490  -8.812  -9.602 18.161 0.778  3.9  1000.00 10000.00  0 16 
6183363299637373568 200.0750451 -27.9129490  0.135  -9.716  -9.289 17.544 0.634  4.3  1000.00 10000.00  0 16 
6182163659436998528 200.0790060 -29.6613117  0.317  -8.269  -7.685 18.537 0.741  4.4  1000.00 10000.00  0 16 
6194174209061580928 200.1053980 -24.2333760 -0.030 -10.543  -8.943 18.318 0.755  4.0  1000.00 10000.00  0 16 
6192488829535245440 200.1194338 -26.7328848  0.424  -9.940  -8.712 19.217 0.928  4.2  1000.00 10000.00  0 16 
6192920559647997952 200.1217520 -25.3076952 -0.180  -9.766  -9.100 18.701 0.737  4.2  1000.00 10000.00  0 16 
6182943522418106880 200.1303699 -29.1735605  0.285 -10.474  -8.961 16.335 0.749  4.1  1000.00 10000.00  0 16 
3744639740361896320 200.1306137  16.1176804 -0.200   2.663 -10.351 19.085 0.726  7.6  1000.00 10000.00  0 23 
3715710318124136704 200.1429292   3.7436973  0.065 -16.296 -21.435 17.236 0.636  5.6  1000.00 10000.00  0 14 
6189427617369016576 200.1450833 -27.4095243  0.271  -9.915  -8.696 18.467 0.700  4.6  1000.00 10000.00  0 16 
6189426693947612928 200.1544801 -27.4508633  0.206  -7.930  -8.644 16.265 0.717  4.4  1000.00 10000.00  0 16 
1566279499455215104 200.1557724  57.0489040 -0.030  -7.569  -3.962 19.266 0.614  8.1  1000.00 10000.00  0  8 
6192613181724033024 200.1674436 -26.2730114  0.503  -8.386  -8.502 17.701 0.626  4.4  1000.00 10000.00  0 16 
3744408151429532160 200.1743787  15.8022507 -0.162  -1.670   4.442 18.829 0.668  5.9  1000.00 10000.00  0 22 
6192909873768832384 200.1881132 -25.4330464  0.139  -8.435  -8.501 18.392 0.752  4.2  1000.00 10000.00  0 16 
3715507763171353472 200.1940133   2.8256811  0.370 -15.838 -20.937 18.044 0.656  5.0  1000.00 10000.00  0 14 
6192721925999956480 200.1953030 -25.4901478  0.249 -10.029  -8.787 17.253 0.623  4.2  1000.00 10000.00  0 16 
6189439127877938432 200.2059198 -27.2486218  0.092  -7.527  -8.433 18.343 0.723  4.7  1000.00 10000.00  0 16 
6193373111761980416 200.2204544 -24.7690009  0.270  -9.830  -9.716 17.500 0.635  4.1  1000.00 10000.00  0 16 
6182926892304646400 200.2321620 -29.3284436  0.292 -10.929  -9.737 17.362 0.610  4.1  1000.00 10000.00  0 16 
6183353915132616192 200.2344906 -27.8342111  0.371  -8.987  -7.365 12.530 1.171  5.1   -20.74     0.08  2 16 
6192615342092872960 200.2395545 -26.1816777  0.204 -10.636  -9.281 17.276 0.619  4.2  1000.00 10000.00  0 16 
6183102921540037760 200.2404552 -28.6152017  0.201  -8.392  -9.513 17.679 0.699  3.8  1000.00 10000.00  0 16 
6192916745716529664 200.2520767 -25.3380353  0.040  -9.802  -9.175 18.233 0.669  4.3  1000.00 10000.00  0 16 
6183026466826159488 200.2655655 -29.1042216  0.326  -7.299  -9.952 16.186 0.728  4.1  1000.00 10000.00  0 16 
6192923033548711296 200.2730354 -25.1935318 -0.425  -7.991  -8.814 18.935 0.827  4.1  1000.00 10000.00  0 16 
6192500855443308160 200.2914551 -26.5163926  0.206 -11.318  -9.104 12.167 1.182  4.0   205.52     0.18  8 16 
6192623073033346560 200.2954514 -26.0616730  0.179 -10.032  -9.030 18.815 0.845  4.1  1000.00 10000.00  0 16 
6192611974838482560 200.2960771 -26.2344334  0.436  -9.891  -7.869 18.496 0.735  4.6  1000.00 10000.00  0 16 
6189464966401800576 200.2978561 -27.0855400 -0.020  -9.649 -10.042 19.169 0.918  4.2  1000.00 10000.00  0 16 
1566697073355685888 200.3279582  57.6903281  0.204  -7.772  -4.012 18.607 0.602  9.7  1000.00 10000.00  0  8 
3746231966341573632 200.3315556  16.9122104 -0.431   2.864  -8.549 19.181 0.762  6.6  1000.00 10000.00  0 23 
6189478779016701312 200.3320439 -26.9896568  0.711  -9.677  -8.881 18.733 0.818  4.3  1000.00 10000.00  0 16 
6183132294821336832 200.3817103 -28.4327135 -0.068  -7.137  -7.790 18.791 0.809  4.5  1000.00 10000.00  0 16 
6193300513930404864 200.3847985 -25.1069717  0.226  -9.626  -8.796 17.543 0.640  4.1  1000.00 10000.00  0 16 
6189356840598632704 200.4165049 -27.7960256  0.051 -11.406 -10.633 18.386 0.859  3.5  1000.00 10000.00  0 16 
6192597444963963392 200.4203768 -26.3779216  0.258 -10.412  -9.535 16.795 0.723  4.3  1000.00 10000.00  0 16 
6183128171652659328 200.4372542 -28.5019680  0.282  -7.751 -10.086 18.919 0.855  3.9  1000.00 10000.00  0 16 
6192696534154252928 200.4472797 -25.8607110 -0.066  -9.344  -9.064 18.439 0.707  4.1  1000.00 10000.00  0 16 
6183053817178208896 200.4523292 -28.7136845 -0.015 -10.835  -9.153 18.846 0.827  4.3  1000.00 10000.00  0 16 
6193400152876429184 200.4534651 -24.5576904  0.194  -7.902  -9.841 19.064 0.814  4.0  1000.00 10000.00  0 16 
6192620049376296320 200.4535017 -26.1225777  0.464 -10.245  -8.938 17.099 0.672  4.2  1000.00 10000.00  0 16 
1447514032994058496 200.4548468  25.7489425  0.007  -1.466   4.634 19.246 0.778  5.5  1000.00 10000.00  0 22 
6194308899236586112 200.4579496 -23.4857036  0.224  -9.007  -9.606 18.216 0.762  4.1  1000.00 10000.00  0 16 
6192649323873650176 200.4584821 -25.9172165  0.326 -11.099  -9.144 18.896 0.937  4.2  1000.00 10000.00  0 16 
3744325138301094784 200.4737575  15.3029809  0.007  -2.142   4.451 18.988 0.825  5.5  1000.00 10000.00  0 22 
6192724369837566976 200.4782953 -25.5116715  0.365 -10.631  -9.716 15.951 0.811  3.9  1000.00 10000.00  0 16 
3746179258503321600 200.4832843  16.7628207  0.129   3.125  -8.096 18.284 0.649  7.6  1000.00 10000.00  0 23 
1461561599709244288 200.5328653  28.0938875  0.202  -2.086   5.287 19.362 0.859  5.3  1000.00 10000.00  0 22 
6192712481368090752 200.5376296 -25.5329669  0.189 -10.721  -9.324 16.836 0.657  4.2  1000.00 10000.00  0 16 
3716329892926642944 200.5446504   4.5303253  0.076 -15.906 -21.421 18.968 0.783  5.5  1000.00 10000.00  0 14 
3745963926023223936 200.5499635  16.3796835  0.076   3.024  -8.283 18.733 0.665  7.2  1000.00 10000.00  0 23 
6193106995588759424 200.5649312 -25.2732367  0.241  -9.419  -8.953 17.265 0.612  4.1  1000.00 10000.00  0 16 
6189406146824219520 200.5690424 -27.4086702  0.311 -11.153  -8.443 18.608 0.855  4.1  1000.00 10000.00  0 16 
6193302708657670400 200.5732361 -25.1071842  0.603  -9.828  -8.843 19.412 0.842  4.1  1000.00 10000.00  0 16 
6192711377560525696 200.5795800 -25.5778030  0.161 -10.360  -9.431 17.551 0.676  4.2  1000.00 10000.00  0 16 
6189363746907040000 200.5839375 -27.6772384  0.079  -7.478  -8.328 19.221 0.937  4.1  1000.00 10000.00  0 16 
6192704711771093760 200.5937066 -25.7472793  0.140 -10.008  -8.907 18.524 0.779  4.3  1000.00 10000.00  0 16 
6183073848905692544 200.6207118 -28.6923900  0.119 -10.312  -9.080 18.137 0.642  4.2  1000.00 10000.00  0 16 
6193114932688641280 200.6311010 -25.1121091  0.006  -8.709  -9.526 19.428 0.883  4.1  1000.00 10000.00  0 16 
6193101188792783872 200.6372403 -25.3585447  0.447 -12.171 -10.957 18.041 0.796  3.4  1000.00 10000.00  0 16 
6189393291985942528 200.6704894 -27.4680172  0.207 -10.594  -8.541 15.628 0.884  4.1  1000.00 10000.00  0 16 
3744357436455200896 200.6741155  15.4784063  0.146   2.778  -9.968 19.026 0.671  8.7  1000.00 10000.00  0 23 
6182076385700723840 200.6772512 -30.1223080  0.175  -9.128  -9.178 18.137 0.688  4.1  1000.00 10000.00  0 16 
6189421123374323328 200.6813790 -27.0549361  0.281 -10.232  -9.551 17.953 0.706  4.2  1000.00 10000.00  0 16 
6189366083369262720 200.6884595 -27.5713588  0.256 -11.988  -9.548 17.480 0.626  3.9  1000.00 10000.00  0 16 
3746162250432804864 200.7177063  16.6487009 -0.093   3.274  -8.256 18.467 0.677  6.9  1000.00 10000.00  0 23 
6192632281443200512 200.7189983 -26.0783818  1.279 -16.701  -9.319 19.166 0.944  3.9  1000.00 10000.00  0 16 
1446309380567279232 200.7255738  23.9846098 -0.140  -1.646   4.961 19.061 0.754  5.3   -70.33    12.53  6 22 
3939039542249768704 200.7388164  18.7968138  0.097  -1.728   4.599 18.878 0.673  6.0  1000.00 10000.00  0 22 
6193034908856899456 200.8168567 -25.6275888  0.157 -10.565  -9.648 18.602 0.757  4.2  1000.00 10000.00  0 16 
3744370905472721408 200.8264086  15.7252468 -0.121   3.454  -8.058 19.380 0.729  7.8  1000.00 10000.00  0 23 
6189578009940488832 200.8392889 -26.6323905  0.662 -11.623  -9.288 19.120 0.846  4.1  1000.00 10000.00  0 16 
6189403496828408064 200.8396001 -27.2334056  0.422  -9.345  -7.785 16.691 0.805  5.0  1000.00 10000.00  0 16 
6189390886804249472 200.8506263 -27.4779776 -0.052  -9.871  -8.940 18.427 0.742  4.3  1000.00 10000.00  0 16 
6189577808075923456 200.8529704 -26.6317576  0.044 -10.852  -8.658 17.714 0.648  4.1  1000.00 10000.00  0 16 
6195912536945969152 200.8542171 -22.6452554  0.187  -9.114  -8.869 19.139 0.827  3.9  1000.00 10000.00  0 16 
3939089398230332928 200.8585573  19.1721304  0.029  -1.020   4.125 18.591 0.647  6.0  1000.00 10000.00  0 22 
6192654172892062720 200.8613012 -25.8155422 -0.242 -10.951  -9.424 18.442 0.786  4.1  1000.00 10000.00  0 16 
6193036970441270016 200.8816016 -25.5731943  0.257  -8.766  -9.578 19.324 0.886  4.2  1000.00 10000.00  0 16 
6183065366346080768 200.8893183 -28.7167017 -0.060 -10.140  -7.815 18.580 0.827  4.2  1000.00 10000.00  0 16 
6189153121711206912 200.9135288 -27.9678501 -0.900  -8.172  -5.597 19.414 0.920  4.5  1000.00 10000.00  0 16 
6193099951842579200 200.9179166 -25.1785592  0.062 -14.080  -8.948 19.395 0.832  4.0  1000.00 10000.00  0 16 
6189625804335793920 200.9221059 -26.1360223  0.569 -10.247  -9.205 18.733 0.732  4.2  1000.00 10000.00  0 16 
6189513654150001280 200.9253753 -26.9779688  0.281 -12.064  -9.270 18.303 0.721  4.1  1000.00 10000.00  0 16 
1565976102966344192 200.9314384  57.9091341  0.005  -7.801  -3.804 18.424 0.609 10.6  1000.00 10000.00  0  8 
6193037073520630528 200.9316104 -25.5527048  0.382 -10.751  -9.604 18.262 0.656  4.1  1000.00 10000.00  0 16 
6189400919847997312 200.9463695 -27.2703712  0.509 -10.855 -10.428 19.117 0.930  4.0  1000.00 10000.00  0 16 
3745894141393964032 200.9686961  16.1130485 -0.189   3.754  -9.497 19.237 0.791  6.9  1000.00 10000.00  0 23 
6189515032834858880 200.9760842 -26.9557759  0.453  -9.207  -9.516 16.446 0.820  3.9  1000.00 10000.00  0 16 
6193139744714612480 200.9889978 -24.9095202  0.371 -11.437 -10.416 16.397 0.752  3.9  1000.00 10000.00  0 16 
6193142970235430016 200.9924041 -24.8623765  0.323 -10.885  -9.475 17.537 0.679  4.2  1000.00 10000.00  0 16 
6189499669736375424 200.9975581 -27.1158091  0.106  -7.671  -9.617 16.726 0.668  4.0  1000.00 10000.00  0 16 
6193093874463838336 201.0004644 -25.3409736  0.215 -10.289  -9.802 16.012 0.872  4.1  1000.00 10000.00  0 16 
6193138297310917248 201.0029330 -24.9602030  0.691 -10.225  -8.611 19.249 0.927  4.1  1000.00 10000.00  0 16 
6195848735206812800 201.0051116 -22.9712832  0.204 -11.375  -8.574 18.214 0.783  3.9  1000.00 10000.00  0 16 
6192638466196344064 201.0095503 -25.8936966  0.323 -10.611  -8.987 17.300 0.660  4.1  1000.00 10000.00  0 16 
6193439082459199360 201.0149073 -24.5179201  0.747  -8.643  -9.051 18.300 0.701  4.0  1000.00 10000.00  0 16 
6189199228184225408 201.0227496 -27.5507241 -0.111 -11.324  -9.468 18.869 0.931  4.0  1000.00 10000.00  0 16 
6189102814757844608 201.0295781 -28.1458039  0.333 -10.330 -10.266 17.413 0.650  3.6  1000.00 10000.00  0 16 
1449034726294800640 201.0557659  26.0462737  0.438  -2.457   5.559 18.807 0.653  5.4  1000.00 10000.00  0 22 
1442304443823114752 201.0664698  21.0879884  0.416  -1.313   4.695 19.059 0.762  5.3  1000.00 10000.00  0 22 
6193047347082783488 201.0729726 -25.3391573  0.283 -11.539  -9.988 18.433 0.785  3.9  1000.00 10000.00  0 16 
1469436512442740096 201.0738575  32.6328580  0.083  -1.069   5.401 18.800 0.722  4.9   -94.45     7.99  6 22 
6189105151220002816 201.0750247 -28.0656767  0.294 -12.745 -11.443 11.772 1.110  3.2    39.92     0.26  8 16 
6181892496675842816 201.0930862 -30.1069570  0.262  -8.450  -8.904 19.242 0.864  4.1  1000.00 10000.00  0 16 
6182177441987073152 201.1230811 -29.8818970  0.340  -5.116  -7.871 16.463 0.805  5.0  1000.00 10000.00  0 16 
1566081003246794624 201.1394823  58.2176335 -0.005  -8.030  -3.643 18.374 0.681 10.8  1000.00 10000.00  0  8 
3743484011906310144 201.1424450  14.7193946  0.327   4.148  -8.746 18.008 0.835  7.3  1000.00 10000.00  0 23 
1566866501225999744 201.1532348  58.6324407  0.313  -7.825  -3.644 18.546 0.699 10.8  1000.00 10000.00  0  8 
6193449802697767424 201.1776726 -24.2533058  0.337 -11.079  -9.553 18.669 0.844  4.0  1000.00 10000.00  0 16 
6190008812339129344 201.1941538 -25.9768127 -0.054  -8.485  -9.134 18.444 0.759  4.3  1000.00 10000.00  0 16 
6193555257030550016 201.1947180 -23.6082456 -0.032 -10.154 -10.049 18.916 0.979  3.9  1000.00 10000.00  0 16 
6189074811570931584 201.1966091 -28.4727016 -0.004  -9.556  -8.413 18.780 0.888  4.1  1000.00 10000.00  0 16 
6193448084710771200 201.2098723 -24.3273683  0.554 -12.559 -10.731 18.140 0.849  4.1  1000.00 10000.00  0 16 
6189548288766706432 201.2191614 -26.6859541  0.092  -8.068  -9.340 18.478 0.850  3.8  1000.00 10000.00  0 16 
6190005586819477760 201.2196399 -26.0261445  0.268  -8.846  -9.235 16.287 0.737  4.1  1000.00 10000.00  0 16 
6193022333192562176 201.2253261 -25.7193326  0.134 -10.050  -9.582 19.039 0.911  3.8  1000.00 10000.00  0 16 
1449972510929668608 201.2410889  28.6703588  0.215  -1.342   4.867 17.013 0.607  5.2  -102.28    34.50 12 22 
6189186622455871488 201.2504188 -27.7186756  0.135 -14.338  -8.413 18.569 0.862  4.1  1000.00 10000.00  0 16 
6190009362094972672 201.2529867 -25.9349312 -0.153  -7.879  -9.695 19.338 0.898  4.1  1000.00 10000.00  0 16 
1462102288847792256 201.2532865  29.7018088  0.349  -1.745   5.623 18.889 0.808  5.2  1000.00 10000.00  0 22 
6193243201886742144 201.2637914 -24.6513412  0.197  -9.962  -9.491 16.007 0.803  4.0  1000.00 10000.00  0 16 
6189555435592586624 201.2736525 -26.4763654  0.340 -12.197  -9.326 17.985 0.767  4.0  1000.00 10000.00  0 16 
6193488319964818688 201.2802080 -24.0542957 -0.237  -8.599  -9.623 18.509 0.805  4.0  1000.00 10000.00  0 16 
6182236811319160704 201.2884260 -29.2008715  0.158  -9.935  -7.424 18.455 0.769  4.2  1000.00 10000.00  0 16 
6193450180654877312 201.2930272 -24.2611529  0.223  -9.262  -9.531 16.086 0.850  4.1  1000.00 10000.00  0 16 
6190004311213362816 201.3007791 -26.0802109  0.556  -9.866  -9.856 19.226 0.880  4.1  1000.00 10000.00  0 16 
6195839423717709184 201.3270475 -23.0014757  0.191 -11.019 -10.002 10.880 1.346  3.9   197.68     0.23  8 16 
1462020989411016704 201.3294221  29.1126555  0.164  -1.514   5.315 18.302 0.609  5.3  1000.00 10000.00  0 22 
6188302404652614528 201.3388835 -28.8614987 -0.038 -11.738  -9.488 18.723 0.764  4.1  1000.00 10000.00  0 16 
6193476259696616448 201.3404320 -24.0770274  0.347 -12.863  -9.224 18.865 0.862  4.1  1000.00 10000.00  0 16 
6195078007619695232 201.3413360 -23.2492556  0.200 -11.113  -9.455 18.523 0.847  3.9  1000.00 10000.00  0 16 
3718081376294249728 201.3690315   5.8998462  1.313 -19.099 -20.659 19.336 1.169  4.0  1000.00 10000.00  0 14 
1449099769279987840 201.3901643  26.7510199  0.592  -1.529   5.054 18.401 0.650  5.2  -133.68     6.55  7 22 
6193068482617315200 201.3937450 -25.2530307  0.244 -11.021  -9.012 17.142 0.636  4.6  1000.00 10000.00  0 16 
6193496600661975040 201.4171653 -23.9168654  0.001 -10.513 -10.096 18.533 0.758  3.9  1000.00 10000.00  0 16 
6193082329591897984 201.4317506 -25.0069722  0.295 -10.985  -9.038 16.608 0.654  4.0  1000.00 10000.00  0 16 
1449522084824321664 201.4334494  28.1295300  0.896  -0.746   4.498 19.490 0.877  5.3  1000.00 10000.00  0 22 
6189531349415543808 201.4403577 -26.7836187  0.467  -9.206  -8.444 19.308 0.902  4.4  1000.00 10000.00  0 16 
6193471689853366528 201.4568632 -24.1708774  0.177 -11.243  -9.264 18.932 1.007  3.9  1000.00 10000.00  0 16 
6189990155001636224 201.4683662 -26.1257807  0.275 -10.457  -9.873 17.329 0.646  3.6  1000.00 10000.00  0 16 
1566110415182937344 201.4883722  58.4274843  0.070  -7.755  -3.809 19.296 0.672 10.8  1000.00 10000.00  0  8 
6190045375396668800 201.4902118 -25.5803011  0.134 -11.063  -9.591 17.075 0.771  4.1  1000.00 10000.00  0 16 
6190044031070820608 201.5097215 -25.6620820  0.395 -11.211  -8.938 17.948 0.660  4.2  1000.00 10000.00  0 16 
1684453295517336064 201.5358737  67.2884250  0.058  -7.755  -4.398 16.883 0.906 10.0  -206.32     6.73  6 18 
6193226636197916288 201.5458198 -24.7809954  0.323 -10.284 -10.241 18.264 0.726  4.3  1000.00 10000.00  0 16 
1566109624908951040 201.5507712  58.4185098 -0.028  -8.012  -3.560 18.182 0.698 10.8  1000.00 10000.00  0  8 
6193253917830432000 201.5521132 -24.4286480  0.375  -9.687  -9.280 18.327 0.644  3.9  1000.00 10000.00  0 16 
6193252955757737856 201.5552903 -24.4676400  0.299  -9.744  -9.509 18.346 0.701  3.9  1000.00 10000.00  0 16 
6193061060913823360 201.5564025 -25.3068171  0.133 -13.238  -8.615 16.800 0.796  4.0  1000.00 10000.00  0 16 
3745111941950115328 201.5729382  15.8210247  0.200   3.209  -8.118 17.598 0.862  7.3  1000.00 10000.00  0 23 
6193177437347538816 201.6144922 -24.9296478  0.216 -10.628  -9.873 17.240 0.616  3.9  1000.00 10000.00  0 16 
6190002077830955136 201.6169074 -25.9094073  0.315 -11.321  -8.611 16.856 0.717  4.0  1000.00 10000.00  0 16 
6189344363720096768 201.6353748 -26.7938495  0.562 -11.512  -9.774 18.249 0.731  4.1  1000.00 10000.00  0 16 
6193277351171165056 201.6507448 -24.3642001  0.268 -11.967  -9.375 17.752 0.710  4.2  1000.00 10000.00  0 16 
6189922191438998016 201.6511647 -26.4294660  0.589 -10.478  -9.017 18.486 0.782  4.0  1000.00 10000.00  0 16 
6188314945957716352 201.6543485 -28.4946097  0.548  -6.110  -7.117 18.948 0.784  4.8  1000.00 10000.00  0 16 
6189298459108370944 201.6562885 -27.2337075  0.096 -10.615  -9.518 17.846 0.668  4.1  1000.00 10000.00  0 16 
6188233169779611776 201.6582887 -29.1373437  0.278 -14.173  -7.691 19.483 0.925  3.8  1000.00 10000.00  0 16 
6193235741527832832 201.6719657 -24.6344980  0.246 -11.654  -9.539 18.585 0.829  4.0  1000.00 10000.00  0 16 
1725389277355324160 201.6975883  83.3110505 -0.091 -18.103  -0.450 18.788 0.859  3.8  1000.00 10000.00  0 17 
3716194820499437824 201.7078130   4.4983089  0.027 -17.849 -21.116 18.900 0.853  4.1  1000.00 10000.00  0 14 
6193174718633170688 201.7105328 -24.9159120  0.085 -10.223 -10.216 18.652 0.765  3.9  1000.00 10000.00  0 16 
6194988844098874368 201.7187137 -23.7815882  0.186 -11.028 -10.132 17.606 0.706  3.8  1000.00 10000.00  0 16 
3745138192790264448 201.7289154  15.9510207  0.013   3.185  -8.129 18.876 0.648  7.4  1000.00 10000.00  0 23 
1443127570010678400 201.7463782  22.8452941  0.083  -1.545   4.813 19.385 0.807  6.0  1000.00 10000.00  0 22 
6193059274207429248 201.7508215 -25.2947425  0.301 -11.045  -9.789 16.800 0.642  4.2  1000.00 10000.00  0 16 
6188235162644461952 201.7533358 -29.0656748  0.349  -9.544  -8.188 18.387 0.809  4.2  1000.00 10000.00  0 16 
6193265840658791680 201.7915083 -24.3936857  0.294 -10.677  -9.995 18.828 0.872  4.1  1000.00 10000.00  0 16 
6193153694768298112 201.7974554 -25.2156979  0.325  -9.801  -9.588 16.230 0.815  3.8  1000.00 10000.00  0 16 
6190049051888680320 201.8098618 -25.5374696  0.385 -11.048  -9.595 18.318 0.726  4.1  1000.00 10000.00  0 16 
6193187947131735168 201.8198864 -24.6777801  0.100 -12.985  -8.625 19.205 0.909  3.9  1000.00 10000.00  0 16 
6188261379125244800 201.8257987 -28.6919670  0.424 -12.897  -9.397 17.756 0.665  3.9  1000.00 10000.00  0 16 
6189319006231969536 201.8261139 -27.1823858  0.203 -11.925  -9.399 17.946 0.690  4.1  1000.00 10000.00  0 16 
6193273915197397888 201.8564238 -24.2526808  0.365 -10.434  -9.542 18.297 0.785  4.0  1000.00 10000.00  0 16 
3716309272788254976 201.8792607   5.2556830  0.061 -16.338 -20.954 17.796 0.735  4.1  1000.00 10000.00  0 14 
6190149378028621312 201.8837902 -25.3439988  0.197 -10.523  -9.930 17.524 0.673  3.7  1000.00 10000.00  0 16 
6188361709562052992 201.8895204 -28.1660384  0.186  -9.915 -10.119 17.598 0.632  3.5  1000.00 10000.00  0 16 
6189975483393608832 201.8970067 -25.8898074  0.293 -10.174  -9.766 17.344 0.669  4.1  1000.00 10000.00  0 16 
1566068363158661120 201.8998658  58.1798383 -0.021  -7.718  -3.612 17.251 0.874 10.8  1000.00 10000.00  0  8 
1450011779815753216 201.8998173  29.0769780  0.057  -1.925   5.415 19.116 0.828  5.2  1000.00 10000.00  0 22 
6194797013679606272 201.9201702 -23.9105001  0.065 -12.924  -9.965 16.986 0.645  3.6  1000.00 10000.00  0 16 
6189730811991858176 201.9249907 -26.5127246  0.198 -10.890  -9.447 12.796 1.106  4.0   225.48     0.62  8 16 
6193214060532980992 201.9329951 -24.5373753  0.490 -12.575  -9.384 16.503 0.755  3.9  1000.00 10000.00  0 16 
6194993104706467712 201.9338544 -23.7006373  0.573 -12.127  -9.334 18.953 0.868  4.0  1000.00 10000.00  0 16 
6193164101473121536 201.9656397 -24.9774946  0.252 -12.034  -9.764 18.493 0.856  3.9  1000.00 10000.00  0 16 
6195037188251022080 201.9709683 -23.3912899  0.426 -11.774  -9.801 17.840 0.712  3.9  1000.00 10000.00  0 16 
6193206432670942848 201.9713411 -24.7262723  0.681 -10.228  -9.749 19.056 0.951  4.0  1000.00 10000.00  0 16 
6193208013218955264 201.9793641 -24.6546838  0.887 -11.039 -10.676 18.421 0.874  3.9  1000.00 10000.00  0 16 
1443176738796683392 201.9803449  23.2661566  0.291  -0.793   4.317 17.765 0.585  5.7  1000.00 10000.00  0 22 
1462243159479875072 201.9808375  30.4113325  0.159  -1.717   5.572 17.963 0.602  5.4  1000.00 10000.00  0 22 
6190153402414046080 201.9899494 -25.1444130  0.437 -13.502 -10.670 17.827 0.794  3.3  1000.00 10000.00  0 16 
6194791103804578304 201.9910546 -24.0089775 -0.052 -11.469 -10.031 18.693 0.835  3.9  1000.00 10000.00  0 16 
1566020289589017088 202.0208943  58.0720077  0.304  -7.561  -3.615 19.414 0.599 10.3  1000.00 10000.00  0  8 
3745260449035620992 202.0244796  16.3980585 -0.006   3.353  -8.338 19.162 0.737  7.1   -53.11     7.92  7 23 
3745142423334712576 202.0259890  16.0273303  0.065   4.078  -9.236 19.272 0.734  7.1  1000.00 10000.00  0 23 
6193194750359881856 202.0304464 -24.7467946  0.442 -11.673  -9.040 18.289 0.830  3.8  1000.00 10000.00  0 16 
6188456817317536768 202.0326602 -28.0381704  0.410 -10.812  -9.758 19.331 0.837  4.1  1000.00 10000.00  0 16 
1468249589640502272 202.0331496  30.5310909  0.057  -1.492   5.393 17.788 0.599  5.2  1000.00 10000.00  0 22 
1566017437730686976 202.0461641  57.9430491  0.032  -7.630  -3.642 18.064 0.805 10.9  1000.00 10000.00  0  8 
6189738057601382784 202.0565981 -26.3642456  0.026 -13.227 -11.328 18.915 0.971  3.4  1000.00 10000.00  0 16 
6194799487580800512 202.0632851 -23.8867920 -0.055 -11.810  -9.815 18.414 0.806  4.0  1000.00 10000.00  0 16 
6196023072223785728 202.0900683 -22.0635315  0.335 -12.581 -10.505 18.207 0.641  3.7  1000.00 10000.00  0 16 
1448255791026756608 202.1109097  26.1396542  0.170  -0.721   4.375 18.207 0.639  5.6  1000.00 10000.00  0 22 
6195050932146964096 202.1442149 -23.1486979  0.443 -11.786 -10.267 19.042 0.779  4.2  1000.00 10000.00  0 16 
1725428413097203200 202.1714566  83.6984422  0.153 -16.967  -0.808 18.571 0.811  3.8  1000.00 10000.00  0 17 
6189952432303616640 202.1815632 -26.1816854  0.054  -8.911  -7.811 18.212 0.780  4.2  1000.00 10000.00  0 16 
6195021314051498624 202.1817463 -23.4969826  0.045 -12.528  -9.764 18.744 0.866  3.9  1000.00 10000.00  0 16 
6193215503642361088 202.2045791 -24.5440615  0.735 -14.128 -10.335 18.705 0.773  4.2  1000.00 10000.00  0 16 
6193189085298189696 202.2269476 -24.8701745  0.406 -12.173  -9.340 18.051 0.752  3.9  1000.00 10000.00  0 16 
6189720156177784192 202.2394144 -26.5676934 -0.104 -12.248  -9.546 18.743 0.841  3.9  1000.00 10000.00  0 16 
3745073974439580672 202.2746378  15.7336432  0.028   3.102  -8.187 17.970 0.651  6.9  1000.00 10000.00  0 23 
6189968096050252160 202.2906481 -25.8541651  0.104 -12.197  -9.583 18.463 0.781  4.0  1000.00 10000.00  0 16 
6195033722213028096 202.2943645 -23.2673123  0.128 -11.831 -10.142 17.944 0.760  3.9  1000.00 10000.00  0 16 
6189961739498613120 202.2949856 -26.0069441  0.289 -12.241  -9.211 18.338 0.841  3.8  1000.00 10000.00  0 16 
6194789007860867072 202.3141703 -23.8562354  0.202 -11.445 -10.246 17.760 0.647  4.1  1000.00 10000.00  0 16 
6195209330540724864 202.3188922 -22.6467257  0.273 -11.484 -11.097 18.383 0.879  3.8  1000.00 10000.00  0 16 
6190137798797671168 202.3407691 -25.3409474  0.170 -12.252  -9.208 17.734 0.707  4.1  1000.00 10000.00  0 16 
6188032474548655488 202.3440004 -29.2442789 -0.129  -9.399  -8.915 19.253 0.958  3.7  1000.00 10000.00  0 16 
6190081277028328960 202.3472725 -25.5901871  0.089 -11.162  -9.700 18.313 0.747  3.9  1000.00 10000.00  0 16 
6188278112319037056 202.3559201 -28.5859257  0.259 -12.896  -9.844 17.065 0.624  3.8  1000.00 10000.00  0 16 
6189717647916873600 202.3830882 -26.5948464  0.263 -10.572  -8.889 17.794 0.685  4.0  1000.00 10000.00  0 16 
1566054786767303680 202.4131595  58.4193302 -0.156  -7.861  -3.471 19.066 0.612 10.9  1000.00 10000.00  0  8 
6194841303382911488 202.4294405 -23.3923048  0.462 -12.106 -10.195 18.184 0.781  3.9  1000.00 10000.00  0 16 
6194706510128390144 202.4306302 -24.4661701  0.303 -10.714  -9.509 16.817 0.615  3.9  1000.00 10000.00  0 16 
6194784545390297600 202.4324015 -23.9195318  0.406 -11.122 -10.823 16.503 0.778  3.9  1000.00 10000.00  0 16 
6190077669255791104 202.4334160 -25.6051592  0.359 -14.473  -9.528 18.643 0.847  3.4  1000.00 10000.00  0 16 
1566047914818749952 202.4507817  58.2062808  0.315  -7.888  -3.407 18.678 0.627 10.8  1000.00 10000.00  0  8 
6190139379345717504 202.4555118 -25.2520911  0.124 -12.365 -10.326 18.324 0.780  3.8  1000.00 10000.00  0 16 
6188388480093155072 202.4639180 -28.3139784  0.845 -13.091  -8.115 15.396 0.885  3.8    -7.33     0.62  8 16 
6188507777104970112 202.4682455 -27.3857259  0.410 -11.579  -9.890 18.535 0.854  3.8  1000.00 10000.00  0 16 
6194706681927050496 202.4703781 -24.4394234  0.165 -11.339 -10.296 12.747 1.073  4.0   191.87     0.27  8 16 
6190169375397005824 202.4706687 -25.0839635  0.205 -12.237  -9.428 13.425 1.018  4.0   202.72     0.28  8 16 
6190164461954053888 202.4846340 -25.1615036 -0.295 -12.024  -9.642 18.643 0.943  3.7  1000.00 10000.00  0 16 
6188051926456024576 202.4907465 -29.2474989  0.457 -11.001  -8.891 16.670 0.628  4.2  1000.00 10000.00  0 16 
1662129459966314240 202.4947517  58.5239530  0.326  -7.571  -3.692 18.468 0.610 11.1  1000.00 10000.00  0  8 
6190195591876917632 202.4963288 -24.7556636  0.363 -12.407  -9.599 17.510 0.622  3.9  1000.00 10000.00  0 16 
6190056954628607488 202.5052307 -25.9373090  0.324 -12.110  -8.830 14.989 0.949  4.1    28.20     0.41  8 16 
1662134618222683136 202.5457007  58.6285223  0.174  -7.851  -3.540 18.631 0.580 10.8  1000.00 10000.00  0  8 
6194714825185131392 202.5519088 -24.3363300  0.304 -12.215  -9.466 17.986 0.665  4.0  1000.00 10000.00  0 16 
6194731420939135360 202.5532970 -24.1052852  0.805 -11.559  -9.912 18.986 1.003  4.0  1000.00 10000.00  0 16 
6194759772018927744 202.5584987 -23.9638100  0.275 -12.211  -9.527 17.089 0.604  4.0  1000.00 10000.00  0 16 
6194810379618188928 202.5638804 -23.7933156  0.237 -11.108 -10.002 16.940 0.634  3.9  1000.00 10000.00  0 16 
1468622873839002752 202.5650414  31.8338742  0.195  -1.544   5.579 18.041 0.589  5.2  1000.00 10000.00  0 22 
1448449992267513472 202.5780142  26.9763926  0.139  -0.093   4.615 18.735 0.689  5.6  1000.00 10000.00  0 22 
1448015444656451840 202.5917372  25.4132772  0.537  -3.539   4.607 19.474 0.714  5.5  1000.00 10000.00  0 22 
6195153736483928960 202.5941552 -22.8240496  0.436 -11.167 -10.392 17.578 0.653  3.7  1000.00 10000.00  0 16 
3744851739947353856 202.6015588  15.2521735  0.323   2.549  -8.279 18.011 0.656  7.6  1000.00 10000.00  0 23 
3744756426033142784 202.6106651  14.7462544  0.107   2.021 -10.001 19.164 0.737  6.9  1000.00 10000.00  0 23 
6195239429670805888 202.6238256 -22.4118936  0.395 -11.449 -10.535 17.877 0.733  3.7  1000.00 10000.00  0 16 
6190086293549766016 202.6432176 -25.4437760  0.092 -11.690 -10.056 18.599 0.816  3.6  1000.00 10000.00  0 16 
1662130185816409728 202.7052985  58.5358232  0.143  -7.774  -3.581 16.551 0.915 11.0  -264.83     1.75  8  8 
6196402541174082304 202.7102836 -21.7011210  0.452 -11.579 -10.041 19.064 0.951  3.7  1000.00 10000.00  0 16 
1566031490863737984 202.7120798  58.0873076  0.221  -7.943  -3.576 18.596 0.569 10.8  1000.00 10000.00  0  8 
6194761210832474240 202.7129219 -23.9170860  0.206 -11.428 -10.236 16.537 0.805  4.1  1000.00 10000.00  0 16 
6190172261614758016 202.7152012 -25.0250432 -0.261 -12.042  -9.027 18.578 0.735  3.9  1000.00 10000.00  0 16 
6195637555959017088 202.7739170 -21.9949598  0.155 -12.634 -10.047 17.912 0.695  3.7  1000.00 10000.00  0 16 
6194756503548240640 202.7853537 -23.9995147  0.218 -12.499 -10.889 18.444 0.898  3.8  1000.00 10000.00  0 16 
3741751735632283776 202.8034505  14.7137437  0.312   3.982  -9.125 19.068 0.664 10.3  1000.00 10000.00  0 23 
6194818492811838848 202.8048511 -23.6552517  0.370 -12.482  -9.837 16.842 0.625  3.9  1000.00 10000.00  0 16 
6188895419377802496 202.8487648 -27.0014072  0.174 -11.757  -9.882 19.095 0.824  3.9  1000.00 10000.00  0 16 
6194914042948171520 202.8500058 -23.5590572 -0.001 -12.612  -9.935 19.141 0.917  3.9  1000.00 10000.00  0 16 
6188868962378717568 202.8574744 -27.3400671  0.363 -11.934 -10.214 16.356 0.661  3.8  1000.00 10000.00  0 16 
1442909106498677376 202.8588608  22.8730772  0.345  -2.164   5.200 18.351 0.675  5.6  1000.00 10000.00  0 22 
6194914283466356096 202.8783466 -23.5135298 -0.167 -12.625 -11.457 17.876 0.750  3.9  1000.00 10000.00  0 16 
6188813402681465344 202.8913626 -27.6539322  0.276 -10.849  -9.244 17.936 0.678  4.1  1000.00 10000.00  0 16 
1662165194094525824 202.8959652  58.9048932  0.045  -7.243  -3.076 18.382 0.676 10.6  1000.00 10000.00  0  8 
1662117090460483200 202.9134600  58.4427530  0.077  -7.681  -3.430 17.851 0.805 11.1  1000.00 10000.00  0  8 
6194941358940331008 202.9204881 -23.1799738 -0.110 -10.764 -10.200 18.632 0.902  3.9  1000.00 10000.00  0 16 
6191629183241351936 202.9285080 -24.8879589  0.669 -12.453  -9.166 19.429 1.004  3.6  1000.00 10000.00  0 16 
6194969671364784896 202.9369704 -23.0427702  0.059 -12.104 -10.494 18.712 0.918  3.6  1000.00 10000.00  0 16 
6194751830623922816 202.9407942 -23.8930205  0.500 -11.465  -9.952 19.046 0.915  3.9  1000.00 10000.00  0 16 
6191628839643946880 202.9534566 -24.9215392  0.181 -12.531 -10.617 18.679 0.757  4.0  1000.00 10000.00  0 16 
6191704774665993088 202.9907066 -24.4609391 -0.126 -11.983 -10.161 19.484 1.032  3.7  1000.00 10000.00  0 16 
6189855945863823744 202.9924313 -26.0199109  0.423 -13.514 -10.349 18.144 0.717  3.8  1000.00 10000.00  0 16 
3744794148730246528 203.0141793  15.1513619 -0.146   0.618  -8.528 19.440 0.727  7.4  1000.00 10000.00  0 23 
6195176246407628032 203.0268669 -22.5239948  0.259 -12.890 -10.304 17.163 0.687  3.3  1000.00 10000.00  0 16 
6191692508239373440 203.0294423 -24.5228586  0.143 -11.422  -9.995 17.197 0.624  3.9  1000.00 10000.00  0 16 
6191691035066037888 203.0325012 -24.5838551  0.434 -11.729 -10.628 19.270 0.882  3.7  1000.00 10000.00  0 16 
6194979807488279552 203.0375938 -22.8264298 -0.019 -11.567 -10.043 18.320 0.804  4.0  1000.00 10000.00  0 16 
6194745886389027840 203.0593803 -24.0650179  0.003 -13.087 -10.185 17.828 0.680  3.9  1000.00 10000.00  0 16 
6189899483947609728 203.0607446 -25.6872053  0.272 -12.383  -9.297 16.446 0.674  4.0  1000.00 10000.00  0 16 
6188815051948973952 203.0688950 -27.5623051 -0.082 -13.621  -9.836 18.964 0.890  3.2  1000.00 10000.00  0 16 
6194848557582791936 203.0965931 -23.7427197  0.135 -12.026 -10.819 16.678 0.698  4.0  1000.00 10000.00  0 16 
6191743257573236224 203.1205751 -24.0900210 -0.013 -11.138 -10.325 18.184 0.765  3.9  1000.00 10000.00  0 16 
6188795604336945920 203.1235501 -27.7803941  0.159 -14.074 -10.066 18.400 0.799  3.7  1000.00 10000.00  0 16 
6191742295500557184 203.1240444 -24.1305544 -0.497 -12.742 -10.446 18.911 0.849  3.8  1000.00 10000.00  0 16 
6188926686739944704 203.1250817 -26.8459988  0.150 -11.368  -8.395 17.028 0.750  3.8  1000.00 10000.00  0 16 
6188901157453915264 203.1284842 -27.1060832  0.249 -12.748  -9.982 18.507 0.802  4.0  1000.00 10000.00  0 16 
6189858729002713856 203.1366734 -25.8954563  0.180 -11.084 -10.907 18.470 0.885  3.9  1000.00 10000.00  0 16 
6191606162217123328 203.1643450 -25.2296606  0.165 -10.452  -9.729 17.791 0.688  3.6  1000.00 10000.00  0 16 
3744911762114600448 203.1691119  15.5056350  0.472   3.477  -7.265 18.020 0.916  7.6  1000.00 10000.00  0 23 
6189882956913437440 203.1837601 -25.8300895  0.190 -12.462  -9.101 16.924 0.615  3.9  1000.00 10000.00  0 16 
1449819025979309952 203.1906376  28.6415388  0.146  -0.601   4.821 19.237 0.817  5.5  1000.00 10000.00  0 22 
3718673192723361024 203.1919941   7.2685104  0.137 -16.155 -20.796 18.061 0.655  4.8  1000.00 10000.00  0 14 
6191719106972080640 203.2239656 -24.3345997  0.204 -12.499 -10.681 18.985 0.874  4.0  1000.00 10000.00  0 16 
1448864718605766912 203.2331074  27.5360929  0.143  -0.799   4.909 18.309 0.621  5.4  1000.00 10000.00  0 22 
6191738034892079744 203.2393391 -24.1958678 -0.456 -11.832  -9.971 19.410 0.972  4.1  1000.00 10000.00  0 16 
6189779254927042176 203.2409689 -26.4177586  0.446 -11.817  -9.738 19.163 0.926  3.3  1000.00 10000.00  0 16 
6188848827572145792 203.2671067 -27.2656962  0.279 -12.976  -9.911 17.485 0.733  3.7  1000.00 10000.00  0 16 
6194869100410855680 203.2677285 -23.5785929  0.396 -11.561 -10.865 17.974 0.719  4.0  1000.00 10000.00  0 16 
6194961253229496576 203.2818081 -23.0066430  0.329 -12.884  -9.978 17.988 0.774  3.8  1000.00 10000.00  0 16 
6191724290996699648 203.2820029 -24.3195901  0.170 -13.376  -9.989 17.501 0.699  3.7  1000.00 10000.00  0 16 
1469130775193743744 203.2875949  33.0664921  0.060  -0.668   5.314 18.903 0.632  5.4  1000.00 10000.00  0 22 
6194950670430004352 203.2999082 -23.1621267  0.894 -11.320 -10.797 18.805 0.905  3.7  1000.00 10000.00  0 16 
1470057221116127872 203.3106131  34.1229763  0.193  -1.412   5.658 17.755 0.567  5.6  1000.00 10000.00  0 22 
6195775823842032896 203.3256087 -21.4698695  0.348 -13.030 -10.965 16.693 0.652  3.6  1000.00 10000.00  0 16 
3718580142256312064 203.3295733   6.9032436  0.109 -17.005 -20.495 19.319 0.996  4.2  1000.00 10000.00  0 14 
6191835380326556160 203.3325486 -24.0240088  0.418 -14.354  -9.829 15.939 0.768  3.5  1000.00 10000.00  0 16 
3744894650964866944 203.3567688  15.3771138  0.138   0.857  -9.822 19.038 0.771  6.8  1000.00 10000.00  0 23 
6188600376599624448 203.3926844 -27.9657474  0.199 -13.820  -9.831 17.039 0.644  3.7  1000.00 10000.00  0 16 
6194858242733535616 203.3984981 -23.5678463  0.360 -13.122 -10.431 18.680 0.887  4.0  1000.00 10000.00  0 16 
6189889966300074752 203.4002299 -25.7502703  0.491 -13.782  -9.785 18.007 0.808  3.9  1000.00 10000.00  0 16 
1661932617320929152 203.4154722  58.4785588 -0.035  -8.153  -3.567 18.174 0.715 10.6  1000.00 10000.00  0  8 
1448109212382282496 203.4214606  26.0695157  0.135  -1.235   5.083 18.395 0.627  6.4  1000.00 10000.00  0 22 
6191719996029379584 203.4364411 -24.4009990  0.477 -13.491 -10.485 18.480 0.802  3.9  1000.00 10000.00  0 16 
3718633846527684224 203.4481894   7.3668768  0.085 -16.184 -20.858 17.212 0.659  5.2   -20.40     1.57 13 14 
6194895523049754624 203.4595718 -23.3948149  0.784 -12.313 -10.311 19.388 1.014  3.9  1000.00 10000.00  0 16 
6191721782735796224 203.4995941 -24.3288434  0.358 -15.076  -9.791 16.610 0.769  3.8  1000.00 10000.00  0 16 
6189816122926534400 203.5128323 -26.0745047  0.324 -13.247 -10.366 18.784 0.819  3.7  1000.00 10000.00  0 16 
6195336117974372096 203.5144559 -22.8985948 -0.374 -12.644  -8.077 19.380 0.932  3.8  1000.00 10000.00  0 16 
1661906637063137920 203.5151180  58.0679973  0.012  -7.249  -3.385 18.446 0.678 11.0  1000.00 10000.00  0  8 
6188802068263900032 203.5262189 -27.6167036  0.186 -13.019 -10.110 16.241 0.691  3.7  1000.00 10000.00  0 16 
6188826635476843520 203.5288678 -27.5502255  0.308 -13.694  -9.228 16.274 0.641  3.7  1000.00 10000.00  0 16 
6195589624125020544 203.5494601 -22.0436470 -0.471 -11.413 -11.241 18.942 0.831  4.0  1000.00 10000.00  0 16 
6195349178970721280 203.5693499 -22.6800671 -0.374 -13.945 -11.305 19.039 0.794  3.6  1000.00 10000.00  0 16 
1475564090743384448 203.5804027  37.6993760  0.275  -1.529   6.288 18.927 0.804  5.1  1000.00 10000.00  0 22 
6191846233708596608 203.5809745 -23.7989011  0.242 -12.790 -11.033 17.393 0.686  3.8  1000.00 10000.00  0 16 
6191422818652104064 203.6171797 -25.1686301  0.267 -12.769 -10.622 18.041 0.744  3.9  1000.00 10000.00  0 16 
6195363502686510976 203.6323633 -22.5522442 -0.045 -13.718 -10.844 19.246 1.023  3.7  1000.00 10000.00  0 16 
6191653853532897280 203.6472565 -24.6518295  0.212 -14.618  -9.411 17.911 0.677  3.7  1000.00 10000.00  0 16 
6195770218909170816 203.6547253 -21.4280239  0.127 -11.766 -10.877 18.626 0.802  3.6  1000.00 10000.00  0 16 
6195337737177820928 203.6601989 -22.8271604  0.516 -13.390 -10.320 19.172 0.913  3.7  1000.00 10000.00  0 16 
6189824850299749888 203.6925345 -25.9230162  0.141 -12.787 -10.611 18.750 0.829  3.8  1000.00 10000.00  0 16 
6191825239908147712 203.7051874 -24.1081719  0.125 -12.092 -10.018 19.063 0.902  4.0  1000.00 10000.00  0 16 
1469238153673187328 203.7059006  33.3764707  0.141  -1.506   5.809 17.005 0.582  5.2  1000.00 10000.00  0 22 
6191877432351491584 203.7572801 -23.5098054  0.424  -8.157 -12.360 18.784 0.903  3.3  1000.00 10000.00  0 16 
6188134007574718848 203.7760667 -28.6403387  0.018 -12.840  -9.964 18.624 0.899  3.6  1000.00 10000.00  0 16 
6191882483233031168 203.7874844 -23.5162050  0.266 -13.415  -9.773 18.310 0.793  3.7  1000.00 10000.00  0 16 
6191450894854213632 203.8123101 -24.9160163  0.255 -13.187 -10.776 16.116 0.831  3.6  1000.00 10000.00  0 16 
6188950841635445760 203.8193977 -27.0215464  0.229 -13.211 -10.251 19.037 0.912  3.7  1000.00 10000.00  0 16 
6195592716501479936 203.8346032 -22.0350614  0.401 -12.141 -10.432 18.052 0.749  3.9  1000.00 10000.00  0 16 
6191751022872922496 203.8479887 -24.4722208  0.523 -13.608 -11.107 18.706 0.878  3.9  1000.00 10000.00  0 16 
6191745907568151296 203.9042161 -24.5866238  0.372 -13.511  -9.719 18.394 0.792  3.5  1000.00 10000.00  0 16 
3741901539796261376 203.9277842  15.3617703  0.272   3.215  -8.107 19.428 0.789  7.2  1000.00 10000.00  0 23 
6190572896163994112 203.9287468 -25.9489573  0.195 -11.966 -10.432 17.077 0.641  4.0  1000.00 10000.00  0 16 
6195278638427953152 203.9435463 -23.0070970  0.483 -13.547  -9.920 17.759 0.720  3.5  1000.00 10000.00  0 16 
6195267952549313664 203.9603951 -23.1447926 -0.747 -14.599  -7.815 19.416 0.855  4.0  1000.00 10000.00  0 16 
6191443640653672448 203.9654863 -24.9560648  0.314 -14.278 -10.611 16.260 0.619  3.6  1000.00 10000.00  0 16 
6195716789515966464 203.9911727 -21.5183887  0.252 -12.249 -10.504 18.235 0.866  3.6  1000.00 10000.00  0 16 
6191431374227857408 203.9986995 -25.1837136  0.062 -13.215 -10.587 18.954 0.856  3.7  1000.00 10000.00  0 16 
6191560395044665344 204.0371406 -24.5309666 -0.108 -14.918 -11.630 19.349 0.962  3.9  1000.00 10000.00  0 16 
6191760059484212096 204.0378061 -24.2706543  0.355 -14.747 -10.514 18.420 0.875  3.1  1000.00 10000.00  0 16 
1448703983749450240 204.0383726  27.2717701 -0.150  -1.329   4.942 19.139 0.781  5.7  1000.00 10000.00  0 22 
6191861695590925312 204.0446689 -23.7077016  0.135 -12.646 -10.269 19.010 0.935  3.4  1000.00 10000.00  0 16 
1661853413828275968 204.0554250  57.8777452  0.032  -8.406  -3.423 17.921 0.686  9.0  1000.00 10000.00  0  8 
6191762430306190208 204.0611913 -24.2297289  0.343 -12.941 -10.165 19.266 0.981  3.8  1000.00 10000.00  0 16 
1475559142941097472 204.1429406  38.1267634  0.182  -1.014   5.816 16.466 0.765  5.1   -91.34     1.93  8 22 
6191377154560571008 204.1461568 -25.3615403  0.418 -13.393  -9.074 18.761 0.815  4.3  1000.00 10000.00  0 16 
1468796592378214784 204.1465863  32.1926295  0.725  -1.386   5.333 19.429 0.841  5.1  1000.00 10000.00  0 22 
6190582482531236480 204.1712829 -25.7027591  0.335 -13.963 -10.923 18.350 0.878  3.5  1000.00 10000.00  0 16 
6292711242847959296 204.1793945 -20.0792140  0.200 -13.444 -11.125 17.331 0.630  3.6  1000.00 10000.00  0 16 
6190554479344074880 204.2104079 -26.1390213  0.171 -13.206 -10.023 17.619 0.678  3.7  1000.00 10000.00  0 16 
1448526167807118080 204.2157625  26.6119737  0.074  -0.419   5.147 19.180 0.707  6.1  1000.00 10000.00  0 22 
1456251169001507584 204.2347933  30.5236114  0.060  -0.838   4.881 18.022 0.596  5.4  1000.00 10000.00  0 22 
1455844345403174016 204.2349162  29.3250741  0.289  -0.994   5.060 18.330 0.616  5.4  1000.00 10000.00  0 22 
6195749981023842176 204.2528510 -21.2599037 -0.300 -11.173 -11.071 18.897 0.776  3.5  1000.00 10000.00  0 16 
6191391761744606720 204.2599317 -25.1089341  0.162 -13.842  -9.931 17.612 0.687  3.6  1000.00 10000.00  0 16 
6190584269237662720 204.2636301 -25.6675607  0.491 -15.975 -11.240 19.063 0.921  3.8  1000.00 10000.00  0 16 
6188996265209200000 204.2685807 -26.4382464  0.654 -13.542  -9.848 19.243 0.878  3.7  1000.00 10000.00  0 16 
1455852248142764288 204.2691164  29.4650795  0.299  -0.936   5.117 18.379 0.677  5.4  1000.00 10000.00  0 22 
1448955905054941440 204.2814964  28.0960592  0.321  -0.392   5.471 18.809 0.595  5.8  1000.00 10000.00  0 22 
1661944845092383744 204.2830332  58.4709397 -0.073  -7.371  -3.127 19.278 0.671 11.0  -259.46    12.46  7  8 
6291907151954805504 204.2865367 -20.6940480 -0.011 -12.275 -11.131 18.495 0.851  3.8  1000.00 10000.00  0 16 
6195329589624797440 204.2938489 -22.4857383  0.353 -12.209 -10.786 16.908 0.679  3.7  1000.00 10000.00  0 16 
6191366335537359744 204.3085125 -25.3565478  0.632 -12.931 -10.528 18.447 0.857  3.8  1000.00 10000.00  0 16 
6176483071265753728 204.3258467 -28.7334627 -0.363 -14.516  -9.263 19.299 1.033  3.6  1000.00 10000.00  0 16 
6192190483926726272 204.3305883 -23.6613166  0.171 -13.352 -10.249 18.337 0.738  4.0  1000.00 10000.00  0 16 
6191387604216231680 204.3680010 -25.1505632  0.349 -12.841 -10.045 16.859 0.613  3.8  1000.00 10000.00  0 16 
6191544967522779264 204.3682654 -24.7041675  0.188 -12.643 -10.075 16.350 0.802  4.0  1000.00 10000.00  0 16 
6191795175137240576 204.3904823 -23.9492234  1.043 -15.366 -11.097 18.924 0.852  3.1  1000.00 10000.00  0 16 
6190504863881851392 204.3914781 -26.1754124  0.428 -13.533 -10.677 18.070 0.726  3.6  1000.00 10000.00  0 16 
6195751011815733760 204.4176273 -21.2137558  0.117 -13.413  -9.896 18.279 0.871  3.5  1000.00 10000.00  0 16 
1661891278260173312 204.4177920  58.2632710  0.064  -7.738  -3.363 17.605 0.836 11.0  1000.00 10000.00  0  8 
6192192408072102144 204.4486024 -23.6013146  0.665 -12.361 -10.517 18.767 0.928  3.8  1000.00 10000.00  0 16 
6190603137029587328 204.4565086 -25.7027018  0.599 -14.056 -10.984 17.779 0.768  3.2  1000.00 10000.00  0 16 
6195311997438271104 204.4599076 -22.6457510  0.377 -12.573  -9.124 17.927 0.694  3.8  1000.00 10000.00  0 16 
6191588093289600384 204.4614645 -24.3981219 -0.235 -12.888 -11.913 18.951 0.868  3.8  1000.00 10000.00  0 16 
6190560904615270528 204.5005024 -25.9825135  0.118  -9.325 -11.654 19.491 1.075  3.9  1000.00 10000.00  0 16 
6191496868184187520 204.5228358 -24.7502110  0.261 -12.268  -8.939 17.936 0.668  4.2  1000.00 10000.00  0 16 
6176487705536226176 204.5407268 -28.6239267  0.370 -13.559  -9.533 17.292 0.696  3.7  1000.00 10000.00  0 16 
6190485347551382912 204.5415806 -26.4122645  0.114 -13.117  -9.776 18.669 0.893  3.6  1000.00 10000.00  0 16 
6192174197410683520 204.5416608 -23.7815221  0.387  -8.856  -8.801 19.415 0.979  3.8  1000.00 10000.00  0 16 
6192172548143220608 204.5453652 -23.8653543  0.490 -14.940 -11.181 17.801 0.696  3.5  1000.00 10000.00  0 16 
6195488125457067136 204.5459511 -21.9964841  0.148 -13.516 -11.090 18.101 0.825  3.6  1000.00 10000.00  0 16 
6192202922152189056 204.5875313 -23.3692280  0.394 -14.088 -10.136 17.983 0.705  3.8  1000.00 10000.00  0 16 
1468983234477329920 204.6063368  32.8808649  0.202  -0.562   4.874 19.346 0.703  5.4  1000.00 10000.00  0 22 
6195411984276634240 204.6138098 -22.4597568 -0.031 -15.378 -10.049 18.124 0.800  3.5  1000.00 10000.00  0 16 
6190611275992090368 204.6390480 -25.5708356  0.343 -13.464  -9.216 18.896 0.977  3.5  1000.00 10000.00  0 16 
1475633630557526528 204.6491516  38.0551826  0.185  -0.411   6.275 18.365 0.708  4.9  1000.00 10000.00  0 22 
6190493593888631808 204.6687275 -26.2883067  0.154 -14.085  -9.730 18.544 0.796  3.7  1000.00 10000.00  0 16 
6192195088131709824 204.6824985 -23.5726972  0.194 -13.882 -10.029 17.416 0.656  3.5  1000.00 10000.00  0 16 
6291621450730842880 204.6963481 -21.4084566  0.128 -12.737 -10.773 17.946 0.671  4.0  1000.00 10000.00  0 16 
6192198283587459328 204.7100054 -23.4523965  0.096 -13.965 -10.029 18.184 0.730  3.7  1000.00 10000.00  0 16 
6191976491477038336 204.7567471 -24.0114464  0.316 -12.446 -10.393 18.203 0.642  3.8  1000.00 10000.00  0 16 
6192183921216743424 204.7893666 -23.5670791  0.323 -13.589 -11.039 18.896 0.892  3.6  1000.00 10000.00  0 16 
6195521149461535744 204.8113367 -21.7405140  0.350 -14.071 -10.319 17.635 0.687  3.5  1000.00 10000.00  0 16 
6291619664024470144 204.8990525 -21.3898379  0.119 -13.654 -10.450 18.188 0.748  3.5  1000.00 10000.00  0 16 
6191527478416041216 204.9049961 -24.5297922  0.234 -13.379 -11.099 17.518 0.672  3.8  1000.00 10000.00  0 16 
1661977246325338752 204.9251260  58.4669378  0.351  -7.913  -3.061 19.277 0.606 11.1  1000.00 10000.00  0  8 
6192238243964004096 204.9650436 -23.0284839  1.145 -12.769 -10.215 19.122 0.881  4.1  1000.00 10000.00  0 16 
1472610218395534208 205.0100965  37.7307293  0.165  -1.015   6.160 18.627 0.740  5.1  1000.00 10000.00  0 22 
6190544068344476928 205.0166040 -25.8041402  0.357 -14.710  -9.870 18.585 0.768  3.6  1000.00 10000.00  0 16 
6192216773422635648 205.0227911 -23.3488023  0.198 -13.081 -11.097 17.581 0.706  3.6  1000.00 10000.00  0 16 
6190747821592438528 205.0261990 -24.9830823  0.289 -14.377 -10.903 18.765 0.968  3.3  1000.00 10000.00  0 16 
1672443806750704128 205.0415658  67.2765505  0.138  -7.564  -4.642 18.276 0.735 10.1  1000.00 10000.00  0 18 
6190527648684733056 205.0566560 -25.9950277  0.270 -13.732 -11.073 16.961 0.604  3.6  1000.00 10000.00  0 16 
6190692605492675328 205.0643763 -25.5015899  0.005 -14.016  -9.560 18.789 0.905  3.7  1000.00 10000.00  0 16 
6191908974590266752 205.0644554 -24.3218367  0.517 -11.590  -9.241 19.040 0.806  3.8  1000.00 10000.00  0 16 
6190744213819894912 205.0819009 -25.0511940  0.400 -13.829 -11.197 18.933 0.914  3.6  1000.00 10000.00  0 16 
6192218216531660416 205.0850039 -23.2743254  0.217 -12.428  -9.641 18.334 0.745  4.0  1000.00 10000.00  0 16 
6192436980689888640 205.1133009 -22.3608860  0.345 -12.813 -10.935 16.856 0.622  3.8  1000.00 10000.00  0 16 
6192018066760688384 205.1515824 -23.5284147  0.353 -13.066 -10.731 17.652 0.736  3.8  1000.00 10000.00  0 16 
6192388739617870592 205.1554730 -22.7588420  0.238 -11.738 -10.437 16.947 0.694  4.3  1000.00 10000.00  0 16 
1472224938353223040 205.2541279  36.6047154 -0.021  -1.136   6.077 19.151 0.776  5.0  1000.00 10000.00  0 22 
6191997107319745408 205.2598338 -23.8200046  0.591 -15.050 -10.460 18.741 0.892  3.3  1000.00 10000.00  0 16 
6190205453121710976 205.2626494 -27.0460958  0.315 -13.347 -10.729 19.159 0.952  3.6  1000.00 10000.00  0 16 
6191968485657541760 205.2867582 -23.9898566  0.286 -15.784 -11.241 17.996 0.800  3.7  1000.00 10000.00  0 16 
6190311074958041600 205.2877624 -26.3761992  0.485 -12.188 -11.334 19.368 1.070  3.6  1000.00 10000.00  0 16 
6190230879328346112 205.3220353 -26.7400082  0.208 -14.020 -10.652 18.112 0.807  3.5  1000.00 10000.00  0 16 
6191901862124492160 205.3815732 -24.2358189  0.218 -12.993 -10.435 16.549 0.637  3.8  1000.00 10000.00  0 16 
6190754109424125952 205.3959424 -24.8484212  0.447 -10.621  -8.697 19.317 0.971  4.1  1000.00 10000.00  0 16 
1672427284009475328 205.4042730  67.1342606  0.102  -7.980  -4.183 18.327 0.625 10.1  1000.00 10000.00  0 18 
6190434499432579840 205.4417712 -25.8461217  0.559 -15.194 -10.754 18.290 0.822  3.5  1000.00 10000.00  0 16 
1456784049887562496 205.4463164  31.6568298 -0.344  -0.718   5.065 19.496 0.850  5.5  1000.00 10000.00  0 22 
1499928684299588480 205.4487248  40.1293757  0.226  -0.817   5.838 18.302 0.678  4.9  1000.00 10000.00  0 22 
6190214386653820288 205.4560676 -26.8553253  0.291 -12.114  -9.146 18.813 0.790  3.7  1000.00 10000.00  0 16 
1658838900838132992 205.4731914  57.4951101  0.089  -7.592  -3.076 15.730 0.977  9.6    44.41     0.80  8  8 
1456411040568317696 205.5051321  30.7251721  0.279  -1.015   4.903 18.091 0.608  6.1  1000.00 10000.00  0 22 
6190313033463156480 205.5455714 -26.3368372  0.247 -16.665 -11.770 17.062 0.650  3.5  1000.00 10000.00  0 16 
1456411624683879296 205.5667722  30.7712105  0.372  -1.208   5.129 18.790 0.616  5.6  1000.00 10000.00  0 22 
6190416834233138560 205.5888190 -26.0293513  0.626 -14.658 -10.673 18.148 0.804  3.5  1000.00 10000.00  0 16 
6190414124107698048 205.5926074 -26.1044560  0.165 -11.201 -10.058 17.613 0.740  3.8  1000.00 10000.00  0 16 
6190736590253462784 205.5970805 -25.0096755  0.262 -14.019 -10.549 12.969 1.042  3.7   203.74     0.29  8 16 
6191927150892163456 205.6076724 -24.1135744  0.303 -14.691  -8.873 19.297 0.950  3.7  1000.00 10000.00  0 16 
6288534468756880512 205.6100490 -21.8673082  0.080 -14.115 -10.617 19.009 0.970  3.6  1000.00 10000.00  0 16 
6192378466055420032 205.6282578 -22.4005088  0.577 -13.943 -11.119 19.430 0.959  3.6  1000.00 10000.00  0 16 
6191141034437971456 205.6679455 -24.4666785  0.326 -15.320  -9.717 18.012 0.799  3.1  1000.00 10000.00  0 16 
6178179304174773632 205.6823048 -27.2713790  0.231 -14.289  -9.473 18.712 0.886  3.6  1000.00 10000.00  0 16 
6190655222097658240 205.6900970 -25.5793919  0.013 -14.143 -10.520 17.546 0.715  3.6  1000.00 10000.00  0 16 
6192127541182181760 205.7132298 -23.1547208  0.355 -14.367 -10.735 19.092 0.871  3.3  1000.00 10000.00  0 16 
1456842495802767744 205.7151437  32.3277692  0.167  -0.746   5.194 17.364 0.572  5.5  1000.00 10000.00  0 22 
6190233593747555456 205.7364226 -26.8655342  0.262 -13.527 -11.187 18.777 0.937  3.7  1000.00 10000.00  0 16 
6288454964617553152 205.7524440 -22.3498562  0.447 -12.166  -8.645 19.312 0.864  3.9  1000.00 10000.00  0 16 
6191064206063824000 205.7537681 -25.0003202 -0.045 -14.810 -12.237 19.033 1.000  3.5  1000.00 10000.00  0 16 
6288456923122523520 205.8213063 -22.3165355  0.302 -15.370 -11.010 16.935 0.625  3.2  1000.00 10000.00  0 16 
6191123029934915328 205.8394898 -24.6663224  0.367 -14.328  -9.445 19.124 0.923  3.7  1000.00 10000.00  0 16 
6190418517860322944 205.8693461 -26.0198844  0.402 -14.106 -10.694 17.506 0.695  3.6  1000.00 10000.00  0 16 
1672820565575158528 205.8792643  67.5752779  0.090  -7.655  -3.943 16.266 0.935 10.1  -249.95     1.08  8 18 
1658984444394291840 205.8846946  58.3771309  0.239  -6.797  -2.906 18.553 0.628 11.4  1000.00 10000.00  0  8 
6190359522189369344 205.8937272 -26.2750034  0.175 -13.788 -10.104 18.077 0.750  3.6  1000.00 10000.00  0 16 
6192152898668104576 205.9023173 -23.0406489  0.281 -15.137 -11.647 19.115 0.895  3.6  1000.00 10000.00  0 16 
6190449274121689472 205.9403835 -25.7788184  0.463 -13.451 -10.370 15.397 0.821  3.6     1.72     0.72  8 16 
6192035246629082752 205.9481203 -23.7393627  0.433 -13.102  -9.522 17.903 0.734  3.9  1000.00 10000.00  0 16 
1658986987014988672 205.9579579  58.5063845  0.243  -7.752  -3.136 18.382 0.706 11.1  -289.17     6.94  7  8 
6191152716749012224 205.9655825 -24.4675153  0.385 -14.584 -10.691 15.922 0.672  3.2  1000.00 10000.00  0 16 
6190477307371899776 205.9787024 -25.4059386  0.398 -15.618 -10.360 17.116 0.662  3.6  1000.00 10000.00  0 16 
6288545841830323200 205.9961615 -21.7967090  0.321 -12.547 -10.869 18.342 0.798  3.8  1000.00 10000.00  0 16 
6190472222130581760 206.0171614 -25.4887402  0.317 -15.553 -10.509 18.401 0.792  3.5  1000.00 10000.00  0 16 
6190345915732935552 206.0252959 -26.3556412  0.115 -15.236 -11.106 16.951 0.638  3.6  1000.00 10000.00  0 16 
6192027824925541248 206.0591901 -23.9227247  0.472 -15.427 -10.104 18.673 0.996  3.3  1000.00 10000.00  0 16 
6288551373747525632 206.1340389 -21.7403771  0.272 -14.957 -10.542 18.105 0.738  3.7  1000.00 10000.00  0 16 
6178155321078005248 206.1975470 -27.1790357 -0.004 -15.061  -9.188 18.607 0.957  3.5  1000.00 10000.00  0 16 
6192083732515634816 206.2137421 -23.3156571  0.326 -13.788 -11.156 17.613 0.707  3.6  1000.00 10000.00  0 16 
6191278370312547968 206.2420825 -23.8786976  0.458 -15.073 -10.330 17.388 0.619  3.5  1000.00 10000.00  0 16 
6191157050371827456 206.2448370 -24.4005235  0.181 -14.726 -10.025 16.141 0.796  3.6  1000.00 10000.00  0 16 
6190456519730000896 206.2478360 -25.5965357  0.296 -14.537  -9.703 16.571 0.659  3.8  1000.00 10000.00  0 16 
6191271605739334656 206.2559544 -24.0404840  0.261 -14.894 -11.400 15.791 0.816  3.6   222.54    14.69 12 16 
1458436890741975936 206.2575325  33.0616424  0.318  -0.281   5.747 19.422 0.797  5.5  1000.00 10000.00  0 22 
6190863545191283968 206.2826711 -25.0846930  0.095 -14.921 -11.384 17.948 0.785  3.5  1000.00 10000.00  0 16 
6191108083449434496 206.2879968 -24.5320641  0.243 -14.534  -9.998 18.139 0.711  3.8  1000.00 10000.00  0 16 
6190404846979668480 206.2909006 -25.7922002  0.219 -15.188 -11.337 17.247 0.666  3.2  1000.00 10000.00  0 16 
6191053348386068352 206.3017600 -24.9886578  0.343 -15.518  -9.760 16.184 0.774  3.5  1000.00 10000.00  0 16 
6190839115417051904 206.3152973 -25.3555165  0.459 -15.099 -10.811 18.172 0.793  3.4  1000.00 10000.00  0 16 
6288500968011313536 206.3332859 -21.8196315  0.737 -15.251 -10.714 18.938 0.910  3.5  1000.00 10000.00  0 16 
6191254769466610944 206.3367833 -24.1915434  0.506 -15.531 -11.108 17.805 0.684  3.4  1000.00 10000.00  0 16 
6191281634487591808 206.3487061 -23.8368243  0.129 -13.574  -9.773 18.820 0.982  3.7  1000.00 10000.00  0 16 
1454872239685951232 206.4059259  28.8702616  0.072  -1.396   5.484 18.442 0.624  5.6  1000.00 10000.00  0 22 
6288280584650009216 206.4519227 -22.2974815  0.125 -14.298 -10.390 18.712 0.992  3.6  1000.00 10000.00  0 16 
6192064692924453120 206.4634496 -23.5391045 -0.023 -14.029 -10.783 19.115 0.930  3.4  1000.00 10000.00  0 16 
6190860555894024192 206.4971228 -25.1150959  0.298 -13.546 -10.070 17.093 0.630  3.7  1000.00 10000.00  0 16 
6288481829636961536 206.5134769 -21.9985336 -0.128 -14.529 -12.192 18.968 0.994  3.3  1000.00 10000.00  0 16 
1659367658556382464 206.5269138  58.6737700  0.139  -7.949  -3.181 18.069 0.789 11.1  1000.00 10000.00  0  8 
6191087020929734784 206.5653671 -24.6994682  0.688 -13.733 -10.225 18.439 0.792  3.6  1000.00 10000.00  0 16 
6191202916327730816 206.6087423 -24.3387634  0.298 -15.816 -11.806 17.511 0.714  3.2  1000.00 10000.00  0 16 
6191213705285821440 206.6145902 -24.1981471  0.251 -14.994 -10.145 17.745 0.687  3.7  1000.00 10000.00  0 16 
6178373372273190400 206.6152751 -26.0578954  0.476 -15.413 -10.237 15.996 0.791  3.4  1000.00 10000.00  0 16 
6190385017114898048 206.6281199 -25.9782062  0.347 -15.235 -10.831 17.946 0.786  3.6  1000.00 10000.00  0 16 
6288601096584815616 206.6750617 -21.6169530  0.195 -16.001 -11.267 17.044 0.642  3.4  1000.00 10000.00  0 16 
6288265054048595328 206.6947000 -22.3916985  0.019 -13.894 -11.341 18.995 0.976  3.5  1000.00 10000.00  0 16 
6288580068424927232 206.7021378 -21.8375169  0.136 -15.202 -10.880 16.547 0.615  3.6  1000.00 10000.00  0 16 
6177926828817199104 206.7354569 -27.6509245  0.726 -15.681 -10.777 19.297 0.882  3.7  1000.00 10000.00  0 16 
6288151946084680064 206.7556281 -23.2293896  0.333 -15.193 -10.599 16.408 0.643  3.4  1000.00 10000.00  0 16 
6190894885568184064 206.8109244 -24.8352826  0.367 -17.661 -11.994 15.878 0.637  2.9  1000.00 10000.00  0 16 
6288709084947487232 206.8116970 -20.8696007  0.639 -12.584 -10.502 18.896 0.829  4.1  1000.00 10000.00  0 16 
6287399467814463360 206.8503815 -23.3500707  0.153 -15.350 -10.681 17.819 0.623  3.6  1000.00 10000.00  0 16 
1458978159700865536 206.8565027  34.2516341 -0.247  -0.458   5.144 19.362 0.780  6.3  1000.00 10000.00  0 22 
6178244999994498304 206.8588608 -27.0386459  0.085 -14.353 -10.438 18.275 0.870  3.5  1000.00 10000.00  0 16 
1500316429651090304 206.8742437  40.9682194  0.334  -0.941   6.482 18.674 0.667  5.2   -68.97     7.67  6 22 
6288210593862625920 206.9093592 -22.6220369  0.124 -13.868 -10.940 18.266 0.794  3.7  1000.00 10000.00  0 16 
1496755287583277824 206.9304146  39.0264760  0.109  -0.592   5.478 19.354 0.977  4.7  1000.00 10000.00  0 22 
6191237997620198528 207.0231528 -24.0083229  0.463 -13.821 -12.298 18.572 0.946  3.2  1000.00 10000.00  0 16 
1659323849889570176 207.0267511  58.6735521 -0.004  -7.691  -2.842 18.647 0.571 10.8  1000.00 10000.00  0  8 
6191252634868930176 207.0323466 -23.6979615  0.357 -13.997 -10.216 17.639 0.637  3.5  1000.00 10000.00  0 16 
6288584913147912832 207.0553957 -21.7090662  0.284 -16.893 -12.724 16.182 0.637  3.2  1000.00 10000.00  0 16 
1497244123581233536 207.0782806  40.1698513  0.498  -0.561   5.947 19.260 0.821  4.9  1000.00 10000.00  0 22 
6178680784556614144 207.0958261 -26.2555782  0.508 -12.991  -9.532 18.264 0.726  3.4  1000.00 10000.00  0 16 
6191231576644277504 207.1320924 -24.0132733  0.310 -17.641 -11.075 16.636 0.690  3.3  1000.00 10000.00  0 16 
6191245110086136576 207.1375297 -23.8946085  0.211 -16.627 -10.930 17.453 0.698  3.2  1000.00 10000.00  0 16 
6191220680311946112 207.1609733 -24.1543282  0.445 -15.468 -10.503 19.342 1.075  3.2  1000.00 10000.00  0 16 
6288313913595741696 207.1654930 -22.3905596  0.325 -15.653 -12.283 16.873 0.646  3.5  1000.00 10000.00  0 16 
6287435923496844800 207.1860766 -22.9531116  0.364 -14.588 -10.828 17.242 0.685  3.7  1000.00 10000.00  0 16 
1496589879802806528 207.1911049  39.0497486  0.144  -0.811   5.930 16.721 0.651  4.9  1000.00 10000.00  0 22 
6288423589881323648 207.2430751 -21.5620316  0.663 -16.411 -12.289 17.796 0.769  3.5  1000.00 10000.00  0 16 
6178683189738237056 207.2626779 -26.1607287  0.250 -19.119 -11.416 17.732 0.787  3.2  1000.00 10000.00  0 16 
6288415515342668160 207.2840602 -21.7932209  0.372 -15.357 -10.652 18.776 0.813  3.5  1000.00 10000.00  0 16 
6287324902886918144 207.2972291 -23.7293113  0.374 -16.468 -11.815 17.956 0.776  3.2  1000.00 10000.00  0 16 
1659307361510695808 207.3170594  58.5264602  0.053  -7.711  -2.852 13.425 1.255 11.1  -276.16     0.24  8  8 
1502042078790688000 207.3286177  42.6093062  0.172  -0.168   6.100 18.350 0.682  5.0   -78.93     7.64  6 22 
1458262618149162112 207.3542894  32.7412526  0.295  -0.375   5.141 18.948 0.737  5.4  -106.63     7.70  7 22 
6288197915119122816 207.3961235 -22.6669388  0.498 -15.688 -10.785 18.489 0.822  3.4  1000.00 10000.00  0 16 
1502393166597667584 207.4246067  43.7875062  0.289  -0.607   5.941 18.751 0.728  4.9  1000.00 10000.00  0 22 
6190931405674382848 207.4366273 -24.7844966  0.148 -14.723  -9.482 18.002 0.749  3.7  1000.00 10000.00  0 16 
6288300414514277632 207.4398310 -22.3689802  0.632 -15.738 -10.594 18.321 0.743  3.5  1000.00 10000.00  0 16 
6178789808006946176 207.4692165 -25.5468940  0.161 -15.612 -10.997 17.822 0.849  3.4  1000.00 10000.00  0 16 
6178716037649345152 207.5157461 -25.9377691  0.031 -13.737  -9.589 18.883 1.004  3.5  1000.00 10000.00  0 16 
6288305156158170880 207.5311721 -22.3825496  0.514 -15.514 -11.961 17.433 0.675  3.4  1000.00 10000.00  0 16 
6288808968706917888 207.5912681 -21.3209813  0.448 -12.849 -11.306 18.426 0.730  3.7  1000.00 10000.00  0 16 
1458901056447861888 207.6293381  33.9563292  0.599  -0.680   4.835 19.343 0.789  6.2  1000.00 10000.00  0 22 
6287549787374159104 207.6574290 -22.4989319  0.377 -15.078 -11.014 17.871 0.700  3.6  1000.00 10000.00  0 16 
6287115377202025344 207.7101297 -24.0283328  0.235 -15.719 -10.240 16.829 0.671  3.4  1000.00 10000.00  0 16 
6178723837310068480 207.7389804 -25.7901939  0.311 -16.011 -11.409 16.612 0.613  3.2  1000.00 10000.00  0 16 
6287154203706893824 207.8054216 -23.6251151  0.295 -14.470 -10.859 16.822 0.611  3.6  1000.00 10000.00  0 16 
6177996372928094080 207.8205196 -27.3371675 -0.052 -16.890 -10.414 19.127 0.890  3.2  1000.00 10000.00  0 16 
6287471142228622976 207.8725517 -22.9581301  0.318 -15.979 -10.631 16.888 0.624  3.4  1000.00 10000.00  0 16 
6287111941228366720 207.9102965 -23.9135448  0.118 -16.866 -11.210 18.606 0.823  3.5  1000.00 10000.00  0 16 
6287358678510204928 207.9170507 -23.2256365  0.321 -14.630 -10.874 17.132 0.631  3.5  1000.00 10000.00  0 16 
6287029855814364928 208.0203037 -24.4944948  0.255 -14.671 -10.897 17.732 0.676  3.5  1000.00 10000.00  0 16 
6288715029183732992 208.0781889 -21.9733420  0.258 -16.309 -10.798 19.026 0.948  3.5  1000.00 10000.00  0 16 
6287353769362509952 208.0805877 -23.2972760  0.470 -15.958 -10.656 18.069 0.734  3.6  1000.00 10000.00  0 16 
6287032196570039424 208.1191601 -24.3915481  0.006 -15.365 -10.169 19.466 0.878  3.4  1000.00 10000.00  0 16 
6287164511628527232 208.1360150 -23.3933038  0.331 -14.990 -11.477 19.375 0.848  3.6  1000.00 10000.00  0 16 
1672745966287025664 208.1539711  67.8806972  0.212  -7.847  -3.425 19.004 0.591 10.2  1000.00 10000.00  0 18 
1495327743533383552 208.2091922  36.8869098  0.100  -0.188   5.222 19.179 0.811  5.6  1000.00 10000.00  0 22 
6178811660800577408 208.2119449 -25.6184449  0.315 -16.528 -11.274 17.530 0.723  3.1  1000.00 10000.00  0 16 
6287460692573394304 208.2248464 -23.0294816  0.046 -17.902 -12.676 18.546 0.956  3.1  1000.00 10000.00  0 16 
6287450178493410176 208.2776241 -23.1573883  0.379 -16.195 -10.473 17.906 0.752  3.5  1000.00 10000.00  0 16 
6287262505602266368 208.2940112 -23.1788085  0.017 -16.052 -10.578 17.925 0.744  3.4  1000.00 10000.00  0 16 
6178852587544041728 208.3084731 -25.3291544  0.266 -15.602 -10.119 16.857 0.651  3.7  1000.00 10000.00  0 16 
6289191392597915776 208.3629507 -20.1576239  0.104 -14.043 -12.222 18.923 0.948  3.7  1000.00 10000.00  0 16 
1672686008543738496 208.4884805  67.5405869  0.108  -7.738  -3.551 17.862 0.816 10.0  1000.00 10000.00  0 18 
6288749255776554496 208.4970999 -21.6769186  0.236 -16.802 -11.238 17.576 0.766  3.4  1000.00 10000.00  0 16 
6287074351674518528 208.5789785 -23.9633837  0.713 -14.778 -10.990 18.720 0.822  3.4  1000.00 10000.00  0 16 
6178641099059664640 208.5937047 -25.6825528  0.225 -16.275 -11.432 17.773 0.701  3.2  1000.00 10000.00  0 16 
1498981347656666752 208.5980242  42.2460386  0.067   0.154   5.946 18.555 0.696  5.0   -84.00     6.50  6 22 
6287188567740292096 208.6150945 -23.6446913  0.258 -15.361 -10.524 16.091 0.696  3.6  1000.00 10000.00  0 16 
6178843649717291648 208.6491805 -25.3452569  0.221 -17.322 -11.147 18.402 0.841  3.0  1000.00 10000.00  0 16 
1498980218081810944 208.6574356  42.1839226 -0.131   0.155   5.763 19.409 0.805  5.4  1000.00 10000.00  0 22 
6287893938809710464 208.6813938 -22.2976394 -0.134 -17.567 -10.943 18.690 0.929  3.5  1000.00 10000.00  0 16 
6275048580684216064 208.6866716 -24.2799845  0.287 -16.572 -10.741 18.300 0.776  3.5  1000.00 10000.00  0 16 
6178842795018715904 208.6894832 -25.3610416 -0.155 -13.089 -11.086 19.102 0.899  3.5  1000.00 10000.00  0 16 
1659176721490193024 208.7137564  58.5118429 -0.044  -7.765  -2.698 17.845 0.796 11.3  1000.00 10000.00  0  8 
6287874074585602944 208.7757204 -22.5459980  0.202 -18.372 -11.884 17.344 0.702  3.1  1000.00 10000.00  0 16 
6288856797461635712 208.8168345 -21.2512765  0.519 -16.371 -13.028 17.755 0.707  3.3  1000.00 10000.00  0 16 
6274956359148001408 208.8268823 -24.6849335  0.217 -18.048 -12.230 18.433 0.992  2.9  1000.00 10000.00  0 16 
6287895893019615872 208.8270338 -22.3298040  0.367 -15.982 -10.914 18.562 0.824  3.5  1000.00 10000.00  0 16 
6287297797348644736 208.8316189 -22.9712088  0.336 -14.949 -10.982 15.323 0.903  3.9   194.74     2.46  8 16 
6177665110690823424 208.8470924 -26.8201435  0.080 -17.905 -10.292 17.912 0.790  3.0  1000.00 10000.00  0 16 
6287870432453323776 208.8570857 -22.5796291  0.091 -16.514 -11.524 18.451 0.818  3.4  1000.00 10000.00  0 16 
6287195538471663232 208.8786999 -23.5016504  0.202 -14.969 -12.294 18.763 0.807  3.2  1000.00 10000.00  0 16 
6178574784764084608 208.8832466 -25.9693416  0.758 -17.878 -10.264 18.934 0.952  3.2  1000.00 10000.00  0 16 
6275029790202471296 208.9004853 -24.4925010  0.376 -15.068 -10.531 17.587 0.643  3.5  1000.00 10000.00  0 16 
6178625985069740160 208.9179564 -25.7406286  0.313 -16.936 -10.841 17.530 0.714  3.3  1000.00 10000.00  0 16 
6287682935655936896 208.9665524 -22.6250843  0.376 -16.805 -11.014 16.805 0.638  3.4  1000.00 10000.00  0 16 
6288915385111669888 208.9785936 -20.6570230 -0.192 -16.740 -12.633 18.804 1.000  3.3  1000.00 10000.00  0 16 
6287984128827131136 208.9905826 -21.8347120  0.513 -17.028 -10.578 18.090 0.775  3.6  1000.00 10000.00  0 16 
6274932616568559744 209.0020893 -24.9701102  0.396 -15.109 -10.457 18.789 0.926  3.6  1000.00 10000.00  0 16 
6275044698033999616 209.0165094 -24.1618884 -0.028 -18.825 -12.748 18.554 0.879  3.3  1000.00 10000.00  0 16 
6287219040532814464 209.0208229 -23.4224415  0.089 -15.827 -10.909 19.095 0.965  3.3  1000.00 10000.00  0 16 
1499134729528884096 209.0245220  43.2940619  0.394  -0.552   6.164 19.069 0.727  5.0  1000.00 10000.00  0 22 
6287926438826355840 209.0776963 -21.9807204  0.305 -15.804 -11.424 18.444 0.714  3.7  1000.00 10000.00  0 16 
1659160331895411328 209.0911913  58.3691942  0.490  -6.061  -1.322 19.481 0.660 11.5  1000.00 10000.00  0  8 
1672676014155435520 209.1587286  67.5504359  0.071  -6.784  -3.323 18.346 0.692 10.1  1000.00 10000.00  0 18 
1498889611451314816 209.2182169  41.4623759 -0.037  -0.285   5.975 18.503 0.676  5.0   -69.67     6.61  6 22 
6177745168881545856 209.3093306 -26.8035344  0.156 -15.499 -10.773 19.322 0.928  3.2  1000.00 10000.00  0 16 
6274771057078542464 209.3163697 -24.8890756  0.272 -16.499 -10.266 17.093 0.653  3.2  1000.00 10000.00  0 16 
6287620259198547456 209.3683794 -22.8379519  0.318 -16.919 -11.179 16.824 0.717  3.3  1000.00 10000.00  0 16 
1671923913842298752 209.3896491  67.4423736 -0.014  -7.793  -3.329 18.334 0.652 10.3  1000.00 10000.00  0 18 
1496266863903110912 209.3918695  39.5427052  0.130  -0.060   5.252 18.204 0.570  5.7  1000.00 10000.00  0 22 
6274770885279870336 209.4022196 -24.8618114  0.057 -14.591  -8.409 19.496 1.024  3.2  1000.00 10000.00  0 16 
6290857049631576960 209.4423537 -18.9977674  0.096 -15.235 -11.683 17.980 0.739  3.7  1000.00 10000.00  0 16 
6274647022718133504 209.5503135 -25.7241069  0.362 -16.425 -12.534 15.883 0.747  3.0  1000.00 10000.00  0 16 
6287723342708411392 209.5635978 -22.1963390  0.353 -17.147 -11.427 17.053 0.631  3.1  1000.00 10000.00  0 16 
6177484073524685056 209.5879440 -27.3006544  0.202 -17.406 -11.068 16.687 0.636  3.1  1000.00 10000.00  0 16 
6287592359090711168 209.6059602 -23.0969680 -0.201 -19.444 -12.022 19.272 1.093  3.3  1000.00 10000.00  0 16 
6287645277382753536 209.6065062 -22.7338862 -0.047 -16.808 -10.974 18.609 0.715  3.8  1000.00 10000.00  0 16 
6287822053941281280 209.6452946 -22.0115088  0.251 -16.751 -11.456 17.788 0.787  3.4  1000.00 10000.00  0 16 
6288069718935975040 209.7125550 -21.3497955  0.093 -17.612  -9.586 17.388 0.620  3.6  1000.00 10000.00  0 16 
6274872212148499200 209.7641966 -24.6444640  0.456 -17.623 -11.435 17.603 0.759  3.1  1000.00 10000.00  0 16 
6288051886231604736 209.7957907 -21.4927026  0.148 -16.398 -11.378 18.074 0.886  3.5  1000.00 10000.00  0 16 
6275181037476539008 209.8053777 -23.5876618  0.081 -16.929 -10.661 17.711 0.663  3.4  1000.00 10000.00  0 16 
1495975420305337728 209.8212068  38.5513458  0.451  -0.963   6.160 19.382 0.826  6.4  1000.00 10000.00  0 22 
6287600021312497152 209.8477569 -22.9686950  0.283 -16.385 -11.857 18.551 0.967  3.2  1000.00 10000.00  0 16 
6275097852549182720 209.8578427 -24.2634325  0.366 -16.894 -12.190 18.633 0.960  3.2  1000.00 10000.00  0 16 
6289658444518297728 209.9302491 -20.6027101  0.453 -15.886 -10.917 19.029 0.796  3.5  1000.00 10000.00  0 16 
6275509928891501184 210.0211994 -23.5810682  0.153 -16.873 -10.124 19.493 1.025  3.4  1000.00 10000.00  0 16 
6275622285236861568 210.1228890 -22.8221905  0.420 -19.692 -11.856 18.478 0.796  3.2  1000.00 10000.00  0 16 
6273878464090264576 210.1245062 -25.9383417  0.286 -17.870 -11.423 15.949 0.733  3.0  1000.00 10000.00  0 16 
6290669445460052608 210.1996014 -19.1685122  0.474 -15.217 -11.298 18.688 0.815  3.6  1000.00 10000.00  0 16 
1496030911283208576 210.2471038  39.1041233  0.136   0.073   5.610 18.454 0.631  5.7  1000.00 10000.00  0 22 
6274901108687412864 210.2478097 -24.2962838 -0.010 -16.780 -11.124 18.002 0.775  3.4  1000.00 10000.00  0 16 
6287731790908029312 210.3347108 -22.5191910  0.113 -19.403 -12.087 18.544 0.893  3.1  1000.00 10000.00  0 16 
1658429023519139584 210.3385783  58.5113613  0.103  -7.464  -2.387 15.896 0.964 11.3  -283.26     1.07  8  8 
6289560794141068544 210.3502835 -21.2557449  0.339 -15.323 -12.225 17.912 0.739  3.4  1000.00 10000.00  0 16 
6290604024517421056 210.3769027 -19.4208896  0.227 -16.408 -11.645 17.997 0.714  3.5  1000.00 10000.00  0 16 
6275537657200494976 210.3818542 -23.4485932  0.058 -15.975 -10.778 18.379 0.739  3.2  1000.00 10000.00  0 16 
1725934875640347776 210.3890480  84.5963441  0.095 -17.007   1.762 18.075 0.737  3.7  1000.00 10000.00  0 17 
1725887974597476992 210.5095979  84.6043421 -0.063 -16.542   1.669 19.146 0.955  3.9  1000.00 10000.00  0 17 
6289354189035221760 210.5529888 -21.5022590 -0.323 -17.728 -11.834 19.150 0.827  3.3  1000.00 10000.00  0 16 
6289353879797560576 210.5980151 -21.5164478  0.437 -16.740 -11.272 17.029 0.629  3.3  1000.00 10000.00  0 16 
6275307382529596672 210.5981490 -23.7231284  0.401 -17.750 -13.079 16.323 0.681  3.0  1000.00 10000.00  0 16 
6289300454699335168 210.6223184 -21.6867014  0.430 -16.923 -10.542 15.495 0.881  3.3     9.75     0.58  8 16 
6274036617669889280 210.6238117 -25.1335994  0.597 -19.060 -12.237 18.992 0.953  3.3  1000.00 10000.00  0 16 
6274035861756862336 210.6683084 -25.1523661  0.128 -17.481 -11.772 18.801 0.999  3.3  1000.00 10000.00  0 16 
6290591895530801024 210.6692950 -19.5455191  0.603 -16.204 -12.272 19.220 1.022  3.6  1000.00 10000.00  0 16 
6275283433791917696 210.7276496 -24.0624408  0.355 -18.652 -12.257 17.237 0.676  3.1  1000.00 10000.00  0 16 
6273597126552701440 210.7829458 -26.6004211  0.420 -17.872 -11.193 16.735 0.624  3.2  1000.00 10000.00  0 16 
6275283292057860992 210.8216248 -24.0306319  0.642 -18.007 -12.467 18.261 0.886  3.3  1000.00 10000.00  0 16 
6274048235557702272 210.8743795 -25.0822500  0.201 -16.437 -10.912 15.848 0.811  3.4  1000.00 10000.00  0 16 
1658374421599207424 210.9557871  58.3402199 -0.078  -7.579  -2.260 19.115 0.581 10.9  1000.00 10000.00  0  8 
6275735191337085312 211.0408516 -22.4502950  0.281 -14.849 -10.854 18.299 0.658  3.5  1000.00 10000.00  0 16 
6275440354717473024 211.0957849 -23.2121066  0.226 -16.692 -11.596 17.341 0.630  3.4  1000.00 10000.00  0 16 
6275638404249069568 211.1919006 -22.9426052  0.209 -15.990 -11.249 18.775 0.854  3.4  1000.00 10000.00  0 16 
6273978141690437248 211.2028174 -25.3967657  0.583 -16.909 -10.848 18.275 0.796  3.3  1000.00 10000.00  0 16 
1673478928226173952 211.2636508  68.0948682  0.199  -7.429  -2.700 17.995 0.855 10.0  1000.00 10000.00  0 18 
6289521589680565888 211.3224668 -20.5241593 -0.448 -19.830 -11.100 19.129 1.010  3.2  1000.00 10000.00  0 16 
6275674928651005312 211.3332580 -22.6745445  0.180 -15.745 -12.181 17.899 0.690  3.5  1000.00 10000.00  0 16 
1659910821596247424 211.4081484  58.7620814  0.115  -7.389  -2.270 16.147 0.947 11.7  -282.86     1.27  8  8 
6275267486578441984 211.4301346 -23.8288958  0.365 -17.642 -10.532 18.386 0.725  3.4  1000.00 10000.00  0 16 
6289436446248345472 211.4463651 -21.1484205 -0.087 -15.623 -10.313 18.571 0.739  3.3  1000.00 10000.00  0 16 
6277199431587439744 211.4882035 -22.2349947  0.462 -16.574 -11.332 18.511 0.849  3.4  1000.00 10000.00  0 16 
6274376469843002496 211.4936204 -25.0758502  0.004 -17.480 -10.519 18.088 0.853  3.2  1000.00 10000.00  0 16 
1659860995680213888 211.5036020  58.3470323  0.363  -8.083  -2.289 19.324 0.617 10.5  1000.00 10000.00  0  8 
6277299658943654528 211.5850269 -21.6957782  0.406 -19.391 -12.326 18.500 0.925  3.0  1000.00 10000.00  0 16 
6275371424786254208 211.5891943 -23.5755162  0.483 -18.455 -12.793 18.283 0.884  2.8  1000.00 10000.00  0 16 
6275449868069431168 211.6488940 -23.2567525  0.307 -18.850 -12.869 15.966 0.736  3.1  1000.00 10000.00  0 16 
6289526846720469760 211.6620645 -20.5786529  0.478 -17.696 -11.733 18.126 0.733  3.7  1000.00 10000.00  0 16 
6277292305959621504 211.7286573 -21.7564107  0.239 -18.550 -12.527 18.289 0.824  3.3  1000.00 10000.00  0 16 
6277228362486406144 211.8033047 -22.0389996  0.301 -19.211 -12.408 17.827 0.669  3.2  1000.00 10000.00  0 16 
6274481301404288256 211.8214973 -24.2028084  0.443 -16.930 -11.561 18.496 0.884  3.1  1000.00 10000.00  0 16 
6275396889648131840 211.8356312 -23.4303734  1.061 -18.558 -11.410 15.091 0.870  3.1    20.29     0.39  8 16 
6273698380405427968 211.9427163 -26.0033222  0.582 -19.126 -11.950 17.773 0.827  3.0  1000.00 10000.00  0 16 
6274414231194478848 211.9506538 -24.6632045  0.721 -16.348 -11.376 18.936 0.861  3.0  1000.00 10000.00  0 16 
6277414592268757632 212.0016348 -21.2160041  0.165 -18.659 -11.183 18.160 0.911  3.4  1000.00 10000.00  0 16 
6274518444281028992 212.1094289 -24.3822434 -0.206 -21.811 -12.168 19.051 0.970  3.2  1000.00 10000.00  0 16 
6277438442222651264 212.1217980 -21.1695455  0.140 -16.356 -11.831 17.686 0.674  3.3  1000.00 10000.00  0 16 
6277331892673909248 212.1635213 -21.8304523  0.308 -17.582 -12.545 15.153 0.899  3.3   188.42     0.88  8 16 
6277447440178829440 212.3120527 -20.9870359  0.056 -16.462 -10.744 18.154 0.771  3.4  1000.00 10000.00  0 16 
6277032237100605056 212.3388083 -22.0831053  0.225 -17.282 -14.381 18.614 0.844  3.3  1000.00 10000.00  0 16 
6274514595990430208 212.4223895 -24.2608195  0.323 -17.816 -12.150 17.516 0.728  3.2  1000.00 10000.00  0 16 
6274621871389625600 212.4547514 -23.5444618  0.159 -16.870 -11.038 18.836 0.782  3.2  1000.00 10000.00  0 16 
6277331098105072128 212.4725503 -21.6088711  0.271 -21.207 -12.437 17.859 0.748  3.2  1000.00 10000.00  0 16 
1659806020098126464 212.5056738  58.8186386  0.052  -7.460  -1.997 17.056 0.892 11.6  1000.00 10000.00  0  8 
6274198692556889728 212.5166240 -24.8802927  0.609 -18.258 -12.070 18.107 0.865  3.0  1000.00 10000.00  0 16 
6270674792149466624 212.5210454 -26.3465568  0.171 -17.705 -11.315 18.156 0.768  3.2  1000.00 10000.00  0 16 
6276903250641834624 212.5856862 -23.0500220  0.207 -16.570 -11.573 18.411 0.846  3.5  1000.00 10000.00  0 16 
6277354638820832896 212.6376110 -21.5433947  0.199 -18.489 -10.888 17.971 0.842  2.9  1000.00 10000.00  0 16 
1659606016357398400 212.7013457  57.9788992  0.090  -8.220  -2.482 18.146 0.689 10.0  1000.00 10000.00  0  8 
6276935651875226112 212.7172742 -22.7025778  0.163 -19.547  -9.953 18.406 0.856  3.1  1000.00 10000.00  0 16 
6277379682774166784 212.7705937 -21.1953371 -0.398 -16.775 -10.857 19.082 0.908  3.6  1000.00 10000.00  0 16 
6277810725692077312 212.7841309 -20.8738580  0.474 -16.990 -12.647 19.381 1.093  3.2  1000.00 10000.00  0 16 
1504696231140527232 212.8307516  43.8973078  0.337   0.248   5.572 18.381 0.660  5.5  1000.00 10000.00  0 22 
6277113635320621824 212.8762085 -22.0750917  0.134 -17.768 -10.925 17.630 0.652  3.4  1000.00 10000.00  0 16 
6277051066236333312 212.9317982 -22.4246927  0.044 -18.844 -11.763 18.035 0.768  3.2  1000.00 10000.00  0 16 
6276936755682973184 212.9335586 -22.7402111  0.323 -17.626 -13.061 18.486 0.967  3.2  1000.00 10000.00  0 16 
1511656174104412928 212.9939831  51.0620312 -0.009   0.403   6.097 19.254 0.856  4.9  1000.00 10000.00  0 22 
6271014335083577472 213.0093018 -26.0641155  0.382 -20.268 -11.863 18.213 0.905  2.7  1000.00 10000.00  0 16 
6277032894230620544 213.0885207 -22.6310816  0.082 -17.418 -11.684 17.936 0.845  3.2  1000.00 10000.00  0 16 
6277140607715342720 213.1583319 -21.9206916  0.092 -17.197 -11.474 17.531 0.659  3.5  1000.00 10000.00  0 16 
6276065010465879168 213.2219038 -23.5164706  0.635 -18.202 -11.173 18.858 0.920  3.2  1000.00 10000.00  0 16 
6277041651668080000 213.2438346 -22.4721373  0.361 -20.110 -12.397 15.827 0.744  3.1  1000.00 10000.00  0 16 
6271034435531004160 213.2732761 -26.0364697  0.178 -18.074 -11.533 17.460 0.773  3.0  1000.00 10000.00  0 16 
6275866651695790848 213.4435181 -23.7843510 -0.032 -18.326 -11.155 18.217 0.744  3.3  1000.00 10000.00  0 16 
6270827555546288768 213.4767289 -26.3037833  0.415 -20.313 -12.057 17.379 0.704  2.8  1000.00 10000.00  0 16 
6277081100943830144 213.4868921 -22.1028462 -0.069 -20.406 -11.701 17.938 0.813  2.9  1000.00 10000.00  0 16 
6275876719099097472 213.7258351 -23.8197747  0.097 -17.115 -11.613 17.940 0.770  3.3  1000.00 10000.00  0 16 
6275768142325115264 213.7503051 -24.4822756  0.112 -18.816 -12.549 18.269 0.833  2.9  1000.00 10000.00  0 16 
6275799203529101952 213.7680239 -24.1035177 -0.300 -19.630 -12.274 18.515 0.927  3.0  1000.00 10000.00  0 16 
1507662850951822464 213.8001103  47.3702635 -0.423   1.101   6.164 19.331 0.803  5.7  1000.00 10000.00  0 22 
6270834015177203456 213.8030957 -26.1481883 -0.105 -20.078 -12.809 19.296 1.041  3.1  1000.00 10000.00  0 16 
1659728852421783680 213.8070305  58.5308526  0.181  -7.367  -2.020 18.428 0.737 11.6  1000.00 10000.00  0  8 
6275900633477227008 213.8452253 -23.5132089  0.151 -18.606 -12.470 18.339 0.838  3.1  1000.00 10000.00  0 16 
6275881568117927680 213.9015282 -23.7467273  0.262 -16.491 -10.832 17.404 0.665  3.4  1000.00 10000.00  0 16 
1505103084803276160 213.9660165  44.9950771  0.178   0.578   5.524 19.219 0.750  5.6  1000.00 10000.00  0 22 
6275833735066438144 214.0314529 -23.7840885  0.231 -17.527 -11.208 17.982 0.760  3.4  1000.00 10000.00  0 16 
6277516507548417792 214.1004020 -21.3801318  0.244 -17.888 -11.472 16.720 0.669  3.5  1000.00 10000.00  0 16 
1611608927894883072 214.2399105  57.8216187 -0.103  -7.646  -1.851 18.435 0.666 11.1  1000.00 10000.00  0  8 
6270845942301642496 214.3461761 -26.4435194  0.353 -19.231 -12.058 17.398 0.695  3.1  1000.00 10000.00  0 16 
6277501110090496384 214.3603968 -21.4466216  0.782 -21.418 -14.146 19.215 1.079  3.3  1000.00 10000.00  0 16 
6276043368125708160 214.3695458 -22.8711130  0.281 -19.878 -11.690 16.065 0.679  2.9  1000.00 10000.00  0 16 
1504902668745341568 214.4141618  44.7622939  0.039  -0.243   6.012 19.270 0.748  5.9  1000.00 10000.00  0 22 
6272482080027288960 214.5164072 -25.2713183  0.305 -17.683  -9.795 19.221 0.908  3.2  1000.00 10000.00  0 16 
6276026493199089664 214.5612596 -22.9875113  0.221 -20.804 -13.131 18.740 1.006  3.0  1000.00 10000.00  0 16 
6272679171782432000 214.6249772 -25.0500058  0.226 -19.274 -12.285 17.365 0.718  3.0  1000.00 10000.00  0 16 
6270957813314129920 214.7713642 -25.5956863  0.563 -19.081 -11.279 19.131 0.954  3.0  1000.00 10000.00  0 16 
1506844779940816384 214.8889627  46.7913976  0.187   0.797   5.321 18.245 0.633  5.5  1000.00 10000.00  0 22 
6270103011743179008 215.1030238 -26.4955074  0.125 -17.558 -11.236 18.722 0.872  2.9  1000.00 10000.00  0 16 
6276451935478698880 215.3278822 -22.2250830  0.391 -19.097 -12.658 18.141 0.832  3.2  1000.00 10000.00  0 16 
6272823134790545280 215.3799117 -24.2789496  0.098 -18.899 -12.935 17.174 0.613  3.0  1000.00 10000.00  0 16 
6272876839061853824 215.4067663 -23.8559144  0.787 -19.368 -11.985 19.258 1.033  3.0  1000.00 10000.00  0 16 
6276541305158552448 215.4545246 -22.2896843  0.386 -17.983 -11.697 18.491 0.762  3.3  1000.00 10000.00  0 16 
6276545329543151616 215.4883751 -22.1744688  0.373 -21.568 -13.322 15.782 0.732  3.0  1000.00 10000.00  0 16 
6273331319616674816 215.5085710 -23.1970445  0.323 -18.870 -11.965 14.538 0.903  3.2   140.90     0.67  8 16 
6276570132978768640 215.5398315 -21.8560710  0.055 -18.956 -11.580 17.982 0.836  3.2  1000.00 10000.00  0 16 
1673274522142585472 215.7405358  67.8874744 -0.048  -7.428  -2.534 19.078 0.667 10.2  1000.00 10000.00  0 18 
1673670793005404032 215.7909976  68.3159085 -0.077  -7.466  -2.690 18.956 0.706 10.5  1000.00 10000.00  0 18 
6273262698923035776 215.9134133 -23.4860370  0.159 -21.292 -13.036 18.731 0.988  3.0  1000.00 10000.00  0 16 
6272536471494137216 215.9188256 -25.0385782  0.105 -18.338 -12.653 18.361 0.861  3.1  1000.00 10000.00  0 16 
1507371072349542144 215.9187924  47.8609707 -0.020   0.350   5.330 19.392 0.849  5.6  1000.00 10000.00  0 22 
1506911987588666112 215.9829966  47.0513503  0.194   0.810   5.523 17.382 0.583  5.5  1000.00 10000.00  0 22 
1673653205114941824 216.2519008  68.1378792  0.107  -7.749  -2.342 17.213 0.901 11.7  1000.00 10000.00  0 18 
6273272079131668608 216.3146403 -23.4271698  0.325 -18.247 -11.095 16.631 0.800  3.4  1000.00 10000.00  0 16 
6273058121041609728 216.5316233 -23.8995019  0.150 -18.537 -11.609 18.554 0.875  3.3  1000.00 10000.00  0 16 
6271401775493137152 216.6179639 -26.0214274  0.427 -21.113 -12.980 18.844 1.001  2.9  1000.00 10000.00  0 16 
1604467668591945600 216.7245409  50.5832462  0.307   0.846   6.493 19.432 0.770  5.9  1000.00 10000.00  0 22 
6273386565779649152 216.8099523 -22.9420974  0.140 -18.387 -11.583 18.964 0.885  3.3  1000.00 10000.00  0 16 
1670653011543948800 216.8651927  68.0604188 -0.080  -7.773  -2.096 18.948 0.583 11.2  1000.00 10000.00  0 18 
1670641054354992768 217.0259871  68.0338018  0.207  -7.906  -2.394 18.625 0.732 11.7  1000.00 10000.00  0 18 
6272125322865005568 217.1133254 -25.0471876  0.241 -18.818 -12.040 19.434 0.982  3.1  1000.00 10000.00  0 16 
1611892537471154816 217.3223461  58.6958837  0.124  -7.159  -1.510 17.766 0.847 12.0  1000.00 10000.00  0  8 
6273201955201782016 217.3423582 -23.1030451  0.506 -18.550 -10.794 19.084 0.875  3.3  1000.00 10000.00  0 16 
1611887516653293568 217.4384890  58.5365718  0.090  -6.964  -1.527 18.340 0.707 11.9  1000.00 10000.00  0  8 
6272147489191136896 217.5843117 -24.7752888  0.440 -19.888 -11.685 15.432 0.840  3.1  -143.79     0.48  8 16 
6271440503214942080 217.6291003 -26.1380457  0.283 -22.670 -12.619 17.148 0.876  2.8  1000.00 10000.00  0 16 
1610306217070100736 217.7522524  56.2877926  0.171   0.824   6.295 18.369 0.674  5.2  1000.00 10000.00  0 22 
6271850277454269056 217.8326134 -25.5349030  0.400 -19.909 -12.939 11.441 1.199  2.9    74.08     0.12  8 16 
6273140000297327872 217.8741580 -23.2876115  0.393 -19.225 -12.202 16.558 0.754  3.3  1000.00 10000.00  0 16 
6279257030159631232 217.9304369 -22.4527455 -0.135 -18.983 -11.124 18.812 0.813  3.4  1000.00 10000.00  0 16 
6272361825239633280 217.9484754 -23.6820640  0.163 -18.345 -13.043 17.232 0.687  3.0  1000.00 10000.00  0 16 
6271860065684565376 217.9584676 -25.3550922  0.536 -21.949 -13.169 18.059 0.775  2.8  1000.00 10000.00  0 16 
6272368280574295936 218.0721695 -23.5891770  0.267 -19.943 -12.216 17.121 0.653  3.2  1000.00 10000.00  0 16 
1607068911240650240 218.1136791  54.7293214  0.154   1.157   5.995 17.324 0.604  5.8  1000.00 10000.00  0 22 
6272315817549567360 218.3187930 -23.7931512  0.304 -21.667 -13.619 16.758 0.669  3.0  1000.00 10000.00  0 16 
6272311037249938816 218.3510814 -23.8455720  0.790 -23.615 -13.187 19.086 1.002  3.0  1000.00 10000.00  0 16 
6279308093025916544 218.3617492 -22.3279522  0.033 -20.491 -10.498 19.174 0.929  3.3  1000.00 10000.00  0 16 
6279310665711435264 218.4917995 -22.2223860  0.175 -23.564 -12.676 19.192 1.030  2.9  1000.00 10000.00  0 16 
1697864068905979776 218.4968980  69.6611878  0.272 -17.326   5.989 17.793 0.688  3.5  1000.00 10000.00  0 21 
6272293513783168256 218.5191019 -23.9998006  0.409 -22.006 -13.035 18.095 0.787  2.9  1000.00 10000.00  0 16 
6278321212621284864 218.5834871 -23.5933875  0.442 -20.842 -13.276 12.328 1.057  2.9   -84.69     0.13  8 16 
6272019323071028864 218.8228096 -24.7392568  0.371 -20.807 -13.034 17.129 0.664  3.0  1000.00 10000.00  0 16 
1617162011370797568 218.8535533  58.7747837  0.053  -6.830  -1.416 17.903 0.839 11.9  -303.46     6.06  6  8 
6272028119164195968 219.0078882 -24.5719123  0.226 -20.994 -13.242 18.027 0.849  3.0  1000.00 10000.00  0 16 
1603562877897719680 219.0490209  50.4478771  0.088   0.116   5.143 17.395 0.580  5.5  1000.00 10000.00  0 22 
1670724273641707520 219.1408505  68.5101522 -0.000  -7.551  -1.680 18.493 0.588 10.1  1000.00 10000.00  0 18 
6278155834904877184 219.2461189 -23.4428042  0.306 -20.578 -13.517 17.914 0.855  2.9  1000.00 10000.00  0 16 
6278049182276451584 219.2870049 -24.1455230  0.448 -20.454 -12.400 17.524 0.688  3.2  1000.00 10000.00  0 16 
6278345706819717248 219.3232768 -23.3619360  0.363 -20.868 -13.057 16.855 0.692  3.0  1000.00 10000.00  0 16 
1611069720521236736 219.5820813  58.1707898  0.255  -6.020  -1.582 18.027 0.762 12.0  1000.00 10000.00  0  8 
1604350055207530880 219.5881477  52.0939951  0.956  -5.223  -0.961 15.999 0.856  5.7   -51.32     0.59  8 22 
1603928701735870336 219.6809395  50.4872785  0.206   0.464   4.820 18.454 0.671  5.5  1000.00 10000.00  0 22 
1670389747228457472 219.7938363  67.5606857  0.220 -16.816   5.553 11.487 1.190  4.2  -319.63     0.25  8 21 
1604273437287099776 219.8011644  51.4979996 -0.184   1.631   5.647 19.382 0.785  5.5  1000.00 10000.00  0 22 
6278947689435539328 219.8470227 -21.9798074 -0.261 -14.726 -14.805 19.321 0.826  3.1  1000.00 10000.00  0 16 
1617083430649710848 219.9944110  58.4518078  0.251  -6.765  -1.399 18.866 0.582 12.0  1000.00 10000.00  0  8 
6230022754894435712 220.0370478 -24.1314767  0.358 -22.663 -13.496 18.573 0.867  2.8  1000.00 10000.00  0 16 
1670741109913407104 220.1688541  68.6349977 -0.082  -7.776  -1.792 18.740 0.588 11.2  1000.00 10000.00  0 18 
1282401918039781888 220.7621448  28.7479856 -0.023   1.037  -3.731 18.331 0.694  9.2  1000.00 10000.00  0 20 
6278713149860826112 220.7626914 -22.2995023  0.193 -21.696 -13.671 17.047 0.694  2.9  1000.00 10000.00  0 16 
6229740352203832960 220.8508474 -24.7389128  0.376 -22.452 -13.100 18.132 0.864  2.8  1000.00 10000.00  0 16 
1616806250639622272 221.0860594  57.7832601  0.237   1.668   5.447 19.065 0.739  5.5  1000.00 10000.00  0 22 
1281626350024860672 221.1304283  28.3373945  0.221   1.095  -3.474 19.040 0.618  9.2  1000.00 10000.00  0 20 
6278795235276441216 221.1725280 -22.2124455  0.421 -22.157 -14.616 18.679 1.009  2.7  1000.00 10000.00  0 16 
6230576496437406976 221.1880611 -23.0343199  0.278 -22.520 -14.164 18.566 1.018  2.8  1000.00 10000.00  0 16 
6229873736708950144 221.2018394 -24.2963890  0.145 -22.354 -13.256 18.925 0.922  2.8  1000.00 10000.00  0 16 
1670476780446235648 221.2099225  68.0696115 -0.150  -7.443  -1.731 19.124 0.613 12.4  1000.00 10000.00  0 18 
6230534130880544640 221.2139341 -23.2718570  0.637 -24.029 -14.180 18.133 0.812  2.8  1000.00 10000.00  0 16 
1694556909728340608 221.2695782  68.5645603  0.361  -6.913  -2.020 18.618 0.851 10.7  1000.00 10000.00  0 18 
6230467472987187456 221.3013120 -23.7219468  0.390 -20.845 -13.085 18.393 0.955  3.1  1000.00 10000.00  0 16 
6230072542154047104 221.3061271 -23.9747884  0.523 -21.308 -13.081 18.138 0.860  2.9  1000.00 10000.00  0 16 
6278626464536923008 221.3135524 -22.7406251  1.109 -21.672 -12.757 19.229 1.053  2.8  1000.00 10000.00  0 16 
6229850750043523456 221.4646570 -24.6010496  0.360 -23.015 -13.695 18.045 0.923  2.8  1000.00 10000.00  0 16 
6228893900050188288 221.5737048 -25.5128762  0.280 -21.296 -14.022 18.371 0.958  2.8  1000.00 10000.00  0 16 
6230260318124437760 221.5925165 -23.9815265  0.362 -21.852 -15.023 18.567 0.911  2.8  1000.00 10000.00  0 16 
1670465716610067456 221.6583513  68.0875120  0.426  -7.433  -2.308 18.691 0.803 12.4  1000.00 10000.00  0 18 
1607462394668438528 221.7621899  56.0489438  0.366   1.847   5.771 18.050 0.602  5.4  1000.00 10000.00  0 22 
6229801993574844288 221.7648224 -24.5664906  0.137 -21.794 -13.122 18.746 0.973  2.8  1000.00 10000.00  0 16 
1669650089436438528 221.7705616  67.1660724  0.230 -16.340   5.956 15.832 0.855  4.2  -321.67     0.96  8 21 
6230265815683369088 221.8089626 -23.8597277  0.332 -22.126 -12.614 17.950 0.772  2.9  1000.00 10000.00  0 16 
1605598138344043904 221.9487477  52.1830300 -0.002   1.646   5.254 19.372 0.805  5.9  1000.00 10000.00  0 22 
1694614844542434816 221.9627486  69.2479008  0.222 -16.720   6.823 16.506 0.625  4.3  1000.00 10000.00  0 21 
1605773136787896320 221.9906365  52.9401979  0.024   1.596   4.539 18.897 0.679  5.7  1000.00 10000.00  0 22 
6230273104243938560 222.1901929 -23.9118412  0.403 -21.634 -13.839 19.028 0.870  3.1  1000.00 10000.00  0 16 
1694534678977231232 222.4074352  68.6412216  0.153  -7.554  -1.906 18.642 0.663 10.4  1000.00 10000.00  0 18 
1669582606910214016 222.4422762  66.8011652  0.177 -16.946   6.127 17.226 0.626  3.8  1000.00 10000.00  0 21 
1607432643430936960 222.4729024  56.1883067  0.163   2.029   5.937 16.804 0.634  5.1  1000.00 10000.00  0 22 
1694492141621461760 222.5644676  68.3501535  0.306  -7.321  -1.564 18.784 0.703 10.8  1000.00 10000.00  0 18 
6333578612583859072 222.8119008  -7.0742836 -0.013  -2.943  -3.350 15.003 1.335 18.7   -62.40     0.07 13 19 
1693722105524382208 222.9968657  68.0303478  0.115  -7.464  -1.478 18.086 0.756 10.3  1000.00 10000.00  0 18 
1606236095606481280 223.1040992  54.2565777  0.105   1.266   5.105 17.432 0.580  5.6  1000.00 10000.00  0 22 
1613951677935946368 223.2123218  58.4157835  0.168   1.408   5.282 17.077 0.650  5.7  1000.00 10000.00  0 22 
6333480171933254272 223.2240756  -7.4820334  0.042  -3.021  -4.028 15.815 1.161 17.7  -133.43     0.08 13 19 
1614392066703266176 223.8597550  59.3618949  0.051   2.171   5.910 19.077 0.790  5.5  1000.00 10000.00  0 22 
1606249122242914688 224.3374696  53.9304518  0.229   1.291   4.631 17.279 0.626  6.0  1000.00 10000.00  0 22 
1614079431739551104 224.4163928  58.3462670  0.314   1.499   5.345 19.393 0.711  5.7  1000.00 10000.00  0 22 
1693437886064704256 224.5282271  67.1857162 -0.141 -15.699   6.070 19.228 0.923  3.8  1000.00 10000.00  0 21 
1269543546165075584 224.5412314  27.9365164 -0.046   1.388  -4.031 17.681 0.845  9.2  1000.00 10000.00  0 20 
1269953182967462016 224.6655243  29.2719863  0.238   0.907  -4.962 18.974 0.621  8.5  1000.00 10000.00  0 20 
6340602872682101248 224.7090486  -1.7080577  0.211  -2.578  -2.080 17.983 1.022 26.0  1000.00 10000.00  0 19 
6334259004122921728 224.7827082  -5.3261288  0.058  -2.833  -3.330 15.997 1.180 20.5   -61.54     6.20 12 19 
6337319524803079040 224.8781361  -4.7279159  0.231  -2.847  -3.917 17.722 0.977 17.9   -33.45     1.50 10 19 
6338848120843286656 224.9393215  -4.3324004  0.059  -2.987  -2.954 17.231 1.043 19.8  1000.00 10000.00  0 19 
6335799209459458944 225.3233921  -4.8190028 -0.110  -2.994  -3.237 16.708 1.116 20.8   -59.34     9.28 12 19 
1620961854837137280 225.3863499  64.8212244  0.157 -15.936   5.963 18.828 0.840  4.0  1000.00 10000.00  0 21 
1268745640025552512 225.5518374  27.8040236  0.403   0.933  -4.777 18.984 0.663  7.5  1000.00 10000.00  0 20 
1613230020351520256 225.5543583  57.4426037  0.323   1.908   5.809 18.787 0.683  5.5   -21.71     9.16  7 22 
1269614391649742208 225.6063173  28.3154739  0.007   1.540  -3.975 17.679 0.853  9.0  1000.00 10000.00  0 20 
6339069023897054208 225.6264125  -3.3978211  0.052  -2.742  -2.919 16.217 1.106 20.3   -61.67    16.15 12 19 
1268718293969031296 225.6419222  27.4298938  0.134   1.529  -4.142 18.110 0.621  6.6  1000.00 10000.00  0 20 
1693585323702189696 225.6480138  67.9509677  0.035  -7.361  -1.070 17.955 0.838 10.6  1000.00 10000.00  0 18 
6339718526031201792 225.7998717  -2.4130301  0.267  -2.879  -3.197 17.150 1.004 16.9  1000.00 10000.00  0 19 
6339015216546749952 225.8127773  -3.5990107  0.103  -2.587  -3.213 17.632 0.997 22.4  1000.00 10000.00  0 19 
1693581402396273280 225.9789780  68.0276559  0.251  -6.771  -1.429 19.333 0.599 11.5  1000.00 10000.00  0 18 
1268833463516417280 226.0696182  27.9561207  0.349   1.672  -4.874 19.054 0.646  7.9  1000.00 10000.00  0 20 
1697113686579255680 226.2312949  72.6460386  0.078 -15.580   9.174 18.813 0.835  3.4  1000.00 10000.00  0 21 
1275650366888753536 226.2530988  28.7894817 -0.225   1.562  -4.084 19.348 0.694  8.6  1000.00 10000.00  0 20 
6339486112465206528 226.3742992  -2.9349333  0.130  -2.851  -3.166 17.869 1.006 22.6  1000.00 10000.00  0 19 
1600425932567734784 226.6319504  55.3254279  0.248   2.119   4.793 18.722 0.699  5.6  1000.00 10000.00  0 22 
6339591635517488128 226.7164638  -2.6459691 -0.041  -2.696  -3.125 18.008 0.962 18.2  1000.00 10000.00  0 19 
1600465862879535488 226.9234141  55.7865985  0.058   2.476   4.816 18.490 0.592  6.2  1000.00 10000.00  0 22 
1645262676718421376 226.9381960  66.3010453  0.247 -15.416   6.820 19.306 0.905  4.5  1000.00 10000.00  0 21 
1274831333805625344 227.0085978  28.4293819  0.402   1.202  -4.768 17.779 0.769  8.4  1000.00 10000.00  0 20 
6339645953968373376 227.0297862  -2.1107217  0.188  -2.562  -2.757 16.963 1.113 23.7   -60.72     0.35 11 19 
1274925758666237568 227.0386381  28.9427803  0.129   0.524  -5.440 19.292 0.662  9.0  1000.00 10000.00  0 20 
4418445788989940864 227.0682536  -0.8369435  0.436  -3.951  -2.681 17.735 1.030 20.0    25.53     2.59  9 19 
6339631114857033856 227.0787144  -2.2156949 -0.037  -2.879  -3.088 17.600 1.078 25.1   -62.94     0.69 10 19 
1693987190906231296 227.2832351  68.3590072 -0.165  -7.432  -0.837 18.910 0.627 12.3  1000.00 10000.00  0 18 
4418161221636772992 227.6625790  -1.4458538  0.041  -2.729  -2.797 16.478 1.138 22.8   -57.21     1.02  9 19 
1274600470723444224 227.7195032  27.9266510  0.153   1.626  -4.349 18.497 0.645  7.7  1000.00 10000.00  0 20 
1620083963521968000 227.8805358  64.1534417  0.486 -14.555   6.575 18.957 0.835  4.2  1000.00 10000.00  0 21 
1693924316880710912 227.9696611  68.2103149  0.175 -14.837   7.907 16.282 0.700  4.4  1000.00 10000.00  0 21 
4418956787018920704 228.3282063  -0.0298389  0.173  -3.062  -3.285 17.848 0.947 15.8  1000.00 10000.00  0 19 
4418310274181701632 228.4185208  -0.7081317 -0.002  -2.761  -2.817 16.531 1.131 23.4   -60.41     1.04  9 19 
1274785845812429696 228.4699307  29.0088018  0.123   1.560  -3.928 18.159 0.647  8.7  1000.00 10000.00  0 20 
1274773300207682560 228.5009658  28.9059300  0.300   1.956  -5.973 18.949 0.653  7.3   -99.57     6.90  7 20 
1274663009747643008 228.5349719  28.1131564  0.214   1.376  -5.141 17.074 0.887  7.4   -91.17     6.41  4 20 
4418688536245813888 228.5715834  -0.5523348 -0.162  -2.777  -2.598 17.795 1.014 24.3   -61.74     2.94  9 19 
1644174984840968064 228.5903118  64.8341081  0.283 -14.459   6.973 18.673 0.785  4.5  1000.00 10000.00  0 21 
4418292505901154432 228.6243013  -0.8597730  0.101  -3.107  -2.603 17.031 1.189 26.9  1000.00 10000.00  0 19 
1694133498967878400 228.6736666  69.2618403  0.247 -14.754   8.430 16.335 0.668  4.0   223.19     1.97  8 21 
1274676925441694336 228.7002278  28.4323160  0.071   1.208  -4.387 19.262 0.657  8.4  1000.00 10000.00  0 20 
1644235492339984000 229.0045000  65.6359374  0.048 -14.312   7.324 17.808 0.618  4.5  1000.00 10000.00  0 21 
4418693724566344192 229.0062984  -0.4671908  0.264  -2.383  -2.883 18.247 1.033 28.1  1000.00 10000.00  0 19 
4419089759206363776 229.0155961   0.4583297  0.051  -3.886  -2.520 16.538 1.129 20.9   -48.35     1.32  9 19 
1722206569149518720 229.0200574  82.0783126  0.057 -16.497   7.727 19.231 0.925  3.5  1000.00 10000.00  0 17 
1601024792743487616 229.1880309  57.2373150  0.069   2.229   4.605 18.683 0.658  5.9  1000.00 10000.00  0 22 
1615854730700940800 229.2438376  60.4374973  0.275   3.187   6.418 19.268 0.901  5.1  1000.00 10000.00  0 22 
1693960532044935552 229.2775536  68.5306346  0.006  -6.976  -0.980 17.919 0.893 11.8  1000.00 10000.00  0 18 
1271260669794828800 229.3250560  26.9542636  0.359   1.849  -4.818 19.292 0.711  6.7  1000.00 10000.00  0 20 
4419070208514387072 229.4254259   0.5479087 -0.019  -2.690  -2.788 18.134 0.999 22.2   -56.01     1.71 10 19 
1644158079849832704 229.5376052  65.0134453  0.132 -14.156   7.084 19.037 0.779  4.5  1000.00 10000.00  0 21 
1272057884444416256 229.5857040  28.4443620  0.049   1.869  -4.416 18.692 0.624  8.7  1000.00 10000.00  0 20 
4419055055870634368 229.6495431   0.4527582  0.034  -2.703  -2.687 15.276 1.330 21.5   -56.29     0.02  1 19 
1645903588918730880 229.8507356  68.2944426 -0.053  -8.102  -0.711 18.270 0.663 10.0  1000.00 10000.00  0 18 
1614755867612379392 229.9413380  58.8008806  0.380   2.354   4.560 19.162 0.719  5.8  1000.00 10000.00  0 22 
4420577192280259840 230.1912066   0.9175526  0.031  -2.783  -2.650 14.790 1.370 19.1   -56.30     0.06  1 19 
4420607768151633408 230.2064819   1.1328019 -0.096  -2.921  -2.607 17.739 1.012 23.2   -48.15     1.75 10 19 
1272028373726758144 230.2278013  28.5254445  0.163   2.421  -3.956 17.827 0.817  8.4  1000.00 10000.00  0 20 
1645852878240165120 230.3131966  68.2007407  0.271  -6.886  -0.578 17.775 0.866 11.2  1000.00 10000.00  0 18 
4420603163946657792 230.3583508   1.0449117  0.136  -2.787  -2.482 17.084 1.074 21.7   -54.64     0.36 11 19 
1645852534642780672 230.3811568  68.1667260  0.117  -7.091  -0.430 12.441 1.449 11.2  -284.78     0.22  8 18 
1645832842217211008 230.3926435  67.8796588 -0.045  -6.576  -0.379 18.786 0.614 11.8  1000.00 10000.00  0 18 
1645833185814626048 230.5112401  67.9186948 -0.137  -7.188  -0.231 19.236 0.592 10.6  1000.00 10000.00  0 18 
1271710408707991424 230.5296294  27.5027598  0.362   0.459  -4.993 19.192 0.721  8.9  1000.00 10000.00  0 20 
4420734662961249280 230.7452307   1.6322181 -0.089  -2.645  -2.560 16.762 1.098 22.1   -55.37     1.73 10 19 
1645929667959988864 230.7669601  68.0687669 -0.027  -7.247  -0.473 17.559 0.868 11.1  1000.00 10000.00  0 18 
1646049617806293888 230.8213452  68.9873914  0.263 -15.091   8.865 16.797 0.605  3.7  1000.00 10000.00  0 21 
4420740912138482944 230.9650468   1.5512863  0.029  -2.617  -2.727 17.659 1.048 24.6   -53.71     0.35 11 19 
4420552418908966912 231.0202145   1.4702262  0.036  -2.752  -2.483 16.938 1.059 21.5   -56.67     0.18 11 19 
4420524445786697344 231.0541538   1.3691606  0.143  -2.669  -2.535 16.884 1.072 19.6   -51.73     0.22 11 19 
4421145811590429696 231.2076156   2.0230309  0.068  -2.775  -2.501 14.308 1.536 20.0  1000.00 10000.00  0 19 
1270997886515915008 231.2121559  27.8350023  0.183   1.253  -5.330 19.283 0.734  7.2  1000.00 10000.00  0 20 
1271982808415438464 231.2665057  29.1780768  0.257   2.135  -4.470 18.940 0.660  8.2  1000.00 10000.00  0 20 
1271926217926711552 231.2699324  28.5904799  0.135   1.546  -4.309 17.632 0.741  7.5  1000.00 10000.00  0 20 
1640721629272921088 231.3259124  62.9159520  0.127 -13.575   6.939 18.561 0.736  4.6  1000.00 10000.00  0 21 
1645983647108829184 231.3344519  68.7056641  0.399  -7.394  -0.803 18.917 0.646 10.9  1000.00 10000.00  0 18 
1724043509482183168 231.4181882  83.6767006  0.018 -16.169   8.000 18.887 0.940  3.7  1000.00 10000.00  0 17 
4420934048228488320 231.5020781   1.6728283  0.104  -2.721  -2.614 16.359 1.152 21.3   -45.17    10.34 12 19 
1271880107157671296 231.6985707  28.3374548  0.050   1.462  -4.132 18.596 0.637  7.8  1000.00 10000.00  0 20 
1271890105841660928 231.7837692  28.5503891  0.303   2.142  -3.963 18.737 0.654  8.0  1000.00 10000.00  0 20 
1644785145074821120 231.8722522  66.8312077  0.276 -13.864   8.310 18.867 0.915  3.5  1000.00 10000.00  0 21 
4420970057233967360 231.8757135   2.0211698 -0.070  -2.806  -2.397 18.139 0.997 24.4   -58.02     1.46 10 19 
1644770645265149952 232.1081873  66.6801792  0.105 -13.827   8.493 18.393 0.857  3.5  1000.00 10000.00  0 21 
1270697754200382464 232.1696409  26.9552015  0.164   2.127  -4.916 18.475 0.647  6.5  1000.00 10000.00  0 20 
1645725949070843008 232.2236191  67.9066562 -0.009  -7.346  -0.293 18.922 0.593 12.6  1000.00 10000.00  0 18 
1645726876783828096 232.3191340  67.9912411  0.246  -7.673   0.260 18.243 0.802 12.0  1000.00 10000.00  0 18 
4421086266163973376 232.5253808   2.5236066 -0.202  -2.643  -2.475 16.979 1.094 22.7   -54.46     0.43 11 19 
4420897356322649344 232.6258280   1.8814160  0.004  -2.667  -2.547 14.189 1.586 22.5  1000.00 10000.00  0 19 
4421122408313164800 232.7858565   2.8508506  0.037  -2.768  -2.584 16.549 1.163 21.7   -55.24    14.60 12 19 
1270853678694146560 232.8766639  27.7858133 -0.070   2.174  -5.018 18.983 0.659  7.2  1000.00 10000.00  0 20 
4421003390475069824 232.9010875   2.1618798  0.378  -2.259  -2.520 17.747 1.019 23.9  1000.00 10000.00  0 19 
1645686710249600256 233.0718967  67.8493715 -0.032  -7.006  -0.152 18.806 0.660 11.2  1000.00 10000.00  0 18 
1645679292841902720 233.2360004  67.6416342  0.099  -6.898  -0.258 17.438 0.893 11.0  1000.00 10000.00  0 18 
1641369482139163776 233.2982862  64.8650618  0.209 -13.439   8.091 17.241 0.619  3.8  1000.00 10000.00  0 21 
4427055922812754688 233.6283164   2.8161163  0.136  -2.609  -2.357 18.098 0.974 23.3  1000.00 10000.00  0 19 
1647277153819151104 233.7006153  68.7359038  0.222 -13.216   9.421 19.225 0.897  3.6  1000.00 10000.00  0 21 
1644932518288244992 233.8287130  67.6704056  0.079  -5.691  -0.673 19.117 0.805 12.8  1000.00 10000.00  0 18 
1646423142522135680 234.4270990  67.7314687 -0.062  -7.198  -0.044 18.260 0.677 10.6  1000.00 10000.00  0 18 
1641340104562897792 234.6666567  64.9838599  0.249 -13.008   8.158 17.695 0.669  3.6  1000.00 10000.00  0 21 
1646421153953215104 234.6719919  67.7495139  0.231  -6.878  -0.458 18.614 0.605 11.4  1000.00 10000.00  0 18 
1641072059947855488 234.6847208  63.9830124  0.167 -12.487   8.341 18.834 0.929  3.6  1000.00 10000.00  0 21 
1639846070123510784 234.6997634  62.9791163  0.241 -12.965   7.561 18.947 0.875  3.8  1000.00 10000.00  0 21 
1224411785005645824 234.7720716  28.3937267 -0.037   1.933  -5.031 19.484 0.756  7.8  1000.00 10000.00  0 20 
1641403665783423104 234.7825467  65.4790488  0.200 -13.495   9.525 19.130 0.898  3.8  1000.00 10000.00  0 21 
4424091678120012672 234.8253182   2.6684278  0.076  -3.778  -2.873 13.795 1.490 15.4   -31.21     3.43  4 19 
1224282867266615168 234.8800184  27.5332651  0.211   2.056  -5.285 19.366 0.725  6.9  1000.00 10000.00  0 20 
4427604239813307904 234.9773196   3.7233150  0.012  -2.535  -2.017 17.092 1.122 23.8  1000.00 10000.00  0 19 
1224086260844180096 235.1062282  27.3454344  0.499   2.310  -4.977 19.318 0.763  7.2  1000.00 10000.00  0 20 
1224076610054007680 235.4332992  27.2820156  0.376   2.569  -5.241 19.219 0.666  7.6  1000.00 10000.00  0 20 
1224777475700418944 235.4418233  28.5318402  0.200   1.674  -4.847 18.528 0.634  7.2  1000.00 10000.00  0 20 
1641440744237055104 235.4449941  65.2770043  0.164 -12.610   8.495 17.605 0.655  3.7  1000.00 10000.00  0 21 
1224127080212787712 235.5089238  27.6884119  0.118   2.203  -4.978 18.324 0.629  8.0  1000.00 10000.00  0 20 
1224129347955540480 235.6206220  27.7918207  0.283   2.292  -4.816 18.173 0.673  8.1  1000.00 10000.00  0 20 
4427787617737018368 236.0234906   4.7141498  0.359  -3.120  -2.778 17.476 1.007 20.2  1000.00 10000.00  0 19 
1224502013678132736 236.0643367  27.9841749  0.047   1.850  -5.597 17.364 0.700  7.0  1000.00 10000.00  0 20 
4424728669013174784 236.1055981   4.1835159  0.135  -2.104  -1.265 18.543 0.993 28.3    21.90     1.48 10 19 
1224041730622557568 236.1173907  27.3169485 -0.291   2.437  -5.180 19.256 0.625  7.3  1000.00 10000.00  0 20 
1627478969493230592 236.4405220  61.6669149  0.299   3.053   4.516 18.489 0.639  6.3  1000.00 10000.00  0 22 
1627354862117231488 236.4558384  60.7091645 -0.076   3.452   4.548 19.347 0.727  7.5  1000.00 10000.00  0 22 
4424701249942762368 236.4897539   4.1470097  0.501  -3.474  -2.541 18.231 0.944 19.4  1000.00 10000.00  0 19 
1223673398524295296 236.5175617  27.4355804 -0.055   2.356  -5.105 19.091 0.705  7.2  1000.00 10000.00  0 20 
1639975404474889728 236.5423882  62.9086208  0.314 -12.325   7.894 16.625 0.620  4.6  1000.00 10000.00  0 21 
1224479301891303424 236.5464669  28.0630836  0.330   2.311  -4.996 18.745 0.658  6.9  1000.00 10000.00  0 20 
1641221730968550656 236.7504571  64.9363545  0.092   3.089   4.937 17.831 0.602  5.5  1000.00 10000.00  0 22 
1224562796054921728 236.8148584  28.1303246  0.299   1.990  -5.007 19.082 0.668  7.2  1000.00 10000.00  0 20 
1639957468691526656 236.8176527  62.6826564  0.214 -11.944   8.051 18.138 0.715  3.8  1000.00 10000.00  0 21 
1626114716080349952 236.8565694  58.8392947  0.435 -11.525   6.334 18.962 0.828  3.8  1000.00 10000.00  0 21 
1627487937384049920 236.8796612  61.8892531  0.184 -11.970   7.816 17.578 0.675  3.8  1000.00 10000.00  0 21 
1223711430457984512 236.9029103  27.8492735  0.043   2.379  -4.630 18.903 0.665  7.9  1000.00 10000.00  0 20 
1627359363242977920 236.9190164  60.8212849  0.165 -11.787   7.378 17.621 0.601  4.7  -380.07     4.14  7 21 
1223578565646325888 236.9717547  26.8244229 -0.025   2.916  -5.106 19.385 0.723  7.3  1000.00 10000.00  0 20 
1223616116543415808 237.4852230  27.1672247  0.095   2.593  -4.195 18.861 0.624  7.2  1000.00 10000.00  0 20 
1223428619749154176 237.5436106  27.1596731  0.223   1.836  -5.560 17.997 0.695  7.3  1000.00 10000.00  0 20 
4426359627014388736 237.5531402   5.1417096  0.076  -4.187  -3.417 16.967 0.999 16.0  1000.00 10000.00  0 19 
1646114901311540608 237.5982466  67.1985107 -0.058  -6.867   0.494 18.272 0.704 10.5  1000.00 10000.00  0 18 
1223324234863007616 237.7107313  26.5518368  0.317   2.769  -5.638 18.508 0.646  7.2  -182.75     6.78  6 20 
1639923104657193856 237.8548242  62.7181597  0.143 -11.840   8.623 18.545 0.736  4.1  1000.00 10000.00  0 21 
4426145428405256320 237.8834647   4.8149948 -0.258  -3.069  -2.262 18.535 0.983 25.0  1000.00 10000.00  0 19 
1625844068717461248 238.3461966  58.0421032  0.280 -11.159   6.314 17.376 0.614  4.2  1000.00 10000.00  0 21 
1223487890296497536 238.5986764  27.3146558  0.126   2.630  -5.815 19.367 0.708  7.4  1000.00 10000.00  0 20 
1626736318107366016 238.5996778  60.3652727  0.448 -10.974   7.330 19.118 0.851  4.4  1000.00 10000.00  0 21 
1627508896825123968 238.6272768  60.8220219  0.351 -11.276   7.410 18.670 0.784  4.1  1000.00 10000.00  0 21 
4426795132398428672 238.8667707   5.8401524  0.110  -4.498  -3.247 18.559 0.920 16.1  1000.00 10000.00  0 19 
1709005729467406208 239.2377536  80.3451971  0.206 -16.612  12.031 18.400 0.797  3.3  1000.00 10000.00  0 17 
1316547079841630080 239.2757025  27.1863238  0.187   2.713  -5.176 19.296 0.695  7.2  1000.00 10000.00  0 20 
1626643894707125504 239.2787702  59.6976797  0.163 -10.624   7.368 15.787 0.865  4.6   -87.18     1.33  8 21 
1708986694173114240 239.4222341  80.0778412  0.108 -16.986  12.293 17.425 0.669  3.2  1000.00 10000.00  0 17 
1642901101836607488 239.5783517  66.2221497  0.035   2.969   5.097 17.999 0.594  6.0  1000.00 10000.00  0 22 
1316479670331603968 239.6238704  26.9379936  0.269   3.784  -6.099 17.230 0.640  7.0  1000.00 10000.00  0 20 
1316460291439147648 239.8014599  26.7304131  0.217   3.004  -4.948 17.458 0.885  8.3   -31.06    62.67  4 20 
1316574258394153856 239.8617782  27.5299088 -0.150   2.634  -4.570 18.721 0.611  7.4  1000.00 10000.00  0 20 
1316274199095939456 240.1299500  26.6671466 -0.173   2.702  -5.445 19.453 0.736  7.1  1000.00 10000.00  0 20 
1627976674598644480 240.1847492  62.8313540  0.090   3.045   4.441 18.239 0.587  6.8  1000.00 10000.00  0 22 
4426665153805895808 240.2558126   5.9526754  0.043  -2.723  -2.273 16.798 1.117 22.9   -46.56     2.14  6 19 
1316504718580947968 240.3679367  27.2122679  0.172   3.303  -5.783 18.946 0.676  6.7  1000.00 10000.00  0 20 
1621646197746603904 240.3736289  56.1542505  0.202 -10.494   6.158 17.430 0.606  4.4  1000.00 10000.00  0 21 
1623344599614078208 240.3788427  58.8235445  0.035 -10.536   6.619 19.426 0.795  4.6  1000.00 10000.00  0 21 
1709018992326481920 240.6659664  80.4575473  0.175 -16.111  12.196 17.653 0.685  3.3  1000.00 10000.00  0 17 
1316324256937726080 241.0687537  26.8460362 -0.109   2.586  -5.480 19.008 0.736  6.9  1000.00 10000.00  0 20 
1315447293336125952 241.3252855  26.1595310 -0.009   3.593  -5.189 19.348 0.780  6.8  1000.00 10000.00  0 20 
1315604317340205696 241.6961350  27.0274134  0.333   2.078  -5.381 17.453 0.724  6.7  1000.00 10000.00  0 20 
1315604901455777024 241.7096645  27.0730474  0.424   2.954  -7.035 17.275 0.872  7.2  1000.00 10000.00  0 20 
1315478564994144768 241.8157028  26.1166600  0.239   3.982  -4.760 17.457 0.715  6.7  1000.00 10000.00  0 20 
1315103322291766272 242.4059231  25.3780364  0.304   2.425  -6.436 17.226 0.772  7.3  1000.00 10000.00  0 20 
1429329450701470464 242.5568091  55.8005094  0.288  -9.538   6.247 18.764 0.734  4.9  1000.00 10000.00  0 21 
1621863355588591616 242.5727512  56.0066694  0.198  -9.362   6.740 16.425 0.727  4.8  -186.47     2.19  8 21 
1629627105975410304 242.7811590  63.9324294 -0.242   4.128   3.802 19.360 0.695  6.3  1000.00 10000.00  0 22 
1315245154994540672 242.7987746  25.8298415  0.468   3.278  -5.604 19.421 0.711  7.4  1000.00 10000.00  0 20 
1428938127640441472 242.8989664  54.1922549  0.101  -9.490   6.197 19.236 0.778  5.1  1000.00 10000.00  0 21 
1303218902968952576 243.1610456  25.6959864  0.041   3.056  -5.716 17.723 0.792  8.2  1000.00 10000.00  0 20 
1303586689608010112 243.5103500  25.7796307  0.258   3.079  -5.750 17.751 0.710  7.8  1000.00 10000.00  0 20 
1315680046204036480 243.5629863  26.7169453  0.301   3.121  -5.827 19.052 0.740  6.5  1000.00 10000.00  0 20 
1424780083902357632 243.6643325  52.1098119  0.212  -8.969   5.525 18.106 0.643  5.1  1000.00 10000.00  0 21 
1629444690125080064 243.7358703  63.8237507 -0.055   4.381   4.086 18.389 0.651  6.0  1000.00 10000.00  0 22 
1629376520403844096 243.7743891  63.4569521  0.382   3.513   2.261 19.181 0.712  6.7  1000.00 10000.00  0 22 
1303593939513241216 243.8846859  25.9894071  0.115   3.457  -7.442 17.620 0.758  6.4  1000.00 10000.00  0 20 
1302946773841391488 243.9523118  25.1944980  0.253   2.927  -6.242 19.256 0.666  7.8  1000.00 10000.00  0 20 
1303544152252146432 244.0346459  25.8266148  0.298   2.312  -8.364 19.213 0.689  6.9  1000.00 10000.00  0 20 
1303619232577384320 244.1002699  26.1055478  0.169   3.136  -6.057 17.153 0.799  7.1    55.99    12.68 12 20 
1302926746409884800 244.1115620  24.9856852  0.113   2.454  -5.893 17.203 0.802  6.8  1000.00 10000.00  0 20 
1301838912796479104 244.1547225  23.1092147  0.122   4.269  -7.560 18.949 0.717  5.2  1000.00 10000.00  0 20 
1424726757588271872 244.5853021  51.8656695  0.189  -8.623   5.335 17.683 0.598  5.2  -396.45     4.13  6 21 
1301989271011740160 244.6635380  23.6870048 -0.014   2.651  -4.758 19.415 0.683  7.3  1000.00 10000.00  0 20 
1424748545957712128 244.8130476  52.1113230  0.297  -8.841   5.802 16.520 0.745  5.1  1000.00 10000.00  0 21 
1303431349231233152 245.5733076  26.0880511 -0.081   3.210  -6.102 18.723 0.629  6.9  1000.00 10000.00  0 20 
1305240221954095232 245.5957659  27.0854124  0.222   2.475  -5.698 16.402 0.868  6.3  1000.00 10000.00  0 20 
1304937031622721664 245.8400352  26.1987591  0.295   3.153  -5.542 17.495 0.837  7.2  1000.00 10000.00  0 20 
1302128977708105600 245.8922522  23.7482113 -0.000   3.296  -5.530 19.088 0.706  6.7  1000.00 10000.00  0 20 
1302658873593212800 246.0244905  25.7045624  0.391   3.101  -5.847 18.127 0.645  6.9  1000.00 10000.00  0 20 
1299096455919540480 246.2108494  23.2474588  0.312   4.006  -6.638 17.207 0.859  6.9  1000.00 10000.00  0 20 
1302106442016321536 246.2352662  23.5055784  0.347   4.372  -7.217 16.582 0.785  5.1  1000.00 10000.00  0 20 
1299029836682703872 246.5529444  22.9799529  0.106   5.020  -7.697 18.986 0.814  5.6  1000.00 10000.00  0 20 
1303868473822693376 247.0154948  25.1475346  0.166   3.103  -6.490 18.860 0.650  6.8  1000.00 10000.00  0 20 
1630203907200000128 247.1539787  65.5563566  0.202   4.769   3.556 19.017 0.674  6.3  1000.00 10000.00  0 22 
1405490118761211008 247.2071630  43.4577758  0.116  -4.813  -2.776 18.314 0.592 10.1  1000.00 10000.00  0 24 
1298806464023960704 247.3147581  22.6177506 -0.167   4.245  -7.135 19.210 0.747  6.0  1000.00 10000.00  0 20 
1299165553352932864 247.3410554  23.5215355  0.082   4.341  -7.121 18.524 0.633  6.4  1000.00 10000.00  0 20 
1303902971000435584 247.4406855  25.4556698  0.272   3.925  -6.913 16.552 0.848  6.5  1000.00 10000.00  0 20 
1298861435309506176 247.5772127  23.1860315  0.251   3.603  -6.721 18.978 0.697  7.0  1000.00 10000.00  0 20 
1303809482448129408 247.6436969  25.0852245  0.213   2.806  -6.001 15.872 0.962  7.7    22.02     5.33 12 20 
1304021065421403776 247.6517807  25.8067197 -0.119   3.444  -6.223 18.073 0.656  7.0  1000.00 10000.00  0 20 
1629893913640296320 247.7260418  64.6407802  0.293   4.593   3.915 16.800 0.786  6.1  1000.00 10000.00  0 22 
1298791891198818304 247.7368738  22.7954474  0.015   4.849  -7.405 18.395 0.687  5.5  1000.00 10000.00  0 20 
1300800561503357568 247.8287058  24.8771693  0.283   2.753  -7.104 17.080 0.792  6.9  1000.00 10000.00  0 20 
1405182285569803776 247.9473210  42.6655969  0.084  -4.104  -2.295 18.478 0.619 11.6  1000.00 10000.00  0 24 
1405176478773237888 248.0023429  42.4818110  0.336  -3.926  -2.595 17.928 0.841 11.7  1000.00 10000.00  0 24 
1704522642603918592 248.1190406  77.5937793  0.318 -16.845  15.446 17.952 0.786  3.3  1000.00 10000.00  0 17 
1405245958460499328 248.2681065  43.1518112  0.036  -6.190  -3.005 17.795 0.616  8.1  1000.00 10000.00  0 24 
1297949665291985792 248.5313508  22.2327447  0.112   4.646  -7.021 19.289 0.777  6.4  1000.00 10000.00  0 20 
1405169851640385280 248.5322900  42.5899140 -0.004  -3.993  -2.345 18.727 0.595 11.7  1000.00 10000.00  0 24 
1298106727951816448 248.6113865  22.6668233  0.257   4.756  -7.365 17.082 0.799  6.1  1000.00 10000.00  0 20 
1406434667968648960 248.8179230  44.9090483  0.034  -6.025  -1.980 17.632 0.765  7.8  1000.00 10000.00  0 24 
1297660425014204288 249.0285662  21.4677165  0.266   5.014  -7.948 19.180 0.804  5.9  1000.00 10000.00  0 20 
1300424184929213568 249.1296822  23.5798137  0.053   4.186  -7.431 19.488 0.736  6.6  1000.00 10000.00  0 20 
1405610137327491456 249.2242110  44.4314091  0.154  -4.829  -2.509 17.588 0.789  8.5  1000.00 10000.00  0 24 
1300659106757081088 249.2904739  24.8530897  0.181   3.243  -6.352 18.038 0.649  7.5  1000.00 10000.00  0 20 
1300678966685993216 249.5037220  24.8661918  0.327   2.900  -6.386 17.448 0.871  7.8  1000.00 10000.00  0 20 
1405977679153447552 249.6062672  44.4945731  0.421  -6.486  -3.416 19.097 0.660  7.1  1000.00 10000.00  0 24 
1299631059088974080 249.7755450  23.4111352  0.117   5.228  -7.783 19.313 0.746  6.2  1000.00 10000.00  0 20 
1299415937063374336 250.2328929  23.0563134  0.076   5.510  -7.405 18.581 0.660  6.5  1000.00 10000.00  0 20 
1301110525000233472 250.2942796  25.6902571  0.240   3.231  -6.416 17.238 0.711  6.2  1000.00 10000.00  0 20 
1405800760859508480 250.3817254  44.4622934  0.186  -5.605  -2.560 17.619 0.689  7.7  1000.00 10000.00  0 24 
1299828494442015232 250.5521391  24.2886907  0.375   2.826  -7.175 17.704 0.799  6.5  1000.00 10000.00  0 20 
1705759971142777600 250.6222544  77.2240117  0.147 -14.805  16.579 18.865 0.983  3.2  1000.00 10000.00  0 17 
4564081120612405888 250.6634033  21.0083969  0.199   5.049  -7.820 19.194 0.668  6.6  1000.00 10000.00  0 20 
1357668574201754496 250.7106094  43.6679740  0.162  -4.993  -4.085 18.981 0.612  7.0  1000.00 10000.00  0 24 
1357687957390476416 250.7674478  43.9195276  0.326  -5.230  -2.175 18.080 0.662  9.8  1000.00 10000.00  0 24 
1300243216483949312 250.8993602  24.7465759  0.003   3.718  -5.992 19.483 0.735  6.6  1000.00 10000.00  0 20 
1300266443667209344 250.9559549  25.0591579  0.151   3.353  -6.422 18.951 0.739  6.1  1000.00 10000.00  0 20 
1357606554873981056 251.0439890  43.5891416 -0.009  -4.938  -1.845 17.925 0.604  8.9  1000.00 10000.00  0 24 
1405856737169412992 251.1579240  44.7776692  0.180  -7.889  -2.313 17.453 0.631  6.7  1000.00 10000.00  0 24 
1299939579476805504 251.2226837  23.8554983  0.357   1.511  -8.314 15.726 0.925  6.6     9.47     0.44  8 20 
1299953701328650624 251.2315553  24.1002052  0.266   3.628  -7.177 17.059 0.861  6.8  1000.00 10000.00  0 20 
1300189645355114496 251.2800956  24.6471585  0.033   4.138  -7.199 19.053 0.747  6.2  1000.00 10000.00  0 20 
1357794811881071104 251.3566959  44.4014374  0.123  -5.496  -1.082 19.326 0.589  8.1  1000.00 10000.00  0 24 
1634945752956687104 251.4315530  64.8291952  0.181   3.967   3.077 16.848 0.825  6.7  1000.00 10000.00  0 22 
1357518181627516160 251.6800672  43.7455942  0.106  -6.476  -1.477 17.960 0.661  8.0  -122.40     3.77  7 24 
1357537423080980224 251.7755356  43.6867678  0.190  -4.942  -1.905 17.746 0.726  8.8  1000.00 10000.00  0 24 
1357749907998449920 251.7981301  44.1696328  0.241  -5.821  -2.090 17.070 0.841  8.2  1000.00 10000.00  0 24 
1635255647733527808 251.8931354  65.3834873  0.130   3.923   2.956 13.018 1.141  6.8   -33.12     0.36  8 22 
4565577104963773952 251.9055303  21.2674653 -0.069   5.201  -7.463 19.128 0.711  6.0  1000.00 10000.00  0 20 
1357757256686961152 251.9318403  44.2828768  0.214  -6.346  -2.176 17.402 0.811  7.9  1000.00 10000.00  0 24 
4564780165193248256 252.1072918  20.9128912  0.294   4.986  -8.777 19.222 0.788  5.9  1000.00 10000.00  0 20 
1299901130929032320 252.1222459  23.9640255  0.226   3.468  -6.586 17.237 0.761  6.8  1000.00 10000.00  0 20 
1299901130929032448 252.1223663  23.9651308  0.191   3.672  -6.589 17.337 0.777  6.8  1000.00 10000.00  0 20 
4565563601587302272 252.1775542  21.2806589  0.185   5.492  -8.504 19.107 0.764  5.6  1000.00 10000.00  0 20 
1357747292362892800 252.2121879  44.3810377  0.075  -5.026  -1.514 17.954 0.680  9.4  1000.00 10000.00  0 24 
1300016369194117632 252.2446125  24.2989956  0.204   3.430  -6.266 16.677 0.868  6.5  1000.00 10000.00  0 20 
1357528111591884032 252.2543763  43.6929413  0.175  -5.676  -1.604 17.690 0.737  8.7  1000.00 10000.00  0 24 
1357461217476921728 252.5042202  43.4546149  0.029  -6.994  -2.225 17.836 0.622  8.4  1000.00 10000.00  0 24 
1356422282068065792 252.8906978  42.4297812 -0.049  -4.253  -2.538 18.152 0.707  9.9  1000.00 10000.00  0 24 
4564726980614054272 252.9955657  20.7127707  0.181   5.635  -9.033 17.859 0.668  6.7  1000.00 10000.00  0 20 
1358245272346850944 253.3144682  43.8215551  0.102  -5.366  -1.713 18.392 0.608  9.4  1000.00 10000.00  0 24 
1635299177225679104 253.3358521  66.0460863  0.105   3.972   3.089 17.721 0.574  6.6  1000.00 10000.00  0 22 
1359005722076103936 253.5426959  44.0589579  0.009  -5.119  -1.776 17.903 0.698  8.6  1000.00 10000.00  0 24 
1635011792373656448 253.8822692  65.1210936  0.093   3.950   2.711 17.745 0.568  6.9  1000.00 10000.00  0 22 
1359198716430563328 253.8947783  45.0104557  0.218  -4.534  -1.020 17.195 0.856  8.5  1000.00 10000.00  0 24 
4565052466118394880 254.0598446  21.3576462  0.389   5.537  -8.744 18.426 0.655  6.0  1000.00 10000.00  0 20 
1649380657002109440 254.1765248  70.0980934  0.027   4.183   3.613 19.484 0.719  6.9  1000.00 10000.00  0 22 
4566278249785111680 254.2761240  23.3696606  0.341   3.771  -7.306 19.233 0.720  6.8  1000.00 10000.00  0 20 
4565086383478800512 254.3564491  21.6719615  0.267   5.456  -8.964 19.427 0.799  5.8  1000.00 10000.00  0 20 
4564968907532402688 254.4996700  20.9545330 -0.033   4.875  -8.408 18.451 0.739  5.6  1000.00 10000.00  0 20 
1635382847485550976 254.6609728  65.2580200  0.122   3.922   2.429 18.666 0.597  7.1  1000.00 10000.00  0 22 
1358383840875679872 254.7396875  44.6204783 -0.088  -3.583  -0.347 18.562 0.680 11.5  1000.00 10000.00  0 24 
4564973133780182784 254.8469911  21.0697774  0.128   4.534  -7.661 17.147 0.782  6.5  1000.00 10000.00  0 20 
4571507531383945472 254.8798655  23.1309854  0.094   3.100  -7.022 17.364 0.732  6.5  1000.00 10000.00  0 20 
1632304799044044288 255.0995116  64.7441256 -0.198   4.223   2.928 19.368 0.690  7.4  1000.00 10000.00  0 22 
4565102803135585664 255.2491717  21.4667769  0.210   7.320  -8.519 18.389 0.684  5.6  1000.00 10000.00  0 20 
4571665311302947584 255.3639196  23.9008805  0.267   3.500  -6.960 16.091 0.929  6.2    55.59     0.77  8 20 
1355383342362820352 256.0117434  43.3860906  0.347  -6.298  -1.841 19.337 0.655  8.4  1000.00 10000.00  0 24 
1355099256045913728 256.0282575  42.5506725  0.216  -4.786  -1.491 18.297 0.560  9.5  1000.00 10000.00  0 24 
4561818222604678144 256.0324151  20.7512264  0.259   6.495  -9.341 16.899 0.820  5.9  1000.00 10000.00  0 20 
1355389561475520640 256.1440905  43.5444999  0.135  -5.801  -0.870 18.476 0.601  8.3  1000.00 10000.00  0 24 
1359767683634851584 256.4771136  46.7880353  0.064  -2.913  -0.594 13.903 1.334 14.2  -160.06     0.17  8 24 
4560968059598701184 256.7987391  19.9853348  0.362   4.303  -8.221 16.704 0.784  5.9    40.66    11.21 12 20 
4568274172628429184 256.8945337  22.5042854  0.049   3.859  -6.550 18.753 0.685  6.6  1000.00 10000.00  0 20 
1635597320972926336 257.0251466  66.5289180  0.006   4.252   3.107 19.071 0.644  6.8  1000.00 10000.00  0 22 
4560963661552152960 257.0743406  20.0658637  0.111   4.889  -7.498 17.569 0.783  6.5  1000.00 10000.00  0 20 
4568103168505105536 257.1854926  21.9761263  0.045   3.898  -7.915 17.393 0.760  6.8  1000.00 10000.00  0 20 
4567795305251883520 257.1966809  21.0125897  0.234   3.824  -8.534 16.921 0.798  6.8  1000.00 10000.00  0 20 
4568202120256101632 257.4553997  22.2170798 -0.145   4.351  -7.106 18.867 0.724  6.2  1000.00 10000.00  0 20 
5923947893460014720 258.0430121 -53.8494652  0.569   1.942 -18.971 16.960 0.738  2.4  1000.00 10000.00  0 26 
1354448693056233984 258.0645349  43.1771244 -0.155  -5.051  -1.435 19.244 0.612  9.0  1000.00 10000.00  0 24 
1635559216022563968 258.1885574  66.4215041  0.129   4.340   2.208 17.735 0.589  7.2  1000.00 10000.00  0 22 
5923548289703302656 258.5777655 -54.2895302  0.336   2.039 -18.409 17.359 0.785  2.3  1000.00 10000.00  0 26 
1360445425178780544 258.5829956  43.2798710  0.189  -4.997  -0.644 18.334 0.614  8.6  1000.00 10000.00  0 24 
1360460268585931904 258.6475311  43.4421015  0.117  -5.044  -0.535 17.728 0.754  9.0  1000.00 10000.00  0 24 
5923933050029484928 258.6957715 -53.9958101  0.435   1.876 -18.908 17.391 0.806  2.2  1000.00 10000.00  0 26 
5924068354387798272 258.7319636 -53.3767545  0.324   1.984 -18.451 17.379 0.796  2.5  1000.00 10000.00  0 26 
4570405472839009664 258.9114841  24.7322289  0.444   4.387  -5.950 19.114 0.706  7.0  1000.00 10000.00  0 20 
5923217302343459328 259.0972766 -53.6829635  0.296   2.000 -18.703 17.519 0.789  2.4  1000.00 10000.00  0 26 
1364732558453228288 259.3430411  45.8625964  0.218  -4.847  -0.342 18.151 0.687  9.6  1000.00 10000.00  0 24 
4570314836146413952 259.3469144  24.1268228  0.290   4.391  -6.853 16.703 0.791  6.6  1000.00 10000.00  0 20 
1360195153140189568 259.4572293  42.7604203  0.461  -5.011  -0.793 18.955 0.612  9.1  -124.45    14.19  6 24 
1360150068868081920 259.6636143  42.7129374 -0.114  -4.744  -0.463 18.591 0.557  9.9  1000.00 10000.00  0 24 
1360150618623920128 259.7375859  42.7625934  0.173  -5.068  -0.722 19.133 0.622  7.7  1000.00 10000.00  0 24 
1360149454688114560 259.7827801  42.7233772  0.135  -4.795  -0.707 16.037 0.920  9.4  -120.73     1.29  8 24 
1348116532576953344 259.8231201  42.3208018  0.160  -4.782  -0.793 18.257 0.633 10.2  1000.00 10000.00  0 24 
1360134370762946816 259.8395744  42.5694156  0.287  -4.444  -0.395 18.140 0.756  9.9  1000.00 10000.00  0 24 
1360157116909789568 259.8921021  42.9609089  0.102  -4.928  -0.663 15.565 0.952  9.2  -122.92     1.02  8 24 
1361721820738901120 260.0091515  45.8890510  0.197  -5.763   0.519 17.459 0.820  7.8  1000.00 10000.00  0 24 
1634072568925968256 260.1710431  66.5946416  0.386   4.487   1.823 18.910 0.672  6.2  1000.00 10000.00  0 22 
1348158833710114944 260.5713584  42.5186657  0.217  -5.722  -0.197 17.386 0.718  7.5  1000.00 10000.00  0 24 
5923253925506949632 260.6882988 -53.9313583  0.446   3.166 -16.637 17.933 0.833  2.3  1000.00 10000.00  0 26 
1348179518272814848 260.9671296  42.5546260  0.286  -5.185  -0.123 18.303 0.567  9.0  1000.00 10000.00  0 24 
5923063164551051136 261.1340580 -53.9754301  0.543   2.424 -18.114 16.853 0.722  2.4  1000.00 10000.00  0 26 
1348169137336192512 261.2430398  42.5118702  0.300  -5.482  -0.579 18.374 0.640 10.3  1000.00 10000.00  0 24 
1633893314170620800 261.6684406  66.1533162  0.371   4.397   1.695 18.924 0.684  6.4  1000.00 10000.00  0 22 
1347059253363031296 261.6732154  41.1049925  0.336  -6.481   0.434 17.375 0.792  6.7  1000.00 10000.00  0 24 
5924706453400977152 261.7482371 -52.9131842  0.537   0.456 -10.887 15.347 0.812  2.7    10.38     0.10 13 26 
5922967743243403264 261.8021460 -54.4842660  0.571   2.664 -17.694 17.925 0.868  2.3  1000.00 10000.00  0 26 
1347453217826829568 262.1703869  41.6321656  0.047  -4.187  -0.635 18.249 0.655 10.6  1000.00 10000.00  0 24 
1347442669387013632 262.1795337  41.4997872  0.254  -5.579  -0.300 18.797 0.719  6.9  1000.00 10000.00  0 24 
1347508541302053504 262.1997691  41.9627531  0.081  -3.678  -0.490 15.664 0.976 11.8  -209.01     0.96  8 24 
1347451740358011264 262.2035546  41.5688421  0.082  -5.098  -0.251 18.353 0.676 10.3  1000.00 10000.00  0 24 
5922976711138490880 262.2489460 -54.4556697  0.276   2.755 -18.453 16.723 0.665  2.3  1000.00 10000.00  0 26 
5919980889857450240 262.5143321 -54.4496096  0.439   2.925 -18.456 17.620 0.798  2.3  1000.00 10000.00  0 26 
5924636595734133376 262.5536875 -53.2470990  0.305   2.601 -18.302 17.342 0.713  2.5  1000.00 10000.00  0 26 
5924626429567313792 262.5563899 -53.5087327  0.416   2.881 -17.957 14.967 0.830  2.5    15.82     0.30 13 26 
1347482324821550208 262.6556259  41.8443336  0.006  -3.090  -1.305 15.910 1.043 14.2  -130.22     1.58  8 24 
5921517869675220608 262.6730205 -53.9639886  0.616   2.866 -18.307 17.297 0.723  2.4  1000.00 10000.00  0 26 
5921484433340705664 262.7234208 -54.2341739  0.470   2.800 -17.675 17.497 0.741  2.5  1000.00 10000.00  0 26 
1360799948958657792 262.9864425  44.4567269  0.362  -4.764  -0.164 18.979 0.592  8.2  -191.28     7.99  6 24 
5921474365935833472 263.0358421 -54.3176644  0.428   3.696 -18.714 17.614 0.812  2.3  1000.00 10000.00  0 26 
1348789575427299328 263.1350428  44.4408227  0.163  -5.455   0.437 17.069 0.849  8.1  1000.00 10000.00  0 24 
1347356426443962752 263.2449457  41.6308652  0.058  -3.805  -0.615 17.985 0.803 11.5  1000.00 10000.00  0 24 
1347205930792811520 263.3120194  41.2132932  0.178  -4.893  -0.302 18.019 0.658  9.0  1000.00 10000.00  0 24 
1347178790893082752 263.4058432  40.9108658  0.152  -3.591  -0.553 18.259 0.632 10.4  1000.00 10000.00  0 24 
5922025702296424192 263.5234670 -53.0233477  0.408   2.994 -18.351 16.027 0.675  2.6  1000.00 10000.00  0 26 
5921564736357293056 263.5979824 -53.6280076  0.488   3.145 -17.812 17.449 0.797  2.5  1000.00 10000.00  0 26 
1344168499854902016 263.6061650  40.5527856  0.130  -4.320   0.117 18.260 0.753 10.5  1000.00 10000.00  0 24 
1347403464926892800 263.6420770  42.0589647  0.083  -5.080  -0.757 18.236 0.667  9.4  1000.00 10000.00  0 24 
5921455021403835008 263.7362241 -54.0673818  0.341   3.171 -17.825 17.246 0.740  2.4  1000.00 10000.00  0 26 
5921974093967732096 263.8113790 -53.2636520  0.226   2.841 -17.968 17.343 0.741  2.5  1000.00 10000.00  0 26 
5921549858590312064 263.9249964 -53.9946767  0.200   2.986 -17.911 17.082 0.734  2.4  1000.00 10000.00  0 26 
5921430557266975616 263.9463058 -54.4727739  0.531   3.225 -17.663 17.931 0.873  2.4  1000.00 10000.00  0 26 
5921979625885834368 263.9548375 -53.1005458  0.552   2.828 -17.652 17.040 0.752  2.7  1000.00 10000.00  0 26 
5921573635514480000 264.0412785 -53.6083061  0.389   2.982 -17.753 17.723 0.791  2.4  1000.00 10000.00  0 26 
5921436845101576192 264.1649232 -54.3132118  0.381   3.373 -17.946 17.517 0.809  2.4  1000.00 10000.00  0 26 
5921580743685038080 264.1680093 -53.5211214  0.479   2.981 -17.280 16.405 0.658  2.5  1000.00 10000.00  0 26 
1347678961308124544 264.2029481  43.0159936  0.011  -5.279   0.452 17.939 0.598  8.1  1000.00 10000.00  0 24 
5921578961273596288 264.2083453 -53.5734228  0.415   3.187 -17.772 17.426 0.788  2.4  1000.00 10000.00  0 26 
5921959456719648768 264.2219914 -53.2882952  0.490   2.886 -17.387 17.818 0.884  2.4  1000.00 10000.00  0 26 
5921566591787774464 264.2410092 -53.8457073  0.530   2.708 -17.539 16.980 0.725  2.5  1000.00 10000.00  0 26 
5921566965429517312 264.2603829 -53.8079640  0.508   3.420 -17.414 17.751 0.805  2.4  1000.00 10000.00  0 26 
5921533159757247616 264.2605683 -54.1749130  0.406   3.211 -18.566 17.372 0.808  2.5  1000.00 10000.00  0 26 
5921530887707179136 264.2854218 -54.2031360  0.509   3.272 -17.952 17.166 0.752  2.5  1000.00 10000.00  0 26 
5921568893869211776 264.3242295 -53.7359302  0.421   2.901 -17.559 16.749 0.693  2.5  1000.00 10000.00  0 26 
5921539065325225472 264.3384092 -54.0764258  0.322   2.922 -17.984 17.789 0.875  2.5  1000.00 10000.00  0 26 
5921436059135700608 264.3402918 -54.3365044  0.436   3.134 -17.743 16.633 0.701  2.5  1000.00 10000.00  0 26 
5921541676660290944 264.3496749 -53.9492256  0.382   3.026 -17.743 16.575 0.680  2.4  1000.00 10000.00  0 26 
5921435986105721216 264.3519027 -54.3426421  0.462   3.213 -17.404 16.957 0.713  2.5  1000.00 10000.00  0 26 
5921565831558092544 264.3618358 -53.8641037  0.380   3.540 -18.056 17.593 0.809  2.4  1000.00 10000.00  0 26 
1633099879092579456 264.3694536  66.2118283  0.183   4.094   1.834 18.791 0.623  7.6  1000.00 10000.00  0 22 
5921568099309973760 264.3729752 -53.7660782  0.576   3.162 -18.215 17.597 0.837  2.4  1000.00 10000.00  0 26 
5921541470501843328 264.3795352 -53.9638769  0.504   3.057 -17.664 17.546 0.825  2.5  1000.00 10000.00  0 26 
5921565728477303168 264.4207869 -53.8593633  0.424   3.085 -17.646 17.607 0.824  2.4  1000.00 10000.00  0 26 
5921567382040179456 264.4433582 -53.8116337  0.454   3.153 -17.631 17.389 0.855  2.5  1000.00 10000.00  0 26 
5921379670494401024 264.4669655 -53.8353837  0.323   3.042 -17.628 16.068 0.639  2.5  1000.00 10000.00  0 26 
5921379674806273408 264.4733269 -53.8340634  0.373   3.077 -17.437 16.363 0.655  2.5  1000.00 10000.00  0 26 
5921379468647817600 264.4919156 -53.8734215  0.342   3.190 -17.410 16.699 0.686  2.4  1000.00 10000.00  0 26 
5921377230952904832 264.5007968 -53.9443202  0.459   3.240 -17.540 17.168 0.750  2.4  1000.00 10000.00  0 26 
1343778241946117376 264.5236612  39.1565207  0.128  -5.270   0.401 17.163 0.852  8.0  1000.00 10000.00  0 24 
5921377162239856128 264.5473698 -53.9593261  0.314   3.098 -17.563 12.958 0.990  2.4  1000.00 10000.00  0 26 
5921378433544013952 264.5654852 -53.9115179  0.404   3.101 -17.398 17.512 0.801  2.4  1000.00 10000.00  0 26 
5921352015204938240 264.5684456 -54.1028073  0.461   3.261 -17.838 17.830 0.858  2.5  1000.00 10000.00  0 26 
5921378570982974336 264.5765320 -53.8880461  0.253   3.490 -17.925 17.711 0.828  2.4  1000.00 10000.00  0 26 
5921378575294572544 264.5872937 -53.8911446  0.417   2.798 -17.554 16.271 0.654  2.4  1000.00 10000.00  0 26 
5921376719868652032 264.5927281 -53.9681842  0.331   3.095 -17.716 15.550 0.650  2.5  1000.00 10000.00  0 26 
5921340878349224320 264.5934584 -54.3880514  0.177   3.027 -17.868 17.005 0.725  2.5  1000.00 10000.00  0 26 
5921378399184026880 264.6047765 -53.9172438  0.465   3.330 -17.657 15.970 0.670  2.4  1000.00 10000.00  0 26 
5921375994002554752 264.6050182 -54.0081448  0.225   3.388 -18.056 17.751 0.847  2.5  1000.00 10000.00  0 26 
5921376101393330944 264.6151569 -54.0001007  0.399   3.144 -17.626 15.326 0.718  2.5  1000.00 10000.00  0 26 
5921378193025596416 264.6175677 -53.9175831  0.366   3.010 -17.590 15.937 0.661  2.5  1000.00 10000.00  0 26 
5921378124306110976 264.6450930 -53.9310419  0.606   2.959 -17.804 17.718 0.820  2.4  1000.00 10000.00  0 26 
5921376612477865728 264.6502444 -53.9564037  0.510   3.242 -17.617 17.999 0.867  2.4  1000.00 10000.00  0 26 
5921376578117781760 264.6517621 -53.9746466  0.386   3.203 -17.593 10.324 1.208  2.5    19.76     0.54  3 26 
5921376440678828544 264.6585393 -53.9956753  0.357   2.909 -17.414 12.137 1.057  2.4    22.77     1.01  3 26 
5921378227385330816 264.6657430 -53.9238709  0.414   3.003 -17.621 17.119 0.723  2.5  1000.00 10000.00  0 26 
5921373623180618624 264.6673298 -53.9787723  0.165   3.110 -17.700 17.998 0.875  2.4  1000.00 10000.00  0 26 
5921347170481222400 264.6737262 -54.1865066  0.235   2.994 -18.020 17.871 0.910  2.5  1000.00 10000.00  0 26 
5921798451287608576 264.6738145 -53.2383489  0.346   3.020 -17.698 17.016 0.784  2.5  1000.00 10000.00  0 26 
5921375169368602112 264.6776031 -53.9456784  0.420   3.010 -17.668 16.919 0.711  2.5  1000.00 10000.00  0 26 
5921346650785449344 264.6824355 -54.2250148  0.282   2.903 -17.494 17.645 0.821  2.5  1000.00 10000.00  0 26 
5921340401624224384 264.6975810 -54.2842830  0.399   3.075 -17.662 15.054 0.811  2.5  1000.00 10000.00  0 26 
5921375066289370624 264.7036971 -53.9711515  0.513   3.223 -17.598 17.582 0.813  2.5  1000.00 10000.00  0 26 
5921375104960901760 264.7193728 -53.9605477  0.299   2.866 -17.876 17.385 0.791  2.4  1000.00 10000.00  0 26 
5921348403132036864 264.7432603 -54.1919960  0.252   3.509 -18.053 16.867 0.710  2.5  1000.00 10000.00  0 26 
5921374997569901312 264.7471585 -53.9588929  0.426   3.336 -17.733 16.691 0.704  2.5  1000.00 10000.00  0 26 
5921372008272601600 264.7800130 -54.0605905  0.314   3.554 -17.661 16.881 0.724  2.4  1000.00 10000.00  0 26 
5921797351792823936 264.7910967 -53.1843233  0.400   3.364 -17.888 16.390 0.688  2.6  1000.00 10000.00  0 26 
5921371905194392320 264.7975023 -54.0810057  0.403   3.499 -17.532 15.986 0.645  2.5  1000.00 10000.00  0 26 
5921374005449195136 264.8208518 -54.0114635  0.392   3.156 -18.019 16.090 0.659  2.4  1000.00 10000.00  0 26 
5921373966778711040 264.8236313 -54.0230865  0.231   3.382 -17.404 17.499 0.818  2.5  1000.00 10000.00  0 26 
5921797965949323008 264.8294031 -53.1265932  0.387   3.557 -17.781 17.624 0.836  2.4  1000.00 10000.00  0 26 
5921372115663549696 264.8322233 -54.0689800  0.569   3.422 -17.334 17.976 0.894  2.5  1000.00 10000.00  0 26 
5921372150023276800 264.8499361 -54.0733792  0.368   3.404 -17.676 14.388 0.892  2.4    20.18     0.06  1 26 
5921372184383022464 264.8552855 -54.0604382  0.354   3.395 -17.697 15.838 0.622  2.5  1000.00 10000.00  0 26 
5921372184383022336 264.8619494 -54.0560299  0.386   3.101 -17.574 13.840 0.920  2.6    13.80     0.10  1 26 
5921372184383006080 264.8772620 -54.0738367  0.428   3.311 -17.338 16.983 0.709  2.5  1000.00 10000.00  0 26 
5921360295913511552 264.8856810 -54.1025331  0.240   3.003 -17.959 16.369 0.636  2.5  1000.00 10000.00  0 26 
5921360295913509120 264.8957786 -54.0988658  0.362   3.409 -17.927 17.061 0.728  2.5  1000.00 10000.00  0 26 
5921362116979690112 264.8958859 -54.0162450  0.249   3.186 -17.690 17.668 0.802  2.4  1000.00 10000.00  0 26 
5921362082619941888 264.9028799 -54.0293400  0.206   3.093 -17.722 17.122 0.763  2.5  1000.00 10000.00  0 26 
5921359849227130112 264.9122418 -54.1282090  0.309   2.825 -17.331 17.044 0.720  2.5  1000.00 10000.00  0 26 
5921362013900448384 264.9321245 -54.0393086  0.351   3.285 -17.710 15.140 0.814  2.5  1000.00 10000.00  0 26 
5921361803431319168 264.9483959 -54.0512617  0.306   3.235 -17.535 17.375 0.762  2.5  1000.00 10000.00  0 26 
5921335763059268736 264.9574515 -54.2324717  0.282   3.351 -17.635 17.760 0.870  2.5  1000.00 10000.00  0 26 
5921361842101742976 264.9621908 -54.0430825  0.309   3.283 -17.860 17.365 0.727  2.5  1000.00 10000.00  0 26 
5921796660281544960 264.9636411 -53.1917347  0.343   3.436 -17.955 16.989 0.756  2.5  1000.00 10000.00  0 26 
5921361842101744128 264.9663269 -54.0386522  0.559   3.273 -17.980 17.561 0.816  2.5  1000.00 10000.00  0 26 
5921802707596290432 264.9756412 -53.1436723  0.349   3.049 -17.813 17.642 0.792  2.5  1000.00 10000.00  0 26 
5921359539999206912 264.9774758 -54.1586368  0.396   3.110 -17.798 16.426 0.657  2.5  1000.00 10000.00  0 26 
5921361597277475968 264.9808294 -54.0930297  0.370   3.378 -17.660 17.281 0.756  2.5  1000.00 10000.00  0 26 
5921360124106617856 264.9852591 -54.1058997  0.231   3.176 -17.588 17.582 0.767  2.5  1000.00 10000.00  0 26 
5921361734716454912 264.9908966 -54.0728045  0.250   3.314 -17.970 16.661 0.677  2.5  1000.00 10000.00  0 26 
5921359123376663680 265.0194149 -54.1560210  0.677   3.187 -17.614 17.746 0.800  2.5  1000.00 10000.00  0 26 
5921359265121288448 265.0364775 -54.1350441  0.345   3.170 -17.741 15.500 0.640  2.5  1000.00 10000.00  0 26 
1343907224108711936 265.0394385  39.6084516  0.233  -5.360   0.254 17.593 0.772  8.3  1000.00 10000.00  0 24 
5921359093322594048 265.0530913 -54.1316745  0.416   3.048 -17.491 16.481 0.648  2.5  1000.00 10000.00  0 26 
5921784428215424000 265.0545703 -53.2580630  0.460   3.201 -17.646 17.469 0.808  2.4  1000.00 10000.00  0 26 
5921790475528620160 265.0555061 -53.2107030  0.413   3.293 -17.653 16.801 0.685  2.6  1000.00 10000.00  0 26 
5921784050257468288 265.0640657 -53.2776141  0.277   3.449 -17.945 17.809 0.811  2.4  1000.00 10000.00  0 26 
5921359058962843008 265.0682224 -54.1513099  0.410   3.651 -17.708 16.384 0.654  2.4  1000.00 10000.00  0 26 
5921783981537992704 265.0741980 -53.2765540  0.359   3.413 -18.064 17.477 0.791  2.5  1000.00 10000.00  0 26 
1342951817223902592 265.0769099  38.6111337  0.047  -5.440   0.480 17.636 0.781  7.9  1000.00 10000.00  0 24 
5921360738284023040 265.0803943 -54.0883833  0.338   3.168 -17.600 16.807 0.671  2.5  1000.00 10000.00  0 26 
5921784359495130752 265.0843707 -53.2641620  0.541   3.030 -17.426 16.543 0.643  2.5  1000.00 10000.00  0 26 
5921360673857669888 265.0908225 -54.0956486  0.072   3.082 -18.032 17.705 0.770  2.5  1000.00 10000.00  0 26 
5921784535609990528 265.0970405 -53.2423698  0.367   3.405 -17.659 15.799 0.635  2.5  1000.00 10000.00  0 26 
5921357542828268160 265.1054488 -54.1460981  0.374   3.391 -17.758 17.731 0.861  2.6  1000.00 10000.00  0 26 
5921331188909847168 265.1068122 -54.3335612  0.359   3.465 -17.755 17.362 0.773  2.5  1000.00 10000.00  0 26 
5921790960881094784 265.1079770 -53.1845361  0.361   3.162 -17.679 17.432 0.749  2.5  1000.00 10000.00  0 26 
5921331261933444224 265.1176168 -54.3088408  0.373   3.561 -17.783 16.115 0.618  2.5  1000.00 10000.00  0 26 
5921789655210996992 265.1291652 -53.2387607  0.337   3.448 -17.831 14.822 0.846  2.6  1000.00 10000.00  0 26 
5921331605518170112 265.1581318 -54.2856214  0.227   3.242 -18.026 17.553 0.825  2.5  1000.00 10000.00  0 26 
5921364075484651648 265.1637427 -54.0726912  0.455   3.341 -17.501 16.643 0.664  2.5  1000.00 10000.00  0 26 
5921355760427909504 265.1782030 -54.1956684  0.156   3.089 -17.034 17.223 0.796  2.5  1000.00 10000.00  0 26 
5921331395064516608 265.1803786 -54.3169998  0.383   3.404 -17.757 17.094 0.726  2.5  1000.00 10000.00  0 26 
5921791746839019648 265.1842410 -53.1181774  0.330   3.141 -17.490 16.626 0.707  2.5  1000.00 10000.00  0 26 
5921357886425706496 265.1966254 -54.1102715  0.572   3.416 -17.726 17.268 0.724  2.5  1000.00 10000.00  0 26 
5921789994493733376 265.2050203 -53.1983459  0.470   3.329 -17.814 17.965 0.882  2.4  1000.00 10000.00  0 26 
5921363796300743552 265.2050337 -54.0821868  0.377   3.318 -17.362 17.100 0.747  2.5  1000.00 10000.00  0 26 
5921791678129753728 265.2215744 -53.1409850  0.479   3.290 -17.465 17.637 0.783  2.6  1000.00 10000.00  0 26 
5921356997378498304 265.2222813 -54.1455040  0.381   3.186 -17.705 16.405 0.647  2.5  1000.00 10000.00  0 26 
5921330570430748928 265.2261055 -54.3390282  0.455   3.143 -17.561 16.112 0.620  2.5  1000.00 10000.00  0 26 
5921363040386468224 265.2402507 -54.1065466  0.438   3.242 -17.808 16.272 0.648  2.5  1000.00 10000.00  0 26 
5921787073914529536 265.2424568 -53.2022164  0.415   3.065 -17.805 17.277 0.820  2.5  1000.00 10000.00  0 26 
5921786318000194944 265.2460370 -53.2814822  0.371   3.213 -17.605 16.459 0.683  2.4  1000.00 10000.00  0 26 
5921786322316303104 265.2642059 -53.2859229  0.382   3.439 -17.847 16.061 0.636  2.4  1000.00 10000.00  0 26 
5921786421079411712 265.2691042 -53.2799818  0.277   3.160 -17.658 17.045 0.722  2.5  1000.00 10000.00  0 26 
5921786665896511232 265.2792924 -53.2426200  0.308   3.060 -17.938 17.478 0.805  2.5  1000.00 10000.00  0 26 
5921786631553953024 265.2905946 -53.2598958  0.299   3.109 -17.671 17.365 0.806  2.5  1000.00 10000.00  0 26 
5921883178102900224 265.2913164 -53.0796412  0.142   3.124 -18.143 17.992 0.818  2.5  1000.00 10000.00  0 26 
5921786799036594304 265.3035111 -53.2274555  0.334   3.057 -17.919 17.012 0.765  2.4  1000.00 10000.00  0 26 
5921362799868538880 265.3073136 -54.1118712  0.332   3.335 -17.565 17.609 0.790  2.5  1000.00 10000.00  0 26 
5921362804174271744 265.3092259 -54.1179240  0.411   3.218 -17.577 15.520 0.653  2.5  1000.00 10000.00  0 26 
5921356688140826368 265.3095910 -54.1698439  0.502   3.608 -17.458 17.737 0.810  2.4  1000.00 10000.00  0 26 
5921306999650258688 265.3264144 -54.3250746  0.537   3.365 -17.592 17.244 0.714  2.5  1000.00 10000.00  0 26 
5921788929345468800 265.3285230 -53.1324339  0.437   3.124 -17.667 16.889 0.676  2.6  1000.00 10000.00  0 26 
5921785944341878656 265.3406221 -53.2552032  0.173   3.068 -17.781 17.945 0.892  2.5  1000.00 10000.00  0 26 
5921785321572902144 265.3700144 -53.3159670  0.526   3.141 -17.506 17.470 0.806  2.4  1000.00 10000.00  0 26 
5921282539822586112 265.3732167 -54.4528098  0.452   3.162 -17.404 16.605 0.633  2.6  1000.00 10000.00  0 26 
5921316242422791552 265.3829505 -54.1171415  0.348   3.365 -17.814 16.582 0.681  2.5  1000.00 10000.00  0 26 
5921785012330922624 265.3845592 -53.3370003  0.309   3.155 -17.699 17.638 0.830  2.5  1000.00 10000.00  0 26 
5921785635121478016 265.4234763 -53.2830973  0.410   3.416 -17.534 15.810 0.654  2.5  1000.00 10000.00  0 26 
5921785600761728512 265.4315731 -53.3026824  0.295   3.323 -17.740 15.792 0.630  2.4  1000.00 10000.00  0 26 
5921787142633942528 265.4354588 -53.2584252  0.402   3.455 -17.696 17.166 0.763  2.5  1000.00 10000.00  0 26 
5921787280073719680 265.4388793 -53.2352204  0.411   3.190 -17.462 17.837 0.837  2.4  1000.00 10000.00  0 26 
5921785635121471360 265.4405250 -53.2861261  0.447   3.115 -17.680 16.921 0.724  2.5  1000.00 10000.00  0 26 
5921315555227955072 265.4441344 -54.1661754  0.509   3.581 -17.387 16.405 0.675  2.5  1000.00 10000.00  0 26 
5921315422081060480 265.4474999 -54.1911211  0.270   3.043 -17.660 17.365 0.796  2.5  1000.00 10000.00  0 26 
5921738557963816192 265.4506684 -53.3143356  0.330   3.308 -18.099 16.371 0.656  2.4  1000.00 10000.00  0 26 
5921882387828911616 265.4515220 -53.0863273 -0.043   3.304 -17.569 17.752 0.876  2.5  1000.00 10000.00  0 26 
5921738145646903936 265.4608009 -53.3476974  0.386   3.444 -17.567 14.753 0.868  2.4  1000.00 10000.00  0 26 
5921740245903996032 265.4811217 -53.2723763  0.439   3.062 -17.430 15.605 0.670  2.6  1000.00 10000.00  0 26 
5921740138511825792 265.4873185 -53.2821203  0.395   3.510 -17.862 17.372 0.782  2.4  1000.00 10000.00  0 26 
5921314764954254976 265.4916234 -54.1716275  0.280   3.333 -17.403 17.702 0.781  2.5  1000.00 10000.00  0 26 
5921740245903994496 265.4926829 -53.2682235  0.352   3.315 -17.627 16.246 0.687  2.6  1000.00 10000.00  0 26 
5921740452062424320 265.5091969 -53.2582606  0.426   3.356 -17.544 15.323 0.749  2.5  1000.00 10000.00  0 26 
1343952407163745792 265.5110575  40.2666577  0.234  -3.107  -0.315 18.391 0.699 11.6  1000.00 10000.00  0 24 
5921739936666339456 265.5187768 -53.2989500  0.304   3.315 -17.805 16.626 0.725  2.4  1000.00 10000.00  0 26 
5921315078495777792 265.5291348 -54.1443471  0.434   3.704 -17.722 17.043 0.748  2.5  1000.00 10000.00  0 26 
5921834563379516672 265.5464902 -53.1805038  0.354   3.425 -17.772 15.552 0.715  2.6  1000.00 10000.00  0 26 
5921737561532224256 265.5494199 -53.3513177  0.661   3.230 -17.438 17.979 0.876  2.5  1000.00 10000.00  0 26 
5921739112032605824 265.5540086 -53.3141856  0.435   2.993 -17.617 17.257 0.798  2.4  1000.00 10000.00  0 26 
1345472963025231744 265.5674842  40.5931293  0.097  -3.814   0.276 18.414 0.708 11.5  1000.00 10000.00  0 24 
5921736977416626048 265.5760713 -53.4009123  0.481   3.155 -17.675 17.878 0.905  2.4  1000.00 10000.00  0 26 
5921311402003724800 265.5771712 -54.2391053  0.378   3.233 -17.810 16.518 0.644  2.6  1000.00 10000.00  0 26 
5921736981728788736 265.5799597 -53.3983095  0.307   3.289 -17.412 17.477 0.815  2.4  1000.00 10000.00  0 26 
5921311947456412544 265.5892626 -54.1862422  0.172   3.307 -17.906 17.176 0.742  2.5  1000.00 10000.00  0 26 
5921833803157847936 265.5945646 -53.2047841  0.274   3.144 -17.632 16.578 0.680  2.5  1000.00 10000.00  0 26 
5921739696148163968 265.5948327 -53.2665536  0.399   3.238 -17.612 15.608 0.685  2.4  1000.00 10000.00  0 26 
5921737187887211136 265.6194966 -53.3882865  0.384   3.167 -17.826 17.803 0.878  2.4  1000.00 10000.00  0 26 
5921737321014032640 265.6285888 -53.3757858  0.291   3.459 -17.490 17.907 0.911  2.4  1000.00 10000.00  0 26 
5921737119167724672 265.6293640 -53.3981063  0.155   3.305 -17.500 17.825 0.881  2.4  1000.00 10000.00  0 26 
5921737119167720192 265.6312237 -53.4046609  0.392   3.411 -17.649 15.986 0.634  2.4  1000.00 10000.00  0 26 
5921738802794924416 265.6318246 -53.3580839  0.462   3.225 -17.776 17.396 0.763  2.4  1000.00 10000.00  0 26 
5921739382598395648 265.6374204 -53.2996717  0.330   3.414 -17.704 17.611 0.848  2.4  1000.00 10000.00  0 26 
5921738871514407168 265.6382055 -53.3430542  0.314   3.763 -17.780 17.579 0.811  2.4  1000.00 10000.00  0 26 
5921737114854651904 265.6420774 -53.4056970  0.279   3.251 -17.683 16.677 0.659  2.4  1000.00 10000.00  0 26 
5921311745601108736 265.6532179 -54.1875120  0.417   3.428 -17.456 16.951 0.693  2.5  1000.00 10000.00  0 26 
5921311741297260800 265.6569755 -54.1963990  0.602   3.800 -17.672 17.713 0.805  2.5  1000.00 10000.00  0 26 
5921734267294280320 265.6682368 -53.4002734  0.417   3.535 -17.506 16.518 0.667  2.4  1000.00 10000.00  0 26 
5921734164230195456 265.6695038 -53.4174304  0.267   3.074 -17.452 16.945 0.721  2.4  1000.00 10000.00  0 26 
5921735774824901760 265.6830548 -53.3798304  0.443   3.051 -17.359 15.859 0.632  2.4  1000.00 10000.00  0 26 
5921734232949816832 265.6884537 -53.3940207  0.383   3.230 -17.812 16.274 0.670  2.4  1000.00 10000.00  0 26 
5921736496379527552 265.6885933 -53.3021655  0.357   3.465 -17.588 17.015 0.746  2.4  1000.00 10000.00  0 26 
5921735847842298624 265.6901267 -53.3676931  0.282   3.468 -17.685 17.779 0.817  2.4  1000.00 10000.00  0 26 
5921733648834079872 265.6968313 -53.4599148  0.394   3.539 -17.402 15.529 0.688  2.4  1000.00 10000.00  0 26 
5921736393300300800 265.7016883 -53.3118848  0.467   3.273 -17.508 16.772 0.701  2.5  1000.00 10000.00  0 26 
5921312634650198912 265.7032839 -54.1594241  0.438   3.103 -17.736 17.210 0.692  2.5  1000.00 10000.00  0 26 
5921733854992505600 265.7149668 -53.4533403  0.300   3.326 -17.830 16.351 0.645  2.4  1000.00 10000.00  0 26 
5921733442660188288 265.7342969 -53.4775247  0.143   3.207 -17.159 17.422 0.803  2.4  1000.00 10000.00  0 26 
5921735607339201664 265.7464778 -53.3717096  0.237   3.654 -17.653 17.306 0.763  2.4  1000.00 10000.00  0 26 
5921735572979443968 265.7543351 -53.3942585  0.446   3.612 -17.410 16.794 0.716  2.3  1000.00 10000.00  0 26 
5921735985296322432 265.7565505 -53.3678120  0.371   3.533 -17.681 16.716 0.694  2.4  1000.00 10000.00  0 26 
5921735469900215680 265.7609095 -53.4109366  0.374   3.322 -17.818 16.279 0.658  2.4  1000.00 10000.00  0 26 
5921735607339181184 265.7700539 -53.3845177  0.439   3.496 -17.468 17.038 0.687  2.4  1000.00 10000.00  0 26 
5921312913832376064 265.7721379 -54.1420032  0.369   3.072 -17.764 16.241 0.619  2.5  1000.00 10000.00  0 26 
5921830165319219072 265.7770119 -53.2845938  0.633   3.991 -16.691 17.842 0.770  2.6  1000.00 10000.00  0 26 
5921733060405381248 265.7862420 -53.4714412  0.500   3.482 -17.656 17.061 0.723  2.4  1000.00 10000.00  0 26 
1342662684321010048 265.8237504  37.6365402  0.289  -5.142  -0.192 17.193 0.839  8.1  1000.00 10000.00  0 24 
5921732235771490688 265.8296572 -53.5330941  0.306   3.446 -17.661 17.271 0.729  2.5  1000.00 10000.00  0 26 
5921732240069002368 265.8344334 -53.5348910  0.459   2.944 -17.317 17.782 0.819  2.5  1000.00 10000.00  0 26 
5921732167051961600 265.8437582 -53.5486989  0.384   3.695 -17.496 17.615 0.818  2.4  1000.00 10000.00  0 26 
5921732824200536448 265.8710800 -53.4901500  0.364   3.306 -17.621 15.291 0.722  2.4  1000.00 10000.00  0 26 
5921829576910891008 265.8804099 -53.2906390  0.457   3.036 -17.541 17.324 0.764  2.5  1000.00 10000.00  0 26 
5921720244222691840 265.9257758 -53.5643902  0.427   3.603 -17.320 17.278 0.771  2.4  1000.00 10000.00  0 26 
5921819268993396352 265.9515221 -53.2993267  0.383   3.445 -17.672 16.859 0.734  2.4  1000.00 10000.00  0 26 
5921720209865590016 265.9698979 -53.5769266  0.604   3.179 -17.454 17.948 0.850  2.4  1000.00 10000.00  0 26 
5921827863230409728 265.9802514 -53.1105839  0.366   3.385 -17.151 15.958 0.690  2.5  1000.00 10000.00  0 26 
5921826278375227392 266.0074734 -53.1451344  0.462   3.153 -17.617 17.372 0.720  2.4  1000.00 10000.00  0 26 
5921825625541605888 266.0086237 -53.2177520  0.620   3.276 -17.420 17.737 0.844  2.5  1000.00 10000.00  0 26 
5921713204789506304 266.0226669 -53.6778460  0.338   3.364 -17.439 17.284 0.734  2.4  1000.00 10000.00  0 26 
5921818826619126528 266.0260139 -53.2738496  0.354   3.386 -17.846 15.013 0.856  2.3  1000.00 10000.00  0 26 
5921709322138993664 266.1051868 -53.7709326  0.288   3.298 -17.577 16.872 0.693  2.5  1000.00 10000.00  0 26 
5921709867586002048 266.1176995 -53.7319106  0.428   2.224 -16.759 17.868 0.800  2.5  1000.00 10000.00  0 26 
5921716640763341056 266.1423603 -53.6003371  0.459   3.352 -17.575 16.097 0.624  2.4  1000.00 10000.00  0 26 
5921709184700017024 266.1804859 -53.7744289  0.374   3.897 -17.857 16.423 0.648  2.4  1000.00 10000.00  0 26 
5921815317619448448 266.2126201 -53.3302359  0.350   3.198 -17.499 17.752 0.816  2.4  1000.00 10000.00  0 26 
5921717667244137728 266.2363184 -53.5604319  0.402   3.282 -17.277 17.508 0.782  2.4  1000.00 10000.00  0 26 
5921716808252845312 266.2701659 -53.6376953  0.406   3.466 -17.431 16.938 0.715  2.5  1000.00 10000.00  0 26 
1345608821430641280 266.3005173  41.2481045  0.156  -5.351   0.714 17.807 0.634  7.9  1000.00 10000.00  0 24 
1633455231805326080 266.4056807  66.4506223  0.084   5.157   2.017 19.261 0.600  7.7  1000.00 10000.00  0 22 
5920927187103031936 266.5556053 -54.0797942  0.356   3.341 -17.532 17.067 0.703  2.5  1000.00 10000.00  0 26 
5921070776446184064 266.5557043 -53.3107433  0.222   3.193 -17.188 16.751 0.688  2.4  1000.00 10000.00  0 26 
5921100497620175488 266.6879642 -53.0605772  0.402   3.314 -17.194 17.219 0.749  2.5  1000.00 10000.00  0 26 
5921043185580327040 266.8099531 -53.7388511  0.412   3.205 -17.217 16.213 0.622  2.5  1000.00 10000.00  0 26 
1344848650875756928 266.8119495  41.2242926  0.179  -5.423   0.826 17.615 0.676  8.0  1000.00 10000.00  0 24 
5921092904117815040 266.8136649 -53.2021368  0.430   3.310 -17.269 17.445 0.763  2.5  1000.00 10000.00  0 26 
4609317223704791040 266.9198293  37.5766043  0.233  -4.460   0.755 18.067 0.709  9.7  1000.00 10000.00  0 24 
1633520476649943168 266.9540648  66.8786732  0.030   5.279   1.956 18.369 0.629  6.3  1000.00 10000.00  0 22 
5921085001378034432 267.0697296 -53.1682833  0.440   3.380 -17.504 17.201 0.688  2.5  1000.00 10000.00  0 26 
4608982181896355840 267.1442063  36.6129413  0.024  -6.594  -1.443 19.120 0.681  7.6  1000.00 10000.00  0 24 
5800858872377373184 267.3030834 -76.8339283  0.377 -21.091 -17.478 16.288 0.733  3.0   314.96     0.45 13 28 
5920997040450556928 267.4861325 -53.7433636  0.321   3.211 -16.589 17.849 0.899  2.6  1000.00 10000.00  0 26 
5945054359159278080 267.5186598 -53.1667902  0.334   3.558 -17.332 16.571 0.649  2.4  1000.00 10000.00  0 26 
4609360177674884736 267.5298859  38.1168483  0.248  -5.237   0.525 17.905 0.808  8.3  1000.00 10000.00  0 24 
4609089178121165312 267.5464644  37.0246030  0.061  -4.111  -0.038 17.792 0.763  9.8  1000.00 10000.00  0 24 
4609090831686813696 267.5509544  37.1123762  0.075  -4.611  -0.522 19.249 0.622  8.5  1000.00 10000.00  0 24 
5945061162403610368 267.5982229 -53.0541301  0.369   3.661 -17.241 16.522 0.634  2.4  1000.00 10000.00  0 26 
1363294809562441088 267.6773024  48.3699558 -0.006  -4.610   4.974 17.818 0.857 10.2  1000.00 10000.00  0 25 
5920974470404705536 267.8339143 -54.0232699  0.075   4.467 -17.238 17.632 0.751  2.5  1000.00 10000.00  0 26 
5801231705601101824 267.8376690 -76.2446747  0.262 -21.018 -17.355 18.222 0.892  3.1  1000.00 10000.00  0 28 
5921007210931985152 267.8881870 -53.7694489  0.252   3.572 -16.960 17.550 0.759  2.5  1000.00 10000.00  0 26 
5945037278079155328 268.0025564 -53.3105295  0.246   2.523 -16.172 17.225 0.743  2.6  1000.00 10000.00  0 26 
1364071958123404800 268.0395034  48.7819024  0.359  -5.028   5.784 18.433 0.872 12.9  1000.00 10000.00  0 25 
4610661376671178240 268.1502124  38.0560564 -0.005  -5.313  -0.199 18.954 0.634  8.6  1000.00 10000.00  0 24 
1350847341502687616 268.1771727  46.5406734  0.080  -4.366   4.727 16.711 0.921 11.3  1000.00 10000.00  0 25 
5944834972238313600 268.9087494 -53.5045479  0.324   2.287 -11.651 17.687 0.822  2.6  1000.00 10000.00  0 26 
4611491507949953024 269.0772123  40.3121052  0.081  -5.828   1.373 18.078 0.582  8.0  1000.00 10000.00  0 24 
5944809747891293824 269.2242870 -53.5406504  0.093   4.289 -15.696 17.675 0.766  2.5  1000.00 10000.00  0 26 
5920751265240217088 269.3570179 -54.0825076  0.125   3.210 -15.274 17.611 0.823  2.7  1000.00 10000.00  0 26 
4609979851260265856 269.7963207  38.1414566  0.169  -5.316   0.908 17.339 0.796  8.0  1000.00 10000.00  0 24 
4611250478681361792 269.9089409  39.8938146  0.224  -5.998   0.941 16.988 0.840  8.1  1000.00 10000.00  0 24 
6701663219733205760 270.3016015 -53.0844833  0.380   4.169 -16.470 15.557 0.661  2.4    24.18     0.58 13 26 
2114385461786336640 270.5012182  44.2665941  0.367  -4.959   5.262 19.252 0.739 11.3  1000.00 10000.00  0 25 
4610306169991811328 270.6638194  38.3725490  0.223  -6.834   1.133 17.185 0.796  7.6  1000.00 10000.00  0 24 
6701655145186499328 270.8380932 -53.0301448  0.596 -16.637  -7.427 19.232 0.808  5.0  1000.00 10000.00  0 27 
6701485781744401408 271.0490105 -53.1284329  0.286 -15.989  -6.430 18.980 0.629  5.6  1000.00 10000.00  0 27 
2113756266258596736 271.0520444  42.1495921  0.286  -4.118   5.059 18.970 0.652 14.0  1000.00 10000.00  0 25 
6414276718750658688 271.1225858 -76.3440721  0.369 -20.221 -19.226 16.859 0.735  3.1   153.60     0.97 13 28 
6701676547010756352 271.1370503 -53.0008360  0.384 -15.419  -7.665 17.952 0.607  6.1  1000.00 10000.00  0 27 
4610318092821111680 271.1457163  38.5530207  0.228  -6.353   2.229 17.522 0.732  8.0  1000.00 10000.00  0 24 
4606579375330578304 271.1520291  36.6376845  0.117  -5.446   1.517 16.471 0.881  8.0  1000.00 10000.00  0 24 
6701470903980193408 271.4185876 -53.3310126  0.346 -14.522  -8.169 16.804 0.738  6.2   152.69     0.24 13 27 
6653360570116060288 271.4460541 -53.8234022  0.145 -14.931  -8.732 17.346 0.736  6.3  1000.00 10000.00  0 27 
6701754200023111040 271.5281784 -52.4388246 -0.038 -15.907  -7.648 18.793 0.719  5.8  1000.00 10000.00  0 27 
2113546225181176320 271.6236036  41.7879103  0.016  -4.005   4.552 18.859 0.726 13.1  1000.00 10000.00  0 25 
2113435792978884736 271.6585340  41.5043093  0.170  -3.787   3.439 18.546 0.815 13.0  1000.00 10000.00  0 25 
6701685892862381696 271.6995052 -52.7589176  0.335 -15.462  -8.374 16.264 0.787  6.0    95.07     0.16 13 27 
6653363013956267264 271.7065352 -53.6929814  0.468 -15.252  -7.293 19.467 0.861  5.9  1000.00 10000.00  0 27 
6701782963420260992 271.8365503 -52.6643548  0.577 -15.427  -7.892 18.580 0.785  6.1  1000.00 10000.00  0 27 
6701498155541742208 271.8430307 -53.5064109  0.210   3.407 -14.587 17.624 0.740  2.8  1000.00 10000.00  0 26 
6653153900586713344 271.9914176 -54.6605836  0.200 -13.508  -8.939 17.483 0.726  7.5  1000.00 10000.00  0 27 
2112290685977657344 272.3453352  39.6487551  0.147  -4.512   4.870 18.993 0.628 12.3  1000.00 10000.00  0 25 
4607120708710368384 272.4522739  37.8887255  0.009  -4.226   4.844 18.004 0.826 11.0  1000.00 10000.00  0 25 
4607119510417706752 272.4891667  37.8242271 -0.035  -4.205   4.637 18.867 0.618 12.0  1000.00 10000.00  0 25 
4610177076158323328 272.5683889  38.5313469 -0.109  -3.923   3.866 18.545 0.844 11.7  1000.00 10000.00  0 25 
2113492864503980544 272.5785224  41.5807870  0.080  -3.373   2.297 17.851 0.825  8.7  1000.00 10000.00  0 24 
4607171427982991872 272.6336771  38.3121123  0.062  -3.529   5.154 18.827 0.712 11.9  1000.00 10000.00  0 25 
6653164861336656384 272.6555209 -54.3932732  0.362 -13.884  -8.343 19.278 0.695  7.3  1000.00 10000.00  0 27 
2257863379795310720 272.7665741  66.8159650  0.533   4.532   0.118 19.292 0.733  6.3  1000.00 10000.00  0 22 
2112743925287105920 272.7823369  41.5354247 -0.021  -3.093   1.311 18.872 0.622  7.8  1000.00 10000.00  0 24 
6701551103899018880 272.7929686 -52.8965004  0.228 -15.235  -7.931 18.121 0.625  6.0  1000.00 10000.00  0 27 
6701608622110136192 272.8270223 -52.5886837  0.267   4.229 -17.577 17.327 0.755  2.2  1000.00 10000.00  0 26 
6701605048697324544 272.9550206 -52.6625769  0.295   4.209 -15.510 17.423 0.800  2.5  1000.00 10000.00  0 26 
2109181271391930624 272.9609255  38.5878363  0.314  -4.317   4.710 19.229 0.747 13.0  1000.00 10000.00  0 25 
6701609721621955328 273.0471692 -52.5366215  0.433   3.978 -18.351 17.052 0.797  2.2  1000.00 10000.00  0 26 
6653474064630653824 273.0618015 -53.3535731  0.584   4.406 -17.152 14.799 0.787  2.4   -99.14     4.52 12 26 
2112678199403839232 273.1031105  41.2515746  0.122  -3.832   2.324 15.466 0.943  7.6     6.36     1.19  8 24 
4606662594617194880 273.1460149  36.3490449  0.129  -3.784   3.927 18.744 0.747 13.0  1000.00 10000.00  0 25 
6701635250907736064 273.2159787 -52.1870027  0.241 -15.767  -8.391 18.783 0.705  5.7  1000.00 10000.00  0 27 
6701559002345787776 273.2475748 -52.7322862  0.006 -15.220  -7.534 19.140 0.681  6.5  1000.00 10000.00  0 27 
6701900572507477248 273.2800749 -51.5752158  0.405 -17.068  -8.288 15.926 0.848  5.4  1000.00 10000.00  0 27 
2113050551591905280 273.3305719  41.2705290  0.140  -3.931   2.425 18.067 0.797  8.2  1000.00 10000.00  0 24 
2112408333721028224 273.3440947  40.0835411 -0.027  -4.093   2.236 18.349 0.590  7.2  1000.00 10000.00  0 24 
6653410460454810752 273.3528126 -53.6489294  0.021 -14.816  -9.100 19.149 0.729  6.2  1000.00 10000.00  0 27 
4606795326286119936 273.5030120  37.1505630  0.186  -5.016   5.158 18.409 0.862 12.3  1000.00 10000.00  0 25 
6701562442620276992 273.5209837 -52.5753564  0.382   4.622 -16.517 15.133 0.786  2.3    26.20     0.35 13 26 
6701920569870280832 273.6098274 -52.7165742  0.251 -13.702  -8.463 16.685 0.882  6.2  1000.00 10000.00  0 27 
4606776080535628544 273.6795016  36.8682457  0.066  -3.966   4.528 18.993 0.606 12.7  1000.00 10000.00  0 25 
6653810751404921728 273.8047331 -53.1537430  0.447   4.303 -15.121 17.492 0.842  2.7  1000.00 10000.00  0 26 
6701992965840242432 273.8054959 -52.2427755 -0.790 -14.338  -7.909 19.406 0.837  5.9  1000.00 10000.00  0 27 
6653811099299926400 273.8183334 -53.1131471  0.443   4.820 -16.415 17.273 0.729  2.5  1000.00 10000.00  0 26 
6702213967676343040 273.9798883 -51.7069117  0.221 -15.537  -8.197 17.322 0.674  5.7  1000.00 10000.00  0 27 
6653530547740838016 274.0918342 -53.8668314 -0.065 -16.020  -8.007 18.782 0.740  5.4  1000.00 10000.00  0 27 
6653797144948096640 274.1182087 -53.2943435  0.081 -13.566  -8.526 17.532 0.623  7.0  1000.00 10000.00  0 27 
6702283133834038912 274.1183707 -51.2973124  0.416 -15.176  -6.592 18.897 0.804  5.4  1000.00 10000.00  0 27 
4605613690585765120 274.2404326  35.3153331  0.003  -3.744   4.544 19.204 0.635 13.0  1000.00 10000.00  0 25 
6653869506554964224 274.2816924 -52.8281502  0.256 -15.634  -9.683 17.157 0.662  5.9  1000.00 10000.00  0 27 
4605632897681432960 274.2895022  35.6080286  0.301  -3.148   4.163 18.615 0.728 12.9  1000.00 10000.00  0 25 
6702259837931723392 274.4343564 -51.2084694  0.024 -15.970  -8.027 18.496 0.609  5.2  1000.00 10000.00  0 27 
2257589021582951552 274.5405181  65.9701773  0.300   4.319   0.396 19.436 0.628  8.0  1000.00 10000.00  0 22 
4593488658610413312 274.5702256  34.3444592  0.217  -5.010   4.959 18.419 0.784 12.2  1000.00 10000.00  0 25 
4593418045049882880 274.8796755  33.9630521  0.155  -3.931   4.155 18.831 0.861 13.5  1000.00 10000.00  0 25 
4605662515774702336 274.9525439  35.4540557  0.053  -2.766   5.216 18.737 0.683 12.7  1000.00 10000.00  0 25 
6653636032136135424 274.9607381 -53.0900242  0.259 -14.545  -8.517 17.286 0.795  7.4  1000.00 10000.00  0 27 
4592821147674453120 275.0512049  33.3054546  0.045  -4.349   3.947 18.221 0.849 12.5  1000.00 10000.00  0 25 
4593444639487847680 275.0863744  34.1514356  0.363  -3.439   3.659 19.268 0.680 13.5  1000.00 10000.00  0 25 
6653835249906011776 275.3724852 -52.7325394 -0.334 -16.263  -8.389 19.354 0.767  5.5  1000.00 10000.00  0 27 
6654023678703840512 275.5367286 -51.9324254  0.147 -15.738  -8.811 19.025 0.651  6.0  1000.00 10000.00  0 27 
6653948332094758656 275.6863600 -52.4304454  0.356 -17.128 -12.437 19.128 0.727  5.4  1000.00 10000.00  0 27 
6702440982468346112 275.8228236 -50.3057488  0.492 -15.075  -8.175 19.225 0.803  4.9  1000.00 10000.00  0 27 
6653748491560205696 275.8373688 -52.6433813  0.033 -15.093  -9.364 17.351 0.741  6.1  1000.00 10000.00  0 27 
6653747632566731264 275.9376828 -52.6422016  0.092 -14.790  -8.604 17.569 0.670  6.2  1000.00 10000.00  0 27 
6653748422840848640 276.0026621 -52.5798564  0.023 -15.608  -9.459 18.943 0.687  6.2  1000.00 10000.00  0 27 
6653679089184288896 276.0632779 -52.9355632  0.337 -15.193  -9.652 16.259 0.713  6.2  -159.00     7.44 12 27 
4591643502001848576 276.1856325  31.4160585  0.125  -2.809   5.517 18.483 0.800 13.2  1000.00 10000.00  0 25 
6652902524737676416 276.3067960 -53.3527332  0.128 -14.723  -9.899 18.616 0.691  5.7  1000.00 10000.00  0 27 
4588325485146158336 276.3415260  29.4505815 -0.145  -3.512   4.491 18.445 0.767 13.5  1000.00 10000.00  0 25 
6654036941564284160 276.4146734 -51.8187214  0.125 -15.207 -10.111 19.001 0.694  5.8  1000.00 10000.00  0 27 
4588441827222496512 276.5977446  30.3691988  0.163  -2.743   4.814 18.720 0.726 13.7  1000.00 10000.00  0 25 
4588112626566994304 276.7073964  28.9992023  0.436  -2.935   4.851 18.998 0.669 13.8  1000.00 10000.00  0 25 
6419228193270932224 276.8289507 -71.6220813  0.158 -17.671 -22.006 17.981 0.856  3.3  1000.00 10000.00  0 28 
6653761208959415552 276.8391605 -52.5296265  0.205 -16.371 -10.686 17.713 0.668  6.1  1000.00 10000.00  0 27 
2111912320835151104 276.8614549  42.7811346  0.441  -7.951  22.800 18.457 0.915  3.1  1000.00 10000.00  0 29 
6703679479237288064 277.0284602 -50.7396482  0.216 -14.210 -10.242 18.694 0.675  5.2  1000.00 10000.00  0 27 
6703613027508883328 277.0300070 -51.0905092  0.467 -15.444  -8.479 17.733 0.596  5.4  1000.00 10000.00  0 27 
4525224856426617472 277.1275174  19.4104753  0.426  -7.854  15.846 18.043 0.843  3.0  1000.00 10000.00  0 29 
4528961752853561984 277.1807695  21.2295270  0.616  -7.557  16.212 18.547 0.930  3.1  1000.00 10000.00  0 29 
2095778323430515328 277.2347608  36.4295470  0.371  -6.774  20.084 18.990 1.003  3.0  1000.00 10000.00  0 29 
6655483864507031040 277.2382223 -51.7446406  0.263 -15.386  -9.739 17.980 0.665  5.9  1000.00 10000.00  0 27 
4585719195912834816 277.3021975  28.2043929  0.393  -7.357  18.823 18.487 0.950  3.0  1000.00 10000.00  0 29 
6654373426479188224 277.3342286 -53.1757872  0.340 -15.047  -8.530 18.863 0.646  5.6  1000.00 10000.00  0 27 
6654439745072423808 277.3843805 -52.8524979  0.811 -15.165  -9.100 19.221 0.648  6.0  1000.00 10000.00  0 27 
2095525233896685056 277.4342536  35.6762661  0.517  -7.466  21.224 18.346 0.900  3.1  1000.00 10000.00  0 29 
6431795271877165568 277.4359639 -70.1064690  0.309 -17.290 -22.262 16.991 0.734  3.2  1000.00 10000.00  0 28 
4587221403673354496 277.4628301  28.3080822  0.337  -4.088   4.980 18.730 0.843 13.4  1000.00 10000.00  0 25 
6654087278577424512 277.5130255 -54.0716856  0.106 -18.246  -8.843 19.278 0.864  5.0  1000.00 10000.00  0 27 
4509703742275201408 277.5903331  15.2082870  0.060  -5.168  12.755 18.572 0.906  3.1  1000.00 10000.00  0 29 
6703666353819218944 277.6747969 -50.5127060  0.234 -14.281  -8.961 16.759 0.765  5.0  1000.00 10000.00  0 27 
2257189555264391040 277.6976175  66.3267231  0.027   4.218   0.750 19.073 0.631  6.8  1000.00 10000.00  0 22 
4524178877270575104 277.7138238  18.0693630 -0.022  -5.966  12.539 18.827 1.064  3.1  1000.00 10000.00  0 29 
4525863466525250944 277.7606777  20.5152527  0.382  -7.236  15.969 19.209 0.894  3.1  1000.00 10000.00  0 29 
4524253781501446656 277.7641559  18.2978677  0.473  -6.985  14.972 19.382 1.156  3.1  1000.00 10000.00  0 29 
4510088743143124608 277.7822706  15.4403283  0.095  -6.658  13.590 18.660 1.043  3.1  1000.00 10000.00  0 29 
6414441989089613440 277.9367701 -75.3704817  0.412 -16.583 -20.266 18.374 0.986  3.2  1000.00 10000.00  0 28 
4510129798729845376 277.9859756  15.7134008 -0.051  -6.386  14.330 18.384 0.826  3.2  1000.00 10000.00  0 29 
2110461480883670400 278.0038726  41.2362422  0.470  -6.960  21.653 17.898 0.777  3.1  1000.00 10000.00  0 29 
6650993012338028416 278.0374422 -54.6965524  0.284   5.102 -15.719 17.665 0.830  2.5  1000.00 10000.00  0 26 
6655584469816549760 278.0766672 -51.0668416  0.122 -15.272  -9.632 18.003 0.643  5.3  1000.00 10000.00  0 27 
4535448081183312640 278.0845673  23.1655624  0.197  -5.673  15.436 17.473 0.695  3.5  1000.00 10000.00  0 29 
4535678325791644672 278.2299990  24.3972583  0.432  -6.656  16.893 18.996 1.113  3.1  1000.00 10000.00  0 29 
2111771548988046592 278.3253111  42.7829642  0.260  -7.300  22.796 17.331 0.713  3.0  1000.00 10000.00  0 29 
4509928622463021440 278.3660946  15.5220855  0.090  -6.488  13.795 16.553 0.724  3.1  -257.00    12.84 12 29 
6651079225220125568 278.4213958 -54.2536073  0.363   5.136 -15.575 15.026 0.776  2.5    41.83     0.36 13 26 
6415167765548380416 278.4508671 -74.1505887  0.155 -16.105 -20.491 17.891 0.841  3.2  1000.00 10000.00  0 28 
6651101314235188736 278.4526947 -53.9362413  0.283   5.198 -15.889 17.360 0.776  2.5  1000.00 10000.00  0 26 
4536932941578621312 278.5251577  25.6065838  0.077  -5.186  15.888 18.364 0.910  3.3  1000.00 10000.00  0 29 
6654411776246578048 278.5613701 -52.7613978  0.356 -14.577 -10.060 18.174 0.621  6.1  1000.00 10000.00  0 27 
4525670089918722176 278.6544715  20.3753067  0.385  -6.473  15.425 18.698 0.974  3.1  1000.00 10000.00  0 29 
4509852416858009344 278.6555691  15.1826905  0.383  -6.376  13.666 17.999 0.723  3.3  1000.00 10000.00  0 29 
4536057794738302336 278.6662051  24.5288903  0.111  -6.691  16.581 19.407 1.150  3.1  1000.00 10000.00  0 29 
4535366717321811584 278.7041774  23.4098460  0.259  -6.618  16.974 18.597 0.947  3.2  1000.00 10000.00  0 29 
4589093700177327232 278.7062659  32.2476548  0.305  -6.695  19.748 18.275 0.859  3.1  1000.00 10000.00  0 29 
6655430022795154048 278.8953814 -51.1997384  0.208 -15.611 -11.467 16.883 0.700  5.3  1000.00 10000.00  0 27 
2094641497126401152 278.8953846  34.8771483 -0.095  -6.635  20.472 19.025 1.102  3.1  1000.00 10000.00  0 29 
4588644347819967744 278.8994019  30.5669227  0.407  -6.756  19.134 17.483 0.729  3.0  1000.00 10000.00  0 29 
4510278885633113344 278.9006136  16.4725379 -0.079  -6.230  14.085 17.792 0.758  3.2  1000.00 10000.00  0 29 
4536878412674796288 278.9182324  25.4537110  0.206  -6.344  17.636 17.908 0.813  3.0  1000.00 10000.00  0 29 
4524789484185846528 278.9529770  19.3360841  0.625  -5.993  15.447 19.077 0.978  3.2  1000.00 10000.00  0 29 
2256384777175960320 278.9534165  64.1139852  0.421  -6.308  22.790 17.447 0.748  3.3  1000.00 10000.00  0 29 
4535170557578299776 278.9608317  22.6200946  0.266  -6.331  16.702 18.159 0.858  3.1  1000.00 10000.00  0 29 
2145080115582505088 278.9888560  51.4220093  0.492  -6.136  19.984 19.104 1.043  3.3  1000.00 10000.00  0 29 
6655696040188312576 278.9927652 -50.6287389  0.157 -14.609 -10.371 16.094 0.897  5.1    95.57     0.19 13 27 
4525720633092566528 279.0034034  20.5215743  0.303  -6.328  15.726 18.410 0.839  3.2  1000.00 10000.00  0 29 
4538910550678591616 279.0110464  27.6130084  0.364  -6.620  18.561 17.986 0.855  3.0  1000.00 10000.00  0 29 
4538789497018576768 279.0122029  26.7427460 -0.046  -6.356  17.878 19.432 1.056  3.3  1000.00 10000.00  0 29 
4536050961454101376 279.0272146  24.5824238  0.302  -6.394  17.347 15.966 0.810  3.1  -320.97     0.54 13 29 
4510071288392529408 279.0438094  16.2432926  0.183  -6.167  14.045 16.053 0.686  3.1  -361.69     0.37 13 29 
6654566115893028608 279.0552741 -52.2316928  0.532 -15.764  -9.398 18.636 0.657  5.7  1000.00 10000.00  0 27 
6651040364356270080 279.0621573 -54.0678187  0.356 -15.547 -10.222 16.401 0.772  4.4  1000.00 10000.00  0 27 
2120797229484009728 279.0961010  49.3746691  0.208  -6.606  24.195 18.347 0.871  3.2  1000.00 10000.00  0 29 
4536004369647705216 279.1271894  24.6081621  0.252  -6.267  17.296 16.976 0.680  3.1  1000.00 10000.00  0 29 
4587058641595994240 279.1430729  28.0580097  0.273  -6.153  18.288 17.487 0.768  3.1  1000.00 10000.00  0 29 
4587197562317064320 279.1433144  29.2775399  0.423  -6.460  19.262 17.881 0.832  3.0  1000.00 10000.00  0 29 
4532161056814518528 279.1443143  22.4183584  0.204  -6.352  16.723 16.334 0.713  3.1  -338.23     0.29 13 29 
4535291984892391936 279.1559144  23.0140062  0.039  -6.422  16.990 18.225 0.866  3.1  1000.00 10000.00  0 29 
4524849407568337408 279.1778407  20.0063616  0.100  -6.373  15.429 18.607 0.960  3.1  1000.00 10000.00  0 29 
4524724960900634496 279.1863152  19.1707374  0.114  -5.524  14.654 17.195 0.666  3.1  1000.00 10000.00  0 29 
4588866204352000512 279.2204756  31.7514858  0.315  -6.639  19.761 17.853 0.828  3.2  1000.00 10000.00  0 29 
4538594917819602432 279.2334747  26.5451114  0.194  -6.862  18.730 17.970 0.859  3.1  1000.00 10000.00  0 29 
4538842861988473856 279.2404520  27.3001158  0.275  -6.361  18.536 18.498 0.921  3.0  1000.00 10000.00  0 29 
2120652716721533824 279.2638098  48.5076320  0.372  -6.696  23.704 16.672 0.663  3.1  1000.00 10000.00  0 29 
4525704552737551872 279.2823996  20.2987246  0.362  -5.936  15.907 19.422 1.049  3.4  1000.00 10000.00  0 29 
4535385001007314688 279.2902281  23.6351623  0.249  -6.203  16.932 17.393 0.742  3.1  1000.00 10000.00  0 29 
4511999724412422016 279.2909380  17.7043010  0.210  -4.742  12.194 17.570 0.741  3.5  1000.00 10000.00  0 29 
4511816827526016512 279.3199042  16.8889869  0.445  -5.994  14.511 16.775 0.716  3.3  1000.00 10000.00  0 29 
4524769662921223424 279.3266734  19.4975812  0.268  -5.957  15.333 17.646 0.775  3.1  1000.00 10000.00  0 29 
2147516049233323008 279.3299081  54.5196804  0.217  -6.924  25.045 18.452 0.891  3.3  1000.00 10000.00  0 29 
4524722723210112256 279.3333512  19.1624224  0.165  -6.005  15.270 18.339 0.813  3.4  1000.00 10000.00  0 29 
4511884383068933376 279.3417134  17.3671921 -0.220  -6.071  15.238 19.192 1.075  3.2  1000.00 10000.00  0 29 
4538799534364109824 279.3463674  26.9738684  0.211  -6.685  18.898 16.604 0.664  3.1  -315.49     0.86 13 29 
2144864027187553280 279.3836555  50.1808228  0.213  -6.695  24.179 18.415 0.929  3.0  1000.00 10000.00  0 29 
4587802083252232192 279.4050118  29.8706729  0.342  -6.284  19.036 17.732 0.799  3.1  1000.00 10000.00  0 29 
6655344677501820160 279.4056993 -51.7192067 -0.194 -14.992  -9.418 17.825 0.659  6.8  1000.00 10000.00  0 27 
4537011247414545664 279.4154892  25.9819720  0.365  -6.257  17.608 17.955 0.837  3.1  1000.00 10000.00  0 29 
2145667186072593280 279.4222463  53.1128041  0.258  -4.861  19.283 18.122 0.809  3.3  1000.00 10000.00  0 29 
2154811961718772096 279.4316372  59.3256273  0.279  -5.876  22.783 17.768 0.750  3.3  1000.00 10000.00  0 29 
4535785871771680768 279.4644606  24.0573700  0.102  -5.741  16.856 18.024 0.844  3.1  1000.00 10000.00  0 29 
4512005084531929856 279.4697815  17.7444159 -0.154  -5.586  14.743 18.418 0.934  3.3  1000.00 10000.00  0 29 
2148138407174624384 279.4944142  56.7044041  0.394  -4.602  22.840 19.495 1.093  3.4  1000.00 10000.00  0 29 
2117220724318068864 279.4969301  44.2840625  0.193  -6.313  22.808 17.732 0.738  3.1  1000.00 10000.00  0 29 
4531817601171345664 279.4987455  21.0923293  0.309  -6.538  16.628 19.225 1.032  3.2  1000.00 10000.00  0 29 
4538845778271330688 279.4999776  27.3146335  0.342  -6.078  18.064 17.768 0.782  3.2  1000.00 10000.00  0 29 
4535329235150457728 279.5067250  23.4608562  0.201  -6.204  17.024 16.305 0.684  3.1  -329.88     0.37 13 29 
4535304560556675456 279.5282940  23.1848427  0.240  -6.047  16.675 18.442 0.852  3.2  1000.00 10000.00  0 29 
4535773472208367616 279.5731460  24.0287865  0.278  -6.177  17.346 16.877 0.699  3.2  1000.00 10000.00  0 29 
2117812124134660864 279.6046118  46.4044795  0.381  -6.419  23.453 18.306 0.881  3.1  1000.00 10000.00  0 29 
4524451590515630592 279.6088132  18.5130266  0.676  -5.411  13.952 18.336 0.833  3.2  1000.00 10000.00  0 29 
4536135585189113216 279.6111721  25.0313069  0.460  -5.879  16.901 18.726 0.991  3.1  1000.00 10000.00  0 29 
2091291972392167680 279.6203200  33.3606847  0.387  -6.388  20.395 16.854 0.674  3.0  1000.00 10000.00  0 29 
4535816383219960320 279.6267058  24.3226478  0.062  -6.172  17.116 19.120 1.037  3.1  1000.00 10000.00  0 29 
4532253591885374976 279.6460271  22.6630399  0.515  -5.804  16.416 18.929 0.873  3.1  1000.00 10000.00  0 29 
4535705676143748864 279.6592075  23.5146769  0.165  -5.972  16.813 18.247 0.868  3.1  1000.00 10000.00  0 29 
4538633920426589056 279.6734577  27.0434190  0.364  -6.115  18.079 16.356 0.664  3.3  -305.91     1.61  8 29 
2145616750272967936 279.6806467  52.5927925  0.357  -4.689  20.215 18.829 0.926  3.4  1000.00 10000.00  0 29 
2094874593592531456 279.6832285  35.5145982  0.222  -6.181  20.878 17.810 0.772  3.0  1000.00 10000.00  0 29 
2095285810942566784 279.6868294  36.8092317  0.317  -6.125  20.788 17.713 0.770  3.2  1000.00 10000.00  0 29 
4535770757788947072 279.7187988  23.9967516  0.244  -5.842  17.116 13.082 1.115  3.1  -323.32     0.07 13 29 
2094860682197759872 279.7200202  35.2211995  0.315  -6.207  20.537 16.946 0.682  3.0  1000.00 10000.00  0 29 
2110964438733919360 279.7221795  42.5489400  0.264  -6.087  22.050 16.698 0.653  3.1  1000.00 10000.00  0 29 
2094360846785790080 279.7618264  34.1731185  0.331  -6.390  20.369 18.303 0.915  3.1  1000.00 10000.00  0 29 
2094758423317627264 279.7700514  34.6389950  0.215  -6.311  19.912 19.345 1.220  3.0  1000.00 10000.00  0 29 
2117560958744707456 279.7903210  44.6804463  0.322  -6.245  22.239 17.200 0.675  3.2  1000.00 10000.00  0 29 
4587514290384589056 279.8315560  29.2933949  0.207  -6.154  18.574 18.678 1.003  3.2  1000.00 10000.00  0 29 
2256315855834399104 279.8545118  63.8156995  0.238  -5.519  22.373 17.603 0.749  3.4  1000.00 10000.00  0 29 
2117567590171887104 279.8709237  44.7572933  0.162  -5.733  21.404 16.962 0.665  3.3  1000.00 10000.00  0 29 
6654532202836897920 279.8927765 -52.1715410  0.277 -15.237 -10.301 19.223 0.742  5.7  1000.00 10000.00  0 27 
2110960036390055040 279.8988111  42.4466888  0.356  -6.116  22.021 17.113 0.689  3.1  -216.48     3.28  6 29 
4524549554437438848 279.9028455  19.2058213  0.608  -5.299  15.915 19.268 1.081  3.2  1000.00 10000.00  0 29 
4588009478635099648 279.9057240  30.8192013  0.266  -5.744  19.032 17.764 0.796  3.0  1000.00 10000.00  0 29 
4532198203991734400 279.9104671  22.4590031  0.213  -5.727  16.561 17.734 0.764  3.1  1000.00 10000.00  0 29 
4524457676494356096 279.9245898  18.6370500  0.091  -5.538  14.892 17.448 0.725  3.1  1000.00 10000.00  0 29 
4539439415771840896 279.9280793  28.5764894  0.291  -5.729  18.466 16.803 0.665  3.1  -295.55     0.81 13 29 
4538516650635407616 279.9512245  26.2827309  0.073  -6.147  18.065 19.192 1.096  3.1  1000.00 10000.00  0 29 
6650915879024709888 279.9656849 -54.3524883  0.341   5.404 -15.403 16.500 0.641  2.5  1000.00 10000.00  0 26 
2091271390908932864 279.9932586  33.3685026  0.227  -5.951  20.264 19.173 1.122  3.1  1000.00 10000.00  0 29 
4524912496352784256 280.0137976  20.2433985  0.322  -5.582  15.782 16.805 0.688  4.2  1000.00 10000.00  0 29 
4524904211351191424 280.0274582  20.0099343  0.071  -5.782  15.695 18.552 0.905  3.1  1000.00 10000.00  0 29 
4588016762899921536 280.0488300  30.9713530  0.094  -6.153  20.020 19.096 1.170  3.1  1000.00 10000.00  0 29 
6651124373916674816 280.0532739 -54.0002728  0.343   5.444 -15.624 16.699 0.693  2.6  1000.00 10000.00  0 26 
4539042178535472640 280.1136123  28.2894206  0.119  -6.043  18.647 17.975 0.843  3.1  1000.00 10000.00  0 29 
2097592036581831296 280.1289482  37.7507631  0.293  -6.665  22.778 18.231 0.865  3.1  1000.00 10000.00  0 29 
4587724636404302848 280.1292524  30.2568623  0.343  -5.616  18.861 17.721 0.790  3.0  1000.00 10000.00  0 29 
2096785377301870848 280.1587033  37.0776214  0.323  -6.070  21.278 16.566 0.658  3.0  1000.00 10000.00  0 29 
2090838428146539136 280.1917038  31.9932321  0.272  -5.921  19.780 10.886 1.390  4.1  -282.66     0.12  8 29 
2117161350690070016 280.2120018  44.1839631  0.303  -5.999  22.483 17.028 0.680  3.1  1000.00 10000.00  0 29 
2090052139894044032 280.2173323  31.5680584  0.179  -5.430  16.150 17.861 0.751  3.3  1000.00 10000.00  0 29 
2094962558822184960 280.2245554  35.7000889  0.263  -5.820  20.722 17.114 0.676  3.1  1000.00 10000.00  0 29 
2098023285657664128 280.2346751  39.4219249  0.376  -5.718  21.322 18.207 0.844  3.1  1000.00 10000.00  0 29 
4587720135278426240 280.2665903  30.1760226  0.231  -5.597  18.878 19.055 1.027  3.0  1000.00 10000.00  0 29 
2090081307011691520 280.2772305  31.7897002  0.246  -6.194  20.249 18.325 0.869  3.0  1000.00 10000.00  0 29 
2154089857457952768 280.2911420  57.5914925  0.298  -5.702  22.613 18.544 0.841  3.4  1000.00 10000.00  0 29 
2119282068101723264 280.3108895  46.6151416  0.285  -6.640  25.113 17.751 0.812  3.0  1000.00 10000.00  0 29 
2119388445852070144 280.3297984  46.9391400  0.348  -5.625  22.859 18.784 0.951  3.1  1000.00 10000.00  0 29 
2090843783966016896 280.3973394  32.1054274  0.169  -5.956  20.092 17.786 0.773  3.0  1000.00 10000.00  0 29 
2117360293574322176 280.4156974  44.5899987  0.252  -5.544  22.312 19.187 1.037  3.1  1000.00 10000.00  0 29 
6654272408847192960 280.4365281 -52.6990646 -0.046 -13.765 -10.360 18.828 0.716  5.8  1000.00 10000.00  0 27 
2091658835612814976 280.4425521  33.7682876  0.285  -5.906  20.391 19.498 1.110  3.1  1000.00 10000.00  0 29 
2097713841852187904 280.4794994  38.3280827  0.265  -5.519  21.333 18.851 0.974  3.1  1000.00 10000.00  0 29 
2116805246362599296 280.5030095  42.9048138  0.456  -5.651  22.222 18.244 0.867  3.1  1000.00 10000.00  0 29 
2091747651242365568 280.5133649  34.3337347  0.354  -5.546  20.268 16.398 0.661  3.1  -265.04     1.66  8 29 
2116929456815256320 280.5175155  43.4391650  0.605  -5.929  21.634 19.430 1.094  3.2  1000.00 10000.00  0 29 
2257011915416437120 280.5189577  65.8527839 -0.071   4.551   0.074 19.144 0.698  6.8  1000.00 10000.00  0 22 
2116911005635909504 280.5217486  43.3185056  0.232  -5.876  22.110 18.274 0.864  3.1  1000.00 10000.00  0 29 
6655007127431902720 280.5610907 -51.1993077  0.252 -13.879 -11.520 16.156 0.859  6.0   -61.50     4.88 12 27 
2097725799041444992 280.5954768  38.5467508  0.365  -5.785  21.071 18.992 0.963  3.1  1000.00 10000.00  0 29 
4524675757759819904 280.6116255  19.5389763  0.493  -5.599  15.196 18.249 0.866  3.1  1000.00 10000.00  0 29 
2098629528881914240 280.6188281  40.9889694  0.116  -6.023  21.925 18.590 0.989  3.1  -220.53     3.99  6 29 
6650891036933556480 280.6277471 -54.2993149  0.476   5.383 -15.348 16.035 0.621  2.6  1000.00 10000.00  0 26 
2120035100424777984 280.6325198  49.0150613  0.305  -5.816  23.723 16.907 0.666  3.0  1000.00 10000.00  0 29 
6650945458461508096 280.6564404 -54.0078785  0.325   5.349 -15.535 17.610 0.800  2.6  1000.00 10000.00  0 26 
2097706076551258880 280.6685885  38.2810556  0.600  -5.445  21.471 18.695 0.959  3.1  1000.00 10000.00  0 29 
4587634167210408320 280.6818903  29.6889297  0.865  -5.176  18.231 19.495 1.064  3.1  1000.00 10000.00  0 29 
6654279177715993216 280.7012458 -52.4583054  0.350 -14.070  -9.631 18.322 0.653  5.7  1000.00 10000.00  0 27 
2157001093667339392 280.7290434  61.9289602  0.199  -3.218  19.510 19.477 1.062  3.3  1000.00 10000.00  0 29 
6650041904720334080 280.7340825 -55.1487418  0.508   5.464 -15.084 17.374 0.740  2.6  1000.00 10000.00  0 26 
2119046398954218880 280.7361990  46.0185189  0.259  -5.533  22.239 14.025 1.025  3.2  -196.96     0.26  8 29 
2144684708010588160 280.7448230  51.6591909  0.483  -6.029  22.767 19.211 1.064  3.2  1000.00 10000.00  0 29 
2117389984688180096 280.7648491  44.8242545 -0.036  -5.676  22.589 17.914 0.717  3.2  1000.00 10000.00  0 29 
2119793585823350784 280.7845410  47.5228743  0.267  -5.556  22.551 16.838 0.732  3.3  1000.00 10000.00  0 29 
2116905924693269376 280.8130995  43.2230337  0.236  -5.573  22.212 17.244 0.716  3.1  1000.00 10000.00  0 29 
6655789051993980928 280.8240178 -50.6704166  0.046 -11.582  -7.080 19.046 0.812  4.9  1000.00 10000.00  0 27 
2096530462403806336 280.8386564  36.7159564  0.250  -5.467  20.722 16.499 0.731  3.1  -250.42     2.22  8 29 
2119793409727857536 280.8480194  47.5702672  0.203  -5.531  22.864 16.894 0.687  3.2  1000.00 10000.00  0 29 
6654920364796971008 280.8489930 -51.7370011 -0.021 -14.514 -10.496 17.628 0.676  7.8  1000.00 10000.00  0 27 
2253875283618636032 280.8788009  65.2544576  0.265  -5.036  21.998 15.946 0.907  3.3   -79.48     0.81  8 29 
6650893884493863808 280.9009616 -54.2529168  0.264   5.495 -15.258 17.515 0.806  2.6  1000.00 10000.00  0 26 
2096745721864861952 280.9635998  36.9665502 -0.135  -5.580  20.783 19.279 1.220  3.1  1000.00 10000.00  0 29 
2144159034075796096 280.9677302  50.0978633  0.365  -5.312  22.715 19.092 0.991  3.2  1000.00 10000.00  0 29 
2265396030877393664 280.9686715  70.2177702  0.177  -4.702  21.203 17.414 0.736  3.5  1000.00 10000.00  0 29 
2253483956262279296 280.9811375  64.8175135  0.321  -5.793  24.717 17.360 0.750  3.3  1000.00 10000.00  0 29 
2119213108107668864 281.0050358  46.9556265  0.433  -5.310  22.534 19.338 1.160  3.1  1000.00 10000.00  0 29 
2116902553141811712 281.0484609  43.7485917  0.388  -5.418  22.347 18.044 0.844  3.2  1000.00 10000.00  0 29 
2146338437920558464 281.0524214  52.8277272  0.268  -5.835  23.809 17.989 0.791  3.3  1000.00 10000.00  0 29 
2096550906448223616 281.0719114  36.7712806  0.275  -5.554  21.196 18.126 0.827  3.1  1000.00 10000.00  0 29 
2119942049955678208 281.0854132  48.4662467  0.288  -6.371  22.881 19.126 1.108  3.2  1000.00 10000.00  0 29 
2117371563569949824 281.1060845  44.5673340  0.439  -5.428  22.070 19.278 1.057  3.1  1000.00 10000.00  0 29 
6651325447105864576 281.1195999 -53.8684858  0.370   5.598 -15.359 14.891 0.864  2.5    42.07     0.28 13 26 
4530653149640136320 281.1313112  19.9337431  0.339  -6.526  17.266 16.094 0.722  3.2  -374.20     0.33 13 29 
6655000702162021888 281.1742192 -51.0890741  0.287 -16.586  -9.673 18.493 0.695  5.2  1000.00 10000.00  0 27 
6651614098969780736 281.1898363 -52.8553037  0.442 -13.905 -10.967 19.087 0.688  6.2  1000.00 10000.00  0 27 
2147275982038419968 281.1955648  54.1876068  0.276  -5.338  23.063 16.063 0.716  3.2  1000.00 10000.00  0 29 
2116834005461529216 281.2781721  42.7062301  0.378  -5.340  21.994 18.799 0.900  3.1  1000.00 10000.00  0 29 
2119646285625869312 281.2876358  48.0209231  0.378  -5.725  23.490 18.616 0.963  3.1  1000.00 10000.00  0 29 
2119644567637643776 281.2924206  47.9517440  0.258  -5.225  22.779 18.015 0.797  3.2  1000.00 10000.00  0 29 
6650502767590799616 281.2944881 -54.3711814  0.239   5.755 -15.290 17.021 0.715  2.6  1000.00 10000.00  0 26 
6654929263969552128 281.3020468 -51.5304758  0.033 -15.036 -10.613 18.346 0.696  6.0  1000.00 10000.00  0 27 
4532747646268387712 281.3465675  23.7130795  0.193  -4.726  16.793 18.385 0.797  3.1  1000.00 10000.00  0 29 
2154480085302734720 281.3522066  57.8448487  0.509  -5.066  22.328 18.779 0.954  3.4  1000.00 10000.00  0 29 
2153872948726247808 281.3629369  56.2758141  0.267  -5.222  23.397 16.482 0.650  3.2  1000.00 10000.00  0 29 
2154670571395429504 281.4309529  59.3349864  0.419  -5.465  23.061 19.096 0.996  3.1  1000.00 10000.00  0 29 
2119157857647064448 281.5029821  46.3828105  0.510  -5.025  22.117 18.717 0.963  3.1  1000.00 10000.00  0 29 
6654948814660652672 281.5034283 -51.5558115  0.261 -14.590 -11.032 18.686 0.716  5.7  1000.00 10000.00  0 27 
6651350838952887936 281.5068158 -53.5119478  0.470   5.666 -15.177 17.548 0.794  2.5  1000.00 10000.00  0 26 
6418422010728993152 281.5591967 -72.4814086  0.258 -16.746 -23.758 17.911 0.868  3.1  1000.00 10000.00  0 28 
2146507659631956352 281.6052609  53.9769085  0.286  -5.312  22.954 19.148 1.061  3.2  1000.00 10000.00  0 29 
2146934716820840192 281.6286031  54.6710236  0.076  -4.848  22.906 18.363 0.851  3.3  1000.00 10000.00  0 29 
2156753974134141312 281.6753898  61.1490018  0.069  -4.156  22.314 18.909 1.055  3.4  1000.00 10000.00  0 29 
2119746989722152448 281.6891609  48.3423092  0.260  -5.063  22.508 17.877 0.759  3.4  1000.00 10000.00  0 29 
2154428919356318464 281.6946320  57.7421502  0.278  -5.041  22.676 17.468 0.716  3.2  1000.00 10000.00  0 29 
6651339534599866368 281.7191812 -53.5497969  0.398   5.778 -15.230 17.691 0.822  2.5  1000.00 10000.00  0 26 
2098380008460006016 281.7784069  40.5359420  0.311  -5.202  22.394 19.298 1.101  3.1  1000.00 10000.00  0 29 
2146457945387812608 281.8267179  53.2185407 -0.007  -4.819  23.062 18.813 0.977  3.3  1000.00 10000.00  0 29 
6650508097651832064 281.8480448 -54.1908188  0.276   5.689 -14.907 16.592 0.649  2.7  1000.00 10000.00  0 26 
6654693075126227712 281.9433955 -51.9965048  0.243 -14.657 -11.037 18.181 0.682  5.7  1000.00 10000.00  0 27 
2253993721638016128 281.9437143  65.7090768  0.203   2.546   0.316 17.343 0.866  9.3  1000.00 10000.00  0 22 
2144700028156679936 281.9442627  51.3555957  0.149  -4.963  22.979 19.229 1.126  3.3  1000.00 10000.00  0 29 
6654681083583646208 281.9777690 -52.0362238  0.583 -15.151  -9.084 18.574 0.711  5.6  1000.00 10000.00  0 27 
6651266520154662528 282.0299544 -53.9126481  0.353   5.689 -15.024 16.215 0.630  2.6  1000.00 10000.00  0 26 
6654960810504008704 282.0376735 -51.2197735  0.225 -14.104 -11.234 19.419 0.801  5.5  1000.00 10000.00  0 27 
6650496690218600704 282.0421736 -54.2347450  0.305   5.745 -15.108 17.895 0.827  2.6  1000.00 10000.00  0 26 
2096675799797036800 282.0557108  37.3847847  0.383  -5.506  22.161 17.964 0.840  3.0  1000.00 10000.00  0 29 
2146888984008284928 282.1334308  54.1998148  0.274  -5.124  22.589 19.047 1.036  3.3  1000.00 10000.00  0 29 
6650534000593457792 282.1655787 -54.0265978  0.326   5.353 -14.187 17.492 0.789  2.6  1000.00 10000.00  0 26 
2097512287628169856 282.1767283  39.5954233  0.466  -4.701  21.313 18.462 0.881  3.1  1000.00 10000.00  0 29 
2153271786446387200 282.1809618  57.0185450  0.129  -5.162  20.846 18.134 0.794  3.1  1000.00 10000.00  0 29 
2255530800235699584 282.1891924  66.1674274  0.224  -2.805  23.908 18.830 0.874  4.2  1000.00 10000.00  0 29 
2156346162694136960 282.1950857  60.5512795  0.221  -4.602  22.454 17.282 0.685  3.3  1000.00 10000.00  0 29 
2154564880841214976 282.2015187  58.5480536  0.387  -4.750  23.144 18.670 0.955  3.3  1000.00 10000.00  0 29 
2255733247815110528 282.2504273  67.6857796  0.223  -3.637  22.631 17.993 0.676  3.2  1000.00 10000.00  0 29 
6415260571202860928 282.2960694 -73.4774574  0.390 -15.946 -23.062 19.110 1.126  3.0  1000.00 10000.00  0 28 
2104379429233192704 282.3016374  40.7956776  1.200  -9.255  22.445 19.340 0.963  3.1  1000.00 10000.00  0 29 
2097067195876298112 282.3124573  37.8362555  0.384  -4.524  20.818 19.327 1.128  3.1  1000.00 10000.00  0 29 
2096602446054928256 282.3173629  36.8924899  0.278  -4.486  20.472 16.069 0.720  3.1  -245.98     0.89  8 29 
2153232036526913280 282.3211430  56.5253742  0.213  -4.628  22.498 17.315 0.677  3.4  1000.00 10000.00  0 29 
2106967679608099968 282.3298742  45.4529862  0.099  -4.708  23.710 19.217 1.194  3.2  1000.00 10000.00  0 29 
2156271048009972224 282.3826572  60.2297689  0.112  -4.596  22.781 18.531 0.857  3.4  1000.00 10000.00  0 29 
2154593128842799232 282.3969196  58.8043882  0.156  -4.575  22.595 18.914 0.895  3.3  1000.00 10000.00  0 29 
2041778391116592128 282.4556542  30.8606528  0.589  -4.291  19.275 18.936 1.034  3.0  1000.00 10000.00  0 29 
2146068477753892736 282.4885620  52.2944144  0.323  -5.031  23.414 16.875 0.704  3.3  1000.00 10000.00  0 29 
6651768992671452800 282.5546872 -52.0387593  0.013 -13.807 -11.564 18.981 0.684  5.8  1000.00 10000.00  0 27 
2153269179404303744 282.5766060  57.0367129  0.351  -4.521  23.114 17.098 0.677  3.3  1000.00 10000.00  0 29 
2154586664915408768 282.5922523  58.6413893  0.360  -4.683  22.576 17.836 0.768  3.4  1000.00 10000.00  0 29 
2255540489682228608 282.6057207  66.3910000  0.048  -5.029  21.874 19.338 1.034  3.3  1000.00 10000.00  0 29 
2146874449839661952 282.6172562  54.5662053  0.145  -4.610  23.063 19.064 0.993  3.3  1000.00 10000.00  0 29 
2156912303806507776 282.6747044  62.0816171  0.293  -4.459  22.458 18.237 0.796  3.5  1000.00 10000.00  0 29 
2147010342604481408 282.6984068  55.1737410  0.249  -4.320  23.390 19.399 1.274  3.4  1000.00 10000.00  0 29 
2153216707786925568 282.7464845  56.4562292  0.326  -4.623  23.239 17.597 0.709  3.4  1000.00 10000.00  0 29 
2146813946636988800 282.7668249  53.8280408  0.326  -4.518  23.697 18.684 0.927  3.3  1000.00 10000.00  0 29 
6650189239278833664 282.8228719 -54.9545591  0.477   5.853 -15.105 17.182 0.713  2.6  1000.00 10000.00  0 26 
2107535985381725184 282.8605627  47.0588557  0.106  -4.548  22.444 19.185 1.150  3.1  1000.00 10000.00  0 29 
6650195076134291584 282.9185206 -54.9190128  0.392   5.713 -14.785 17.736 0.830  2.6  1000.00 10000.00  0 26 
6650638389779029760 282.9679662 -53.7057115  0.329   5.881 -14.868 16.361 0.627  2.6  1000.00 10000.00  0 26 
6654807222473368064 282.9704259 -51.2845466  0.403 -13.890 -10.396 17.171 0.742  6.2  1000.00 10000.00  0 27 
2090720088906213504 283.1173163  33.7090375  0.209  -4.485  20.788 17.826 0.814  3.2  1000.00 10000.00  0 29 
2143900034663557120 283.1865383  49.6586309  0.140  -4.391  22.925 18.569 0.875  3.1  1000.00 10000.00  0 29 
6650193499886281088 283.2149312 -54.8815479  0.329   5.908 -15.025 16.218 0.627  2.6    44.47     0.99 13 26 
2153164412265044352 283.2298504  56.2859458  0.380  -4.256  22.476 17.839 0.764  3.4  1000.00 10000.00  0 29 
6654902669528533632 283.2407215 -50.7544082 -0.030 -13.308 -12.203 18.528 0.716  6.3  1000.00 10000.00  0 27 
6654904559314067456 283.3243231 -50.7922541  0.109 -14.615 -11.395 19.176 0.784  5.4  1000.00 10000.00  0 27 
2106653180625098752 283.3311174  44.2759846  0.227  -4.403  22.430 17.471 0.695  3.1  1000.00 10000.00  0 29 
2144313657195709312 283.3480501  50.2511546  0.305  -4.700  24.344 15.530 0.907  3.1  -181.93     0.72  8 29 
2156871145137194624 283.3538967  62.2421304  0.349  -4.025  22.344 17.975 0.775  3.4  1000.00 10000.00  0 29 
6654906212879653376 283.4039180 -50.6915540  0.177 -14.570 -11.651 17.071 0.841  6.6  1000.00 10000.00  0 27 
2253576761915727232 283.4128727  64.0437428  0.246  -4.198  22.401 17.728 0.746  3.4  1000.00 10000.00  0 29 
2155489196459242752 283.4246843  59.6962650  0.133  -4.193  22.984 16.970 0.676  3.3  1000.00 10000.00  0 29 
2255501113422353536 283.4853471  66.3034400  0.284   4.513  -0.683 18.954 0.656  7.1  1000.00 10000.00  0 22 
6650647769988181760 283.4860168 -53.4585981  0.191   5.660 -14.625 17.554 0.766  2.5  1000.00 10000.00  0 26 
6651813797768726784 283.5618505 -51.4340069 -0.020 -14.067 -11.788 18.294 0.636  5.7  1000.00 10000.00  0 27 
2104904617837433216 283.6048167  42.5524356  0.294  -4.437  22.864 18.274 0.866  3.1  1000.00 10000.00  0 29 
2255462046399297024 283.6443353  65.8763875  0.414  -3.951  21.627 18.178 0.826  3.5  1000.00 10000.00  0 29 
6651790467509013248 283.6510821 -51.7964214  0.344 -14.634 -11.959 17.735 0.861  5.7  1000.00 10000.00  0 27 
6650565684572398208 283.6747955 -53.9202651  0.243   5.825 -14.557 17.753 0.796  2.7  1000.00 10000.00  0 26 
2155470504761357824 283.7348971  59.4482857  0.270  -3.886  22.563 16.139 0.762  3.3  -117.56     0.99  8 29 
6660912737524677888 283.7494977 -50.5643477  0.166 -13.688 -11.878 19.330 0.872  5.4  1000.00 10000.00  0 27 
6660894389423949952 283.7873797 -50.8150882 -0.079 -14.531 -11.191 18.933 0.822  5.4  1000.00 10000.00  0 27 
2132418002237520384 283.8287971  50.7820701  0.278  -3.604  21.207 17.872 0.798  3.2  1000.00 10000.00  0 29 
6650302931354606208 283.8970445 -54.4440908  0.206   6.217 -14.700 16.489 0.636  2.6  1000.00 10000.00  0 26 
6650279807251754240 284.0111952 -54.7819544  0.311   5.891 -14.851 16.903 0.683  2.6  1000.00 10000.00  0 26 
2156849219326384000 284.1084476  61.9679453  0.258  -3.895  22.053 17.148 0.687  3.5  1000.00 10000.00  0 29 
6661114910226737536 284.1094758 -50.1733558  0.234 -14.796 -12.501 19.468 0.756  6.6  1000.00 10000.00  0 27 
6657747282202985984 284.1670648 -51.6861192 -0.053 -13.679 -11.574 18.370 0.591  5.6  1000.00 10000.00  0 27 
6415066782277434752 284.2072167 -73.6976332  0.473 -15.842 -23.910 19.372 1.213  3.1  1000.00 10000.00  0 28 
6415078640684632832 284.2226519 -73.6626121  0.403 -15.868 -24.182 17.181 0.715  3.0   123.27     0.70 13 28 
6657748824097637760 284.2397050 -51.6502690  0.421 -13.676 -11.945 18.695 0.632  5.6  1000.00 10000.00  0 27 
2253519312432549888 284.4394160  64.0737500  0.188  -3.535  22.775 17.580 0.746  3.4  1000.00 10000.00  0 29 
2156092965781860480 284.5347340  61.7468785  0.298  -4.118  24.914 17.518 0.732  3.2  1000.00 10000.00  0 29 
2255445970340536064 284.5940330  66.7639867 -0.002  -3.662  21.787 18.995 1.001  3.2  1000.00 10000.00  0 29 
2132216241854683776 284.5994617  49.6107731  0.328  -4.339  24.774 17.784 0.791  3.3  1000.00 10000.00  0 29 
2131405008431237888 284.6121010  47.1889309  0.369  -4.100  23.605 18.761 0.974  3.2  1000.00 10000.00  0 29 
2132223461697300864 284.6142540  49.7745105  0.300  -3.945  24.067 17.096 0.690  3.1  1000.00 10000.00  0 29 
2255408415145605120 284.6810623  66.3660507  0.767  -3.884  23.269 19.479 1.196  3.3  1000.00 10000.00  0 29 
2256227379508747904 284.7134309  68.8756888  0.118  -3.001  19.909 18.821 0.869  3.7  1000.00 10000.00  0 29 
6638301899375271296 284.7284263 -54.5472612  0.346   6.040 -14.899 16.657 0.668  2.6  1000.00 10000.00  0 26 
6660866081297779712 284.7810265 -50.5960459  0.098 -14.184 -11.529 18.768 0.683  5.7  1000.00 10000.00  0 27 
2262378666029155456 284.8134334  69.8193008  0.306  -3.301  21.231 17.043 0.694  3.4  1000.00 10000.00  0 29 
2255450230947527552 284.9929227  66.8400148  0.317   0.936  -0.107 16.324 0.597  3.7  -125.28     2.78  8 22 
2263055518515541760 285.0167729  72.1665465  0.283  -3.292  20.579 16.338 0.864  4.3   -40.99     0.90  8 29 
6419977785322799744 285.0324725 -71.5159919  0.664 -14.257 -24.031 19.033 1.093  3.1  1000.00 10000.00  0 28 
2155823718574928256 285.1022995  59.9029660  0.092  -3.354  21.156 17.929 0.751  3.3  1000.00 10000.00  0 29 
6657583656834265344 285.2399415 -51.4810832  0.118 -13.668 -11.737 18.980 0.683  5.5  1000.00 10000.00  0 27 
6660970290086046720 285.2774851 -50.2855999 -0.011 -13.979 -11.990 18.854 0.624  5.8  1000.00 10000.00  0 27 
6416877957104248832 285.2868097 -72.4223660  0.477 -14.878 -24.579 19.229 1.245  3.1  1000.00 10000.00  0 28 
2252299408578918272 285.3457076  62.5602647  0.290  -3.174  21.961 16.483 0.649  3.3   -98.70     1.61  8 29 
6644294345123564160 285.4221769 -54.4711008  0.339   6.127 -14.477 17.182 0.733  2.6  1000.00 10000.00  0 26 
2252199730978168320 285.4302732  62.3716381  0.322  -3.508  23.652 16.464 0.662  3.3  -104.21     1.40  8 29 
2267706860721432960 285.4347721  73.3229261  0.185  -2.993  20.311 18.722 0.846  3.7  1000.00 10000.00  0 29 
2262250946585224576 285.5176341  69.1349643  0.463  -3.201  22.051 19.455 1.175  3.2  1000.00 10000.00  0 29 
6657873240708436480 285.5730515 -51.0873881 -0.036 -14.231 -11.497 18.938 0.674  6.2  1000.00 10000.00  0 27 
6419962186001282688 285.6567266 -71.7116320  0.501 -14.425 -24.850 18.006 0.907  3.1  1000.00 10000.00  0 28 
2263028507465005952 285.6713808  71.8199351  0.083  -2.803  20.407 19.464 0.959  3.7  1000.00 10000.00  0 29 
2255385565919845376 285.7158134  66.6462698 -0.038   0.689  -1.686 18.970 0.948  2.9  1000.00 10000.00  0 22 
2255386008299429760 285.7723559  66.6705262  0.257  -3.251  22.103 18.473 0.894  3.2  1000.00 10000.00  0 29 
6656835576611492480 286.0655895 -52.0287488 -0.387 -13.099 -10.221 19.490 0.780  5.3  1000.00 10000.00  0 27 
6657898804354943488 286.1496546 -50.6217930  0.627 -14.524 -11.965 19.456 0.747  7.0  1000.00 10000.00  0 27 
6657881143448765568 286.2243804 -50.8296684 -0.038 -13.362 -12.447 19.363 0.752  5.9  1000.00 10000.00  0 27 
6657998928634605056 286.2792984 -50.0078825  0.151 -14.455 -11.999 17.868 0.640  4.2  1000.00 10000.00  0 27 
2264579849652720896 286.3066274  72.6766723  0.160  -2.706  20.108 18.735 0.937  3.7  1000.00 10000.00  0 29 
6657982607758645248 286.3929638 -50.1210350 -0.136 -13.973 -12.066 18.688 0.641  5.8  1000.00 10000.00  0 27 
6657602417250785920 286.4428689 -51.5972182 -0.054 -14.120 -11.163 18.823 0.689  5.6  1000.00 10000.00  0 27 
6644355879118874880 286.4546263 -53.6835618  0.356   6.345 -14.726 16.212 0.620  2.6    46.71     1.45 13 26 
6657640041164877568 286.5421970 -51.3933869  0.043 -12.968 -12.988 19.446 0.771  6.3  1000.00 10000.00  0 27 
2254460498684613120 286.5625539  65.3830812  0.149   3.356   0.497 17.265 0.819  7.8  1000.00 10000.00  0 22 
2262829706314963712 286.7317812  71.0396915  0.355  -2.248  20.766 18.493 0.917  3.5  1000.00 10000.00  0 29 
2265122252482068736 286.7975756  73.8643653 -0.164  -2.236  19.841 19.175 0.995  3.8  1000.00 10000.00  0 29 
2265131190311100800 286.8267376  74.0581020  0.290  -2.487  19.859 17.447 0.727  3.2  1000.00 10000.00  0 29 
6658309162710660992 287.0440933 -50.1723629  0.605 -13.473 -12.825 19.038 0.826  5.9  1000.00 10000.00  0 27 
6658392863035098624 287.0548005 -49.5325573  0.138 -14.257 -12.552 18.744 0.766  4.8  1000.00 10000.00  0 27 
2265167435539170176 287.1009868  74.4560047  0.022  -2.586  20.224 19.216 1.052  3.6  1000.00 10000.00  0 29 
6658387571635156608 287.1532659 -49.6384635  0.146 -13.829 -12.598 16.945 0.796  6.5    51.99     0.32 13 27 
6658389220902807040 287.2094905 -49.5446848  0.268 -14.039 -12.616 18.509 0.708  5.7  1000.00 10000.00  0 27 
6656522628113396352 287.5514846 -52.7827400 -0.001   6.045 -13.104 17.692 0.786  2.7  1000.00 10000.00  0 26 
2265103938741221760 287.5919114  73.6060687  0.170  -2.130  19.784 17.941 0.792  3.5  1000.00 10000.00  0 29 
2254980529026660224 287.7647331  66.4548979  0.162   0.863  -0.120 19.064 0.803  4.3  1000.00 10000.00  0 22 
6658329503677698944 287.8751476 -49.8679460 -0.268 -14.080 -12.351 19.131 0.833  4.9  1000.00 10000.00  0 27 
6658021812217609856 287.9059236 -50.8398842  0.313 -14.142 -12.166 18.218 0.689  4.7  1000.00 10000.00  0 27 
2292503665426594304 287.9843255  76.7005046  0.143  -2.068  18.838 18.667 0.894  3.8  1000.00 10000.00  0 29 
6421255933230583936 287.9881478 -69.3022045  0.503 -13.880 -26.058 18.209 0.888  3.1  1000.00 10000.00  0 28 
2252591668216785024 287.9902166  63.3069062  0.324  -2.129  24.009 18.272 0.872  3.0  1000.00 10000.00  0 29 
6656984702173880064 288.0438355 -51.8834243  0.489   6.637 -14.468 17.935 0.843  2.5  1000.00 10000.00  0 26 
6416921074279227392 288.0877306 -71.7713322  0.463 -13.151 -25.668 19.141 1.226  3.1  1000.00 10000.00  0 28 
6656980029248610560 288.0947210 -51.9992858  0.408   6.675 -14.639 17.156 0.750  2.4  1000.00 10000.00  0 26 
2254144316073134592 288.1510128  64.1567861  0.105   0.707   0.474 19.438 0.865  4.3  1000.00 10000.00  0 22 
6658449384801532672 288.2907962 -49.4364243  0.070 -13.219 -13.140 18.947 0.748  5.6  1000.00 10000.00  0 27 
2264663176314234624 288.3244088  73.1268289  0.228  -2.086  21.711 11.237 1.471  5.9   -36.37     0.12  8 29 
6658504364678441088 288.3590107 -49.1448576  0.623 -13.614 -13.360 19.293 0.741  6.2  1000.00 10000.00  0 27 
6421923822119602816 288.4804368 -68.1703108  0.320 -13.188 -25.906 19.487 1.081  3.1  1000.00 10000.00  0 28 
6415676667632655872 288.5400577 -74.0781222  0.405 -13.201 -24.186 18.730 1.103  3.1  1000.00 10000.00  0 28 
6421852109051929600 288.7296071 -68.5894443  0.322 -13.155 -26.228 18.995 1.139  3.1  1000.00 10000.00  0 28 
6658234778171220864 288.7738632 -49.7144010  0.307 -13.656 -12.565 18.015 0.645  5.4  1000.00 10000.00  0 27 
6658236629302077312 289.0767534 -49.5726030  0.162 -14.110 -12.508 18.139 0.583  6.2  1000.00 10000.00  0 27 
6420127971739097088 289.1070866 -70.8511098  0.306 -13.249 -25.453 17.298 0.742  3.0   123.43    29.12 12 28 
6657331525074071552 289.1374665 -50.7370612 -0.041 -12.056 -13.404 17.449 0.720  6.6  1000.00 10000.00  0 27 
2254707132886711808 289.3374960  65.6540900  0.180   1.154   0.477 19.314 0.640  7.8  1000.00 10000.00  0 22 
6420439408408225664 289.3480267 -69.5772702  0.457 -13.015 -26.053 19.351 1.131  3.2  1000.00 10000.00  0 28 
2264259170214524544 289.3707568  71.5152333  0.085  -1.449  19.460 19.175 0.788  3.7  1000.00 10000.00  0 29 
6415491331205623936 289.6427589 -74.3155346  0.428 -12.535 -22.265 18.432 0.957  3.3  1000.00 10000.00  0 28 
6421909219235231744 289.6792310 -67.9560807  0.467 -13.821 -27.753 18.186 0.907  3.3  1000.00 10000.00  0 28 
2254749837747143680 290.0192221  66.2356612  0.235   0.902  -0.277 19.277 0.892  3.7  1000.00 10000.00  0 22 
6660022030028855808 290.4531841 -48.2481115 -0.113 -13.215 -13.527 18.615 0.631  5.9  1000.00 10000.00  0 27 
6435265291916979200 290.4986322 -64.9950009  0.426 -13.188 -28.400 19.368 1.242  3.0  1000.00 10000.00  0 28 
2254827151451754240 290.5443224  66.1696673  0.424  -1.764  -0.076 16.340 0.937  9.8    -7.18     0.48  8 22 
6420546782590097280 290.7296991 -69.9762945  0.428 -12.390 -25.702 18.377 0.978  3.1  1000.00 10000.00  0 28 
6434432514937846912 290.8901263 -65.7452216 -0.045 -11.921 -27.677 18.729 1.047  3.1  1000.00 10000.00  0 28 
6417419535297420032 291.1111727 -71.2119879  0.116 -12.306 -25.707 19.193 1.065  3.0  1000.00 10000.00  0 28 
6658971515387822848 291.2646027 -49.3145887  0.421 -13.077 -12.927 18.195 0.671  5.4  1000.00 10000.00  0 27 
6416784150721715456 291.4070857 -71.7385087  0.139 -12.612 -26.860 19.393 1.221  3.1  1000.00 10000.00  0 28 
6658704368422157184 291.4519206 -50.0374225  0.235 -12.589 -13.660 17.419 0.700  5.2  1000.00 10000.00  0 27 
6658996254397223936 291.7078584 -49.5531183  0.378 -13.320 -14.491 18.305 0.715  5.3  1000.00 10000.00  0 27 
6420550222862251392 291.7835761 -70.0954539  0.422 -12.199 -26.157 17.629 0.793  3.2  1000.00 10000.00  0 28 
6417451897877099776 292.0369727 -70.6574951  0.922 -11.552 -25.177 19.188 1.142  3.0  1000.00 10000.00  0 28 
6440239207641589120 292.2407269 -65.6781136  0.466 -12.267 -28.660 18.821 1.003  3.1  1000.00 10000.00  0 28 
2242740117045590784 292.2628885  65.5448925  0.401   0.794  -0.615 19.405 0.656  6.4  1000.00 10000.00  0 22 
6660285672300893824 292.5992212 -47.6776457 -0.010 -13.012 -13.707 18.800 0.711  6.1  1000.00 10000.00  0 27 
6428067476483176192 292.8707539 -66.8182269  0.029 -11.581 -26.548 19.286 1.103  3.1  1000.00 10000.00  0 28 
6415576307135862016 292.9838464 -73.8607643  0.447 -11.760 -25.355 19.037 1.134  3.1  1000.00 10000.00  0 28 
6440660939070906240 293.5160749 -64.2410686  0.420  -9.508 -31.129 19.267 1.136  3.1  1000.00 10000.00  0 28 
6416301469412732800 293.7596353 -72.5337339  0.356 -11.656 -26.260 17.020 0.732  3.1    11.06     1.60 13 28 
6659191761309612800 294.0694911 -48.8898562  0.210 -10.775 -12.118 18.596 0.665  5.8  1000.00 10000.00  0 27 
6440382350311691136 294.0720476 -64.9046216  0.132 -10.279 -28.825 18.962 1.046  3.2  1000.00 10000.00  0 28 
6659658022960323072 294.2993088 -47.1128834  0.110 -12.577 -14.194 18.465 0.718  5.8  1000.00 10000.00  0 27 
6417516219305576320 294.5643716 -70.4816305  0.410 -11.073 -26.544 18.824 1.076  2.9  1000.00 10000.00  0 28 
6417574497719805056 294.6098490 -70.1466111  0.413 -10.923 -27.300 17.570 0.791  3.1  1000.00 10000.00  0 28 
6427869362530795776 294.6930309 -67.1117562  0.332 -11.087 -27.531 18.663 1.008  3.1  1000.00 10000.00  0 28 
6659292366623957248 294.9568900 -48.4458847  0.569 -12.374 -13.822 19.279 0.803  5.3  1000.00 10000.00  0 27 
6427894887518631040 295.0162141 -66.7483203  0.163  -9.557 -28.119 19.046 1.115  3.1  1000.00 10000.00  0 28 
6659388062791764224 295.0610264 -47.9004421  0.374 -12.323 -14.167 17.566 0.784  6.5  1000.00 10000.00  0 27 
6683651909296978944 295.5739771 -46.8606416  0.279 -12.229 -14.294 18.288 0.673  6.2  1000.00 10000.00  0 27 
6683443517486348416 295.6451463 -47.1660964 -0.400 -12.020 -15.681 18.758 0.725  5.9  1000.00 10000.00  0 27 
6415998858902289024 295.8429008 -73.0960094  0.206 -11.153 -27.704 18.992 1.120  3.0  1000.00 10000.00  0 28 
6427994358961311360 295.8636159 -66.4361008  0.499  -9.730 -27.883 18.369 0.944  3.2  1000.00 10000.00  0 28 
6416073453892931840 295.9981195 -72.6651058  0.323 -10.585 -26.547 18.200 0.950  3.1  1000.00 10000.00  0 28 
6683685066444972544 296.0475576 -46.5249758  0.097 -13.952 -13.936 17.988 0.615  5.3  1000.00 10000.00  0 27 
6416174196644820352 296.4205902 -72.4118152  0.282 -10.594 -27.036 19.347 1.198  3.1  1000.00 10000.00  0 28 
6416449796106222464 296.5019312 -71.5665083  0.503 -10.366 -27.047 18.351 0.954  3.0  1000.00 10000.00  0 28 
6428249961053815168 296.7861160 -65.5188156  0.311  -9.785 -28.407 18.363 0.931  3.1  1000.00 10000.00  0 28 
6683564120167000192 297.0784905 -46.6134324  0.293 -11.720 -14.346 18.399 0.664  5.9  1000.00 10000.00  0 27 
6683619370627233536 297.2820883 -46.0116454 -0.066 -12.651 -14.937 18.597 0.671  5.5  1000.00 10000.00  0 27 
6427188348218222464 297.3181463 -66.7823323  0.231  -9.914 -29.174 18.919 1.091  3.0  1000.00 10000.00  0 28 
6683603324629146752 297.3801942 -46.1333793  0.470 -11.022 -15.194 19.138 0.630  6.2  1000.00 10000.00  0 27 
6441231619964774528 297.6002070 -62.5768533  0.367  -9.160 -29.690 18.235 0.852  3.3  1000.00 10000.00  0 28 
6683910431969816704 297.8801544 -46.3923702 -0.001 -11.894 -14.712 18.924 0.688  5.7  1000.00 10000.00  0 27 
6416424644777187584 298.0000202 -71.5869556  0.277  -9.645 -27.123 19.192 1.259  3.0  1000.00 10000.00  0 28 
6683984820802442624 298.0216565 -45.8879352  0.176 -11.332 -14.545 17.856 0.585  6.2  1000.00 10000.00  0 27 
6671902875937337216 298.2330080 -46.4324100  0.311 -11.578 -15.177 19.148 0.716  5.8  1000.00 10000.00  0 27 
6443921235860019712 298.5742382 -60.1791313  0.596  -9.366 -31.066 19.241 1.201  3.1  1000.00 10000.00  0 28 
6683966889316056192 298.6368283 -45.6986558  0.054 -10.826 -15.473 17.423 0.610  5.7    87.01     0.91 13 27 
6684064814569807104 298.9056047 -45.4624742  0.142 -10.728 -15.672 16.341 0.839  5.7  -117.45    10.03 12 27 
6428820405725257344 298.9257631 -64.4428764  0.452  -8.956 -30.546 18.548 0.883  3.0  1000.00 10000.00  0 28 
6422418701135867264 299.1974286 -71.4103512  0.223  -9.612 -28.205 18.656 1.009  3.0  1000.00 10000.00  0 28 
6443967170535847296 299.2610509 -60.1331181  0.307  -7.897 -29.395 17.112 0.699  3.3    69.18    46.55 12 28 
6423742478775842048 299.9026702 -68.5586157 -0.071  -9.324 -29.615 19.375 1.247  3.0  1000.00 10000.00  0 28 
6423499074390514304 300.0614971 -69.2711775  0.247  -7.820 -27.495 18.341 0.970  3.1  1000.00 10000.00  0 28 
6442506194460382464 300.3465422 -62.6102146  0.199  -7.339 -29.598 18.870 1.060  3.2  1000.00 10000.00  0 28 
6673567364742831872 300.3635230 -45.1350614  0.230 -10.472 -15.076 16.431 0.839  5.8    30.44     9.49 12 27 
6428583014293783680 301.1466625 -64.6182953  0.305  -7.479 -28.772 17.270 0.729  3.1    61.01    21.26 12 28 
6430329068823818112 301.2183590 -63.5846300  0.268  -7.563 -30.402 18.860 1.107  3.1  1000.00 10000.00  0 28 
6374008441115121024 301.6871729 -72.8285664  0.331  -8.369 -27.366 18.894 1.041  3.0  1000.00 10000.00  0 28 
6427393651948854144 302.6395696 -66.5493286  0.850  -7.409 -29.460 19.450 1.086  3.0  1000.00 10000.00  0 28 
6429382835987130112 304.0092338 -64.4473106  0.358  -6.746 -29.808 17.070 0.718  3.1    22.32    27.51 12 28 
6679986554143796736 304.6479632 -43.0500738  0.250  -9.449 -14.645 16.929 0.770  6.2    48.72     9.84 12 27 
6679249533459478784 305.4475686 -42.9830775  0.190  -9.586 -15.132 18.240 0.617  5.8  1000.00 10000.00  0 27 
6481518516281544320 314.3349662 -47.5589104  0.613  -7.336 -32.460 19.333 1.033  3.5  1000.00 10000.00  0 30 
6485128075516336896 314.7534604 -42.5730985  0.349  -6.241 -34.022 18.634 0.859  3.5  1000.00 10000.00  0 30 
6478410682241974528 314.8090571 -48.6692514  0.228  -6.564 -32.221 17.299 0.649  3.5   204.60     3.02  8 30 
6484243965088313344 314.8232184 -45.0650097  0.270  -6.548 -33.580 18.154 0.778  3.5  1000.00 10000.00  0 30 
6483043229671396352 314.8553256 -47.1272179  0.452  -6.363 -33.274 18.691 0.877  3.4  1000.00 10000.00  0 30 
6484786814594025600 315.4778903 -43.7070149  0.153  -6.114 -34.213 18.920 0.979  3.5  1000.00 10000.00  0 30 
6483807081014849536 315.6700634 -45.2458312  0.153  -6.203 -33.515 18.518 0.864  3.4  1000.00 10000.00  0 30 
6581177395525054848 315.8854137 -42.2204239 -0.038  -6.367 -34.815 19.419 0.909  3.3  1000.00 10000.00  0 30 
6483818011708330240 316.1455606 -45.1561723 -0.014  -5.974 -33.645 18.584 0.948  3.6  1000.00 10000.00  0 30 
6773982080918418560 316.3275851 -40.0362636  0.353  -5.909 -35.133 18.206 0.718  3.4  1000.00 10000.00  0 30 
6581830879093138048 316.6363013 -40.0815838  0.386  -5.526 -35.416 19.201 0.976  3.4  1000.00 10000.00  0 30 
6580950930489769728 316.6931280 -42.4952318  0.328  -6.376 -34.435 17.405 0.643  3.4   116.08     3.07  8 30 
6581751989133209856 316.8802890 -40.6472417  0.132  -5.740 -34.940 18.396 0.785  3.3  1000.00 10000.00  0 30 
6581754089374409728 316.9402107 -40.5368901  0.461  -5.650 -35.168 17.603 0.666  3.4  1000.00 10000.00  0 30 
6581050505011347584 316.9751413 -42.1366291  0.222  -5.099 -34.904 18.767 1.039  3.6  1000.00 10000.00  0 30 
6581355447689640448 317.0329641 -40.9460940  0.259  -5.499 -35.439 17.619 0.652  3.4   113.55     3.90  8 30 
6580093375843277952 317.3547246 -43.5754837  0.543  -6.211 -34.922 19.109 1.005  3.4  1000.00 10000.00  0 30 
6483663942641529216 317.3652029 -45.2749752  0.289  -5.888 -34.600 18.942 0.937  3.5  1000.00 10000.00  0 30 
6775741097661416704 317.4479038 -38.1214490  0.341  -5.045 -36.130 17.397 0.675  3.3  1000.00 10000.00  0 30 
6776161656562780288 317.5290476 -36.6293052  0.283  -4.795 -36.109 18.634 0.878  3.3  1000.00 10000.00  0 30 
6580210615566529664 318.0105028 -42.8083384  0.302  -5.660 -35.225 15.999 0.685  3.3   138.50     1.56  8 30 
6777421701184829056 318.0525124 -34.7820283  0.601  -4.534 -36.289 19.100 1.122  3.3  1000.00 10000.00  0 30 
6581516216905691520 318.1822952 -40.7742015  0.269  -5.292 -35.534 18.408 0.981  3.4  1000.00 10000.00  0 30 
6777592945824475776 318.2025600 -34.1250797  0.172  -4.845 -36.302 17.694 0.690  3.3  1000.00 10000.00  0 30 
6775879120730361472 318.2829172 -37.4015341  0.274  -5.770 -35.678 15.051 0.906  3.6    52.14     0.73  8 30 
6777576487509690368 318.3457270 -34.2528135  0.063  -4.253 -36.233 19.293 1.056  3.2  1000.00 10000.00  0 30 
6583449295786118656 318.4039493 -38.9236663  0.228  -5.505 -36.049 16.495 0.606  3.4    83.72     0.84 13 30 
6787394679668413696 318.4257713 -30.6851202  0.173  -5.470 -35.733 17.498 0.672  3.2  1000.00 10000.00  0 30 
6776620603883517696 318.4883570 -35.5248598  0.342  -5.499 -35.081 18.873 0.869  3.3  1000.00 10000.00  0 30 
6783887890411298176 318.6954417 -32.7589407  0.097  -2.991 -37.508 18.744 1.011  3.2  1000.00 10000.00  0 30 
6583634048099241472 318.7758532 -38.1567492  0.261  -5.023 -36.340 16.352 0.611  3.4  1000.00 10000.00  0 30 
6583635800446018816 318.7849656 -38.0465792  0.303  -4.706 -36.590 14.104 0.960  3.4    88.04     0.39  8 30 
6777535771219583872 318.8181883 -34.3956182  0.608  -4.218 -37.199 18.870 1.045  3.4  1000.00 10000.00  0 30 
6787109047163599360 318.8893332 -31.4277217  0.299  -3.961 -36.816 18.473 0.891  3.2  1000.00 10000.00  0 30 
6776357339569542400 318.9044671 -36.0662136  0.254  -5.136 -36.205 17.711 0.688  3.3  1000.00 10000.00  0 30 
6777564186722661248 318.9399747 -33.9484966  0.550  -3.984 -36.841 19.340 1.046  3.3  1000.00 10000.00  0 30 
6775856404646932736 318.9524196 -37.1560452  0.339  -2.901 -36.113 19.015 1.049  3.2  1000.00 10000.00  0 30 
6783565978319755648 318.9625541 -33.9585994  0.355  -4.453 -36.886 18.314 0.885  3.3  1000.00 10000.00  0 30 
6776559443551046400 319.0093274 -35.6582215  0.295  -4.446 -36.805 16.076 0.675  3.3    56.38     2.13 13 30 
6776312740629076224 319.0168415 -36.4444458  0.208  -4.272 -37.134 16.397 0.608  3.3  1000.00 10000.00  0 30 
6783658474735594624 319.0823273 -33.3055549  0.337  -4.630 -36.496 16.732 0.649  3.7  1000.00 10000.00  0 30 
6776656750329121024 319.1036963 -35.4781957  0.453  -4.680 -36.941 18.395 0.812  3.3  1000.00 10000.00  0 30 
6784051820723181312 319.1041156 -32.0939324  0.391  -3.380 -37.335 19.173 0.940  3.2  1000.00 10000.00  0 30 
6803271215256957824 319.1063692 -25.6182369  0.041  -4.056 -39.067 19.093 0.944  3.0  1000.00 10000.00  0 30 
6776669184257666816 319.1071458 -35.3904402  0.450  -5.075 -35.361 18.927 0.963  3.4  1000.00 10000.00  0 30 
6783969567805296384 319.2234190 -32.7371242  0.209  -4.057 -37.199 18.031 0.762  3.3  1000.00 10000.00  0 30 
6583698438249201664 319.2420695 -37.2492903  0.246  -5.274 -36.429 16.413 0.604  3.5  1000.00 10000.00  0 30 
6776243364020675968 319.2445488 -36.7748101 -0.421  -4.732 -36.694 19.267 0.944  3.3  1000.00 10000.00  0 30 
6783605526378734592 319.2466778 -33.5104001  0.318  -4.230 -37.265 15.519 0.878  3.3    29.63     0.84  8 30 
6790754340526761472 319.2582039 -26.7901454  0.197  -3.404 -36.362 17.006 0.642  3.4  1000.00 10000.00  0 30 
6783971590733666432 319.3230993 -32.6554728  0.167  -4.102 -37.030 18.558 0.921  3.2  1000.00 10000.00  0 30 
6776362940206947840 319.3246680 -35.9119325  0.496  -4.688 -36.921 18.629 0.837  3.3  1000.00 10000.00  0 30 
6776660804778271360 319.3452699 -35.4259166  0.248  -4.948 -36.713 17.167 0.642  3.2  1000.00 10000.00  0 30 
6783608206438325376 319.4157161 -33.3650434  0.353  -5.087 -36.204 17.786 0.738  3.4  1000.00 10000.00  0 30 
6584056982118678016 319.5107445 -37.3274364  0.202  -5.397 -36.298 17.104 0.630  3.6  1000.00 10000.00  0 30 
6582368922532892800 319.5228551 -40.3745555  0.259  -5.211 -36.292 16.719 0.623  3.6  1000.00 10000.00  0 30 
6827762016427556736 319.6203752 -23.6305686  0.297  -2.859 -36.028 15.400 0.872  3.1   -89.84     0.71  8 30 
6782803363927208448 319.6898438 -33.9926163  0.184  -4.707 -36.774 16.938 0.657  3.5  1000.00 10000.00  0 30 
6584112434439814144 319.6933112 -36.6915873 -0.040  -3.915 -36.116 19.447 1.084  3.2  1000.00 10000.00  0 30 
6584105463709651328 319.7052866 -36.9092972  0.074  -4.935 -37.011 17.446 0.684  3.3  1000.00 10000.00  0 30 
6584104639075922944 319.7352266 -36.9415497  0.442  -4.647 -37.062 17.226 0.647  3.3  1000.00 10000.00  0 30 
6782827480165946112 319.7717452 -33.9114613  0.315  -4.238 -37.822 17.867 0.772  3.3  1000.00 10000.00  0 30 
6783693586090494336 319.7968343 -33.3161353  0.233  -5.033 -36.583 18.782 0.937  3.3  1000.00 10000.00  0 30 
6783708227635213312 319.8873550 -33.1519265  0.236  -4.272 -37.272 15.598 0.885  3.9    25.03     1.17  8 30 
6803405596193303168 319.9521339 -24.9432153  0.546  -2.524 -37.209 19.069 0.985  3.2  1000.00 10000.00  0 30 
6787632075397007872 319.9869028 -30.4969669  0.387  -3.883 -37.024 17.019 0.611  3.2  1000.00 10000.00  0 30 
6803500429071954304 320.0185467 -24.4314536  0.284  -2.813 -36.800 15.711 0.840  3.3   -73.98     0.28 13 30 
6803450611746434048 320.0863859 -24.5844495  0.383  -3.288 -35.962 17.319 0.630  3.3  1000.00 10000.00  0 30 
6776425745511862528 320.1055831 -35.6829155  0.229  -4.474 -37.562 17.942 0.768  3.2  1000.00 10000.00  0 30 
6789251552946065664 320.1533415 -29.5252509  0.990  -3.109 -38.771 19.299 1.016  3.3  1000.00 10000.00  0 30 
6583347075565257856 320.2119040 -38.3998737  0.221  -4.710 -37.474 16.212 0.646  4.0  1000.00 10000.00  0 30 
6829464124851037696 320.2218690 -20.9686440  0.407  -2.557 -35.771 16.995 0.618  3.2  1000.00 10000.00  0 30 
6791264376482648320 320.2344132 -25.5854056  0.493  -2.492 -38.015 19.043 0.969  3.3  1000.00 10000.00  0 30 
6583993244804025216 320.2365448 -37.5048221  0.600  -5.117 -37.133 17.805 0.853  3.5  1000.00 10000.00  0 30 
6784211769600949248 320.2680869 -31.9146257  0.284  -4.246 -37.121 16.369 0.668  3.3  1000.00 10000.00  0 30 
6783729977349658752 320.2749895 -32.8935329  0.188  -3.751 -37.808 18.950 0.891  3.3  1000.00 10000.00  0 30 
6782491854241198336 320.2839138 -35.2591929  0.360  -3.683 -37.693 17.997 0.818  3.3  1000.00 10000.00  0 30 
6829653451304959872 320.3764330 -20.0775597  0.399  -2.456 -35.477 17.565 0.668  3.3  1000.00 10000.00  0 30 
6782751789959821184 320.3766716 -34.2351287  0.258  -4.365 -37.535 16.829 0.653  3.4  1000.00 10000.00  0 30 
6789616311631652736 320.4420223 -28.4464507  0.200  -3.478 -38.056 18.807 0.891  3.1  1000.00 10000.00  0 30 
6784668822840865792 320.5064615 -30.2041575  0.501  -4.104 -37.346 17.321 0.655  3.4  1000.00 10000.00  0 30 
6827911339554657280 320.5074679 -22.8257557  0.196  -2.638 -36.857 18.805 1.003  3.2  1000.00 10000.00  0 30 
6789182554295454976 320.5261984 -29.8084723  0.299  -3.393 -37.816 17.480 0.709  3.2  1000.00 10000.00  0 30 
6782983335938374272 320.5862197 -32.8619183  0.586  -4.554 -38.372 19.335 1.139  3.3  1000.00 10000.00  0 30 
6827490333975360896 320.6090884 -24.0900002  0.136  -2.415 -37.477 17.182 0.646  3.1  1000.00 10000.00  0 30 
6789632396285737088 320.6843911 -28.0394311  0.260  -3.095 -38.335 16.877 0.620  3.1  1000.00 10000.00  0 30 
6584151638901775104 320.6861233 -36.6329652  0.307  -4.554 -37.235 18.205 0.817  3.3  1000.00 10000.00  0 30 
6789217463789140736 320.8052527 -29.4857311 -0.164  -3.016 -37.873 19.056 1.004  3.2  1000.00 10000.00  0 30 
6784121369129213056 320.8679138 -32.4648909  0.250  -4.286 -37.084 17.375 0.765  3.4  1000.00 10000.00  0 30 
6791354742594363904 320.8821661 -25.1164246  0.167  -2.693 -38.196 18.693 0.893  3.2  1000.00 10000.00  0 30 
6782906821097800448 320.9362297 -33.3763938  0.271  -4.118 -37.879 16.162 0.685  3.4  1000.00 10000.00  0 30 
6828405913628734208 320.9377292 -21.8089428  0.219  -2.507 -36.689 16.736 0.604  3.2  1000.00 10000.00  0 30 
6815458202139334912 320.9552759 -24.3940169  0.452  -2.594 -37.211 18.068 0.789  3.2  1000.00 10000.00  0 30 
6783336352185527680 320.9784345 -33.0743067  0.731  -4.228 -38.138 19.125 1.014  3.2  1000.00 10000.00  0 30 
6783287767516653056 321.0534597 -33.2052154  0.420  -4.536 -37.831 17.319 0.697  3.3  1000.00 10000.00  0 30 
6789646376403140480 321.2140675 -27.9339331  0.501  -2.986 -37.935 19.362 1.072  3.2  1000.00 10000.00  0 30 
6789444616019985024 321.2508302 -28.2191547  0.382  -2.903 -38.323 18.246 0.901  3.2  1000.00 10000.00  0 30 
6829319092395504640 321.2522908 -20.8872864  0.496  -2.518 -36.536 18.141 0.814  3.2  1000.00 10000.00  0 30 
6827630345614089216 321.2661687 -23.4458626  0.279  -2.744 -36.603 16.953 0.619  3.2  1000.00 10000.00  0 30 
6791333920593664128 321.2670641 -25.3154858  0.312  -2.865 -37.504 18.308 0.831  3.2  1000.00 10000.00  0 30 
6790160814701967104 321.2686965 -26.6937835  0.415  -3.151 -38.119 17.798 0.734  3.2  1000.00 10000.00  0 30 
6782643689925236864 321.2813059 -34.2554829  0.173  -4.002 -37.816 16.319 0.618  3.3  1000.00 10000.00  0 30 
6784285260785390208 321.3261812 -31.4735364  0.503  -4.444 -37.704 19.276 0.983  3.5  1000.00 10000.00  0 30 
6590307254749773952 321.3434693 -35.2102040  0.432  -4.481 -37.643 17.988 0.732  3.2  1000.00 10000.00  0 30 
6590232213080891008 321.3667005 -35.6879133  0.595  -5.081 -37.188 18.583 0.929  3.2  1000.00 10000.00  0 30 
6786216381161171200 321.3902915 -29.4339431 -0.214  -3.895 -36.376 18.580 0.848  3.4  1000.00 10000.00  0 30 
6789452656198810368 321.3974085 -28.1186099  0.480  -3.318 -38.926 18.828 0.888  3.2  1000.00 10000.00  0 30 
6790077281881799808 321.5118165 -27.2781987  0.270  -3.548 -36.755 18.214 0.832  3.2  1000.00 10000.00  0 30 
6786134884157313152 321.5257006 -30.0247179  0.281  -3.519 -38.466 16.396 0.610  3.1  1000.00 10000.00  0 30 
6590214522112579968 321.5581230 -35.8761779  0.271  -4.550 -37.483 16.761 0.636  3.2  1000.00 10000.00  0 30 
6835178531594143744 321.5819919 -16.5621314  0.253  -1.780 -35.552 14.815 0.916  3.6  -161.71     0.18  8 30 
6786116845295161856 321.5969434 -30.2536938  0.341  -4.531 -37.047 18.981 0.940  3.2  1000.00 10000.00  0 30 
6831347347751200256 321.6092181 -18.8709144  0.208  -2.070 -35.941 18.753 0.909  3.2  1000.00 10000.00  0 30 
6815417142252294144 321.6591075 -24.5024296  0.193  -2.540 -37.965 18.350 0.814  3.2  1000.00 10000.00  0 30 
6786324305098880512 321.6779185 -29.1386876  0.400  -3.291 -37.641 19.370 0.929  3.1  1000.00 10000.00  0 30 
6829322253491380608 321.6962419 -21.0019084  0.644  -2.726 -37.159 19.192 0.991  3.3  1000.00 10000.00  0 30 
6786123030047652608 321.7104918 -30.0603306  0.472  -4.008 -37.999 16.977 0.609  3.2  1000.00 10000.00  0 30 
6842599990268324608 321.7557536 -13.8818566  0.486  -1.672 -32.592 18.680 0.957  3.3  1000.00 10000.00  0 30 
6897926006628552064 321.7569486  -7.6254950  0.367   0.350 -34.332 15.873 0.647  3.5   -48.70     1.96  8 30 
6790185755575838208 321.7763468 -26.8727484  0.439  -3.034 -38.198 18.131 0.791  3.1  1000.00 10000.00  0 30 
6786344096308188928 321.8457400 -29.1308057  1.031  -3.903 -39.028 18.895 1.007  3.1  1000.00 10000.00  0 30 
6835108094130470784 321.9004716 -16.8974241  0.332  -1.742 -35.622 17.909 0.823  3.3  1000.00 10000.00  0 30 
6790068799322509568 321.9465639 -27.2551157  0.294  -3.792 -36.634 16.166 0.666  3.4  1000.00 10000.00  0 30 
6815094096287142272 321.9497724 -25.5407307  0.318  -3.149 -38.106 16.628 0.614  3.4  1000.00 10000.00  0 30 
6898381101363448704 321.9814961  -6.2194343  0.312  -0.142 -31.866 18.263 0.736  3.3  1000.00 10000.00  0 30 
6831265090538073216 321.9913866 -19.2138206  0.315  -1.937 -37.389 17.601 0.687  3.2  1000.00 10000.00  0 30 
6785830108982660608 321.9960004 -30.8819437  0.702  -4.438 -38.215 19.461 1.058  3.2  1000.00 10000.00  0 30 
6790298661676914176 322.0210745 -26.1121569  0.911  -3.150 -39.544 19.077 0.952  3.3  1000.00 10000.00  0 30 
6828050015458722304 322.0354916 -22.8348649 -0.137  -2.528 -37.106 19.005 0.935  3.2  1000.00 10000.00  0 30 
6815626427418687744 322.0474655 -23.6090744  0.227  -3.243 -38.262 18.965 0.979  3.2  1000.00 10000.00  0 30 
6830867896257752576 322.0699568 -20.2218508  0.302  -2.290 -37.033 16.708 0.624  3.7  1000.00 10000.00  0 30 
6785832720322951168 322.0814604 -30.7533636  0.100  -3.920 -37.432 18.403 0.840  3.2  1000.00 10000.00  0 30 
6828034209978936704 322.1587255 -22.9752171  0.442  -2.778 -37.163 17.471 0.689  3.2  1000.00 10000.00  0 30 
2672317896973488000 322.1589647  -3.7043160  0.176  -0.181 -30.981 17.783 0.717  3.3  1000.00 10000.00  0 30 
2671990448667660032 322.1991921  -4.8542530  0.523  -0.249 -31.445 18.283 0.793  3.2  1000.00 10000.00  0 30 
6843026291542978432 322.2384063 -13.3583321  0.238  -1.043 -35.893 15.864 0.742  3.7  -179.64     2.02  8 30 
6828454292140964864 322.2453386 -21.7343588  0.573  -2.646 -37.424 16.951 0.617  3.3  1000.00 10000.00  0 30 
6835319196068521088 322.2574449 -15.9538545 -0.070  -1.472 -36.118 18.182 0.761  3.2  1000.00 10000.00  0 30 
6834841733143596672 322.2735353 -17.4480475  0.664  -2.390 -35.653 18.993 0.937  3.4  1000.00 10000.00  0 30 
2670992573146087168 322.2908220  -6.0981520  0.257  -0.101 -32.807 17.168 0.639  3.4  1000.00 10000.00  0 30 
6814319760928433664 322.3162561 -25.8920324  0.148  -3.082 -38.895 18.916 0.955  3.4  1000.00 10000.00  0 30 
6815612786602567168 322.3228560 -23.5895265  0.430  -2.630 -38.001 16.308 0.601  3.1  1000.00 10000.00  0 30 
6815284857258819072 322.3368997 -24.8371182  0.168  -3.001 -37.497 17.078 0.628  3.2  1000.00 10000.00  0 30 
6841326549644936576 322.3664850 -15.8412051  0.386  -1.338 -36.885 19.145 0.967  3.3  1000.00 10000.00  0 30 
2688015418325701760 322.3707442   0.8640935  0.169   0.024 -28.143 18.860 0.892  3.6  -332.84     9.96  7 30 
6815995592742552704 322.3790199 -23.3526640  0.318  -2.475 -38.384 15.953 0.671  3.4   -58.34     2.82  8 30 
2688444713191777792 322.4074379   1.0861471  0.241   0.447 -28.836 15.069 0.898  3.5  -319.02     9.15 12 30 
6834987560168394240 322.4204719 -17.1645857  0.328  -1.775 -36.581 16.690 0.624  3.3  1000.00 10000.00  0 30 
2672705822715101696 322.4527205  -3.3934219  0.231  -0.348 -30.217 18.085 0.708  3.8  1000.00 10000.00  0 30 
6590759845519139584 322.4553672 -34.5921429  0.364  -3.602 -34.419 16.157 0.776  3.5  1000.00 10000.00  0 30 
6831319241485633408 322.4591929 -18.7538638  0.278  -1.872 -37.029 18.168 0.861  3.6  1000.00 10000.00  0 30 
6893922925309649408 322.4674650 -10.3778167  0.343  -0.634 -33.766 19.158 0.982  3.3  1000.00 10000.00  0 30 
6786744288477118336 322.4703103 -28.3871931  0.227  -3.160 -38.871 16.245 0.587  3.2   -13.95     0.63 13 30 
6786258476136336384 322.4881124 -29.5355270  0.166  -3.362 -38.478 17.526 0.707  3.1  1000.00 10000.00  0 30 
6834941724277503360 322.5032189 -17.1983891  0.218  -1.489 -37.346 16.332 0.611  3.3  1000.00 10000.00  0 30 
2672684309223960320 322.5841455  -3.6829733  0.259  -0.143 -31.369 16.886 0.607  3.2  1000.00 10000.00  0 30 
6830981077235668480 322.6036607 -19.9645663  0.155  -2.388 -35.957 16.877 0.651  3.7  1000.00 10000.00  0 30 
6894030613025524608 322.6106796 -10.0821628  0.398  -0.780 -34.750 16.636 0.612  3.3  1000.00 10000.00  0 30 
2688477732900205440 322.6301428   1.2950326  0.078   0.278 -27.796 18.493 0.804  3.5  1000.00 10000.00  0 30 
6831303126768095232 322.6423651 -18.9123162  0.188  -1.711 -37.455 18.004 0.731  3.3  1000.00 10000.00  0 30 
6891117074715143168 322.6466824 -12.6418645  0.272  -1.421 -34.872 19.358 1.043  3.2  1000.00 10000.00  0 30 
6835048166452093952 322.7405460 -16.6138430  0.024  -1.616 -35.268 18.676 0.939  3.2  1000.00 10000.00  0 30 
2671051362658072704 322.7669760  -5.5399590  0.585  -0.745 -31.292 18.565 0.788  3.5  1000.00 10000.00  0 30 
6815945423229494400 322.8016696 -23.5275685  0.343  -2.607 -38.623 16.772 0.605  3.2  1000.00 10000.00  0 30 
6892851799121632256 322.8265430 -11.4513129  0.258  -0.951 -35.182 15.646 0.857  3.4  -197.89     0.84  8 30 
2697950884566936192 322.8317050   3.2352244  0.097   0.359 -27.026 19.480 0.864  3.8  1000.00 10000.00  0 30 
6894134272060627072 322.8676122  -9.4457691  0.208  -0.617 -35.122 18.960 0.986  3.4  1000.00 10000.00  0 30 
6830220142174133632 322.8792666 -20.2055178  0.270  -2.384 -37.018 17.835 0.736  3.3  1000.00 10000.00  0 30 
2670729622362662016 322.9000870  -6.5264845  0.337  -0.620 -32.732 18.463 0.806  3.4  1000.00 10000.00  0 30 
6831795192581428608 322.9278414 -17.9588719  0.524  -2.007 -36.538 17.687 0.703  3.3  1000.00 10000.00  0 30 
2684865283152106496 322.9284529  -2.6190386  0.929  -1.781 -25.399 19.409 1.180  3.8  1000.00 10000.00  0 30 
6893050565913010944 322.9524254 -11.1538786  0.310  -0.727 -33.173 18.380 0.880  3.2  1000.00 10000.00  0 30 
2672018280054599296 322.9975450  -4.4838369  0.445   0.164 -31.792 18.489 0.835  3.4  1000.00 10000.00  0 30 
6843056562472138496 323.0095751 -12.9082467  0.318  -1.561 -35.128 17.948 0.753  3.2  1000.00 10000.00  0 30 
6894795666959970048 323.0158195  -8.2836391  0.408  -0.633 -34.074 17.433 0.726  3.3  1000.00 10000.00  0 30 
1740959500171540352 323.0300023   8.1863067  0.162   0.814 -24.627 18.765 0.869  3.7  1000.00 10000.00  0 30 
2688184193361056256 323.0344664   0.6656834  0.454  -0.234 -28.485 19.453 1.117  3.6  1000.00 10000.00  0 30 
2687725490852875648 323.0884506   0.0299902  0.088   0.146 -29.077 18.892 0.888  3.5  1000.00 10000.00  0 30 
6842981799976427264 323.1033112 -13.2870591  0.288  -1.419 -34.758 17.236 0.644  3.3  1000.00 10000.00  0 30 
1739155751346506112 323.1241213   7.2729307  0.739   0.531 -24.570 18.749 0.850  3.5  1000.00 10000.00  0 30 
6831470527413318656 323.1559551 -19.0463725  0.266  -1.762 -37.019 19.069 0.999  3.5  1000.00 10000.00  0 30 
6894065110202913024 323.1821094  -9.7113536  0.277  -0.600 -34.130 17.843 0.676  3.4  1000.00 10000.00  0 30 
6784993792950184320 323.1938726 -31.4962747  0.121  -3.494 -38.568 18.443 0.864  3.3  1000.00 10000.00  0 30 
6814273070338633984 323.1939027 -26.0299866  0.471  -2.892 -37.956 19.201 1.018  3.4  1000.00 10000.00  0 30 
6894954889987897088 323.2080221  -7.7599965  0.312  -0.573 -33.189 17.177 0.662  3.4  1000.00 10000.00  0 30 
6830215400530330112 323.2351885 -20.1010602  0.207  -2.175 -36.549 17.005 0.658  3.6  1000.00 10000.00  0 30 
1740729049406544640 323.2390445   7.9083472  0.278   0.904 -25.115 16.364 0.641  4.1  1000.00 10000.00  0 30 
2686942569854054784 323.2706928  -0.4261851  0.542   0.035 -29.683 18.963 0.957  3.5  1000.00 10000.00  0 30 
1740665483890055936 323.2722219   7.5026816  0.159   0.778 -24.292 16.009 0.845  4.0  -372.73     1.34  8 30 
6814029043181081856 323.2736297 -26.6193566  0.130  -3.079 -38.758 17.612 0.692  3.1  1000.00 10000.00  0 30 
2686418141463001344 323.2914036  -2.1079600  0.178  -0.309 -29.656 18.921 0.805  3.5  1000.00 10000.00  0 30 
6843209325869112576 323.3335038 -12.2635862  0.167  -1.631 -34.367 18.951 0.906  3.4  1000.00 10000.00  0 30 
1769920700870660992 323.3539156  12.1871076  0.276   1.494 -22.650 18.015 0.685  3.7  1000.00 10000.00  0 30 
6814027634431796864 323.3613803 -26.6643940  0.483  -2.874 -38.934 18.753 0.973  3.0  1000.00 10000.00  0 30 
6843192249079030784 323.3870815 -12.4154097  0.342  -1.446 -34.538 17.063 0.606  3.4  1000.00 10000.00  0 30 
2672436820323244672 323.4163934  -3.9693571  0.394  -1.859 -30.045 16.001 0.703  3.1  1000.00 10000.00  0 30 
6841081324191885184 323.4180562 -16.0855260  0.213  -1.136 -36.975 19.110 0.901  3.2  1000.00 10000.00  0 30 
2672753990772594816 323.4431573  -3.3270701  0.262  -0.006 -31.651 17.374 0.736  3.4  1000.00 10000.00  0 30 
6831456306776375680 323.4438123 -18.8338193 -0.011  -1.465 -36.031 18.913 0.920  3.3  1000.00 10000.00  0 30 
6840975290039571456 323.4655824 -16.7281253  0.413  -1.778 -36.022 18.664 0.852  3.3  1000.00 10000.00  0 30 
6829844182212701440 323.4813994 -20.9106242  0.231  -2.537 -36.884 17.065 0.615  3.3  1000.00 10000.00  0 30 
6892761772312127360 323.4964534 -11.9110934 -0.038  -1.174 -34.406 18.432 0.785  3.2  1000.00 10000.00  0 30 
2670773804692203008 323.4988008  -6.0664815  0.315  -0.556 -31.525 16.548 0.643  3.4  1000.00 10000.00  0 30 
6841393791653491712 323.4999890 -15.5416308  0.694  -1.514 -37.187 18.345 0.850  3.2  1000.00 10000.00  0 30 
2699886299909734400 323.5132392   6.8343024  0.310   1.061 -27.146 17.398 0.660  3.5  1000.00 10000.00  0 30 
2697686898696945408 323.5150828   2.8849038  0.238   0.458 -28.279 16.147 0.653  3.5  1000.00 10000.00  0 30 
1770457296905963392 323.5341088  14.1868476  0.130   1.290 -22.152 18.802 0.812  3.8  1000.00 10000.00  0 30 
1740876139151613824 323.5377893   8.4135256  0.033   1.008 -25.373 19.022 0.804  4.0  1000.00 10000.00  0 30 
6831874769735575552 323.6266792 -17.6011739  0.803  -2.242 -36.781 19.107 0.989  3.3  1000.00 10000.00  0 30 
1741587183871855360 323.6749982   9.7082467  0.253   1.009 -23.338 16.423 0.593  4.0  1000.00 10000.00  0 30 
6892976073999474560 323.6838994 -10.9446325  0.562  -0.834 -35.038 18.612 0.904  3.2  1000.00 10000.00  0 30 
6831831373385899904 323.6876117 -17.9121374  0.631  -1.328 -35.894 19.381 1.054  3.3  1000.00 10000.00  0 30 
6841507865984621312 323.6895525 -14.7857543  0.401  -1.454 -37.050 16.655 0.624  3.7  1000.00 10000.00  0 30 
2688317371705895424 323.7090793   1.1744671  0.528   0.395 -30.837 17.432 0.860  3.0  -279.50     4.89  6 30 
2687313414510037632 323.7119166  -0.2199097  0.176  -0.014 -29.587 18.124 0.743  3.5  -301.23     4.55  6 30 
6893695498201706880 323.7143475  -9.5778187  0.593  -1.186 -32.589 18.902 0.949  3.4  1000.00 10000.00  0 30 
6831616831178982144 323.7164127 -18.2830950  0.148  -1.479 -37.163 18.083 0.767  3.3  1000.00 10000.00  0 30 
2671550575297053952 323.7378300  -5.0122842  0.411   0.850 -31.401 15.635 0.739  3.3  -216.65     8.36 12 30 
2688298233331462528 323.7387943   0.9387141  0.245   0.335 -27.621 19.285 0.800  3.6  1000.00 10000.00  0 30 
2670675230896849792 323.7422878  -6.6996364  0.454  -1.037 -35.502 17.540 0.709  3.0  1000.00 10000.00  0 30 
2672390464740699136 323.7447993  -3.9980525  0.129  -0.026 -33.518 19.192 0.925  3.3  1000.00 10000.00  0 30 
2670845994501037440 323.7747765  -6.2431475  0.156  -0.327 -33.222 17.646 0.704  3.3  1000.00 10000.00  0 30 
6831636901561892992 323.7754496 -18.1059757  0.360  -1.781 -38.012 16.985 0.671  3.5  1000.00 10000.00  0 30 
2688299092324962816 323.7811960   1.0064059  0.116   0.269 -27.874 17.257 0.672  3.5  1000.00 10000.00  0 30 
1741589241160503936 323.8031147   9.7884669  0.380   0.886 -26.634 16.793 0.603  3.6  1000.00 10000.00  0 30 
2687326402491408896 323.8598239  -0.0068670  0.338   0.165 -30.120 17.739 0.725  3.3  -295.46     3.17  7 30 
1740691769090124800 323.8706162   7.8416451  0.050   1.074 -25.136 16.945 0.638  3.9  1000.00 10000.00  0 30 
6813985268875014656 323.8771597 -26.7654869  0.339  -3.033 -38.789 17.211 0.646  3.0  1000.00 10000.00  0 30 
6841181590203888896 323.8866838 -15.8909287  0.612  -2.456 -38.602 15.929 0.694  3.5     1.93     2.01  8 30 
2694647092643516800 323.9018189   2.4530565  0.267   0.253 -26.940 11.609 1.263  4.3  -336.85     0.17  8 30 
2694688113875330176 323.9063264   2.6704285 -0.432   0.414 -28.764 19.324 0.890  3.5  1000.00 10000.00  0 30 
2698599729571099392 323.9095528   4.8982329  0.402   0.892 -28.349 17.691 0.686  3.6  -346.47     4.23  7 30 
6892919174272666368 323.9179307 -11.1633184  0.358  -1.119 -35.029 18.086 0.733  3.4  1000.00 10000.00  0 30 
2688138597987910016 323.9267333   0.7113450  0.289   0.275 -28.384 18.516 0.757  3.7  1000.00 10000.00  0 30 
6842708949293998976 323.9763003 -13.7748739  0.540  -1.135 -31.355 15.671 0.799  3.4    40.42     0.19  8 30 
6893225663138942336 323.9861197 -10.3069635  0.214  -0.532 -36.063 18.046 0.750  3.4  1000.00 10000.00  0 30 
2698623884467193600 323.9888861   4.9522710  0.323   0.707 -27.401 16.670 0.601  3.7  1000.00 10000.00  0 30 
2697701119333756672 324.0015385   2.9190328  0.058   0.462 -27.624 17.993 0.695  3.8  1000.00 10000.00  0 30 
2698126699052616704 324.0411732   4.2324284  0.216   0.701 -25.905 17.056 0.631  3.6  1000.00 10000.00  0 30 
2672597722682921344 324.0907419  -3.1808515  0.133   0.145 -31.417 18.942 0.893  3.3  1000.00 10000.00  0 30 
6814897833461488256 324.0909371 -24.5134061  0.269  -2.427 -39.445 18.254 0.786  3.5  1000.00 10000.00  0 30 
2687249539756287872 324.1156104  -0.3684942  0.151   0.875 -30.181 19.451 1.043  3.4  1000.00 10000.00  0 30 
1741617862823227392 324.1596019   9.9422129  0.266   0.886 -23.212 17.507 0.640  3.8  1000.00 10000.00  0 30 
2688339052700988160 324.1652083   1.3712716  0.485   0.279 -28.710 18.142 0.771  3.5  1000.00 10000.00  0 30 
2694561773117886848 324.1753917   1.9076596  0.871  -0.316 -26.631 19.421 0.846  3.4  1000.00 10000.00  0 30 
6841111973079139712 324.1800597 -16.1901152  0.218  -1.719 -35.973 16.972 0.652  3.1  1000.00 10000.00  0 30 
2674413634856186496 324.1955555  -2.1126900 -0.055   0.249 -31.116 18.109 0.771  3.3  1000.00 10000.00  0 30 
2688243601347060480 324.2331628   0.9729999  0.244   0.154 -29.789 17.903 0.746  3.3  -294.48     3.27  7 30 
6894591909415669248 324.2370882  -8.8452944 -0.137  -0.668 -33.708 19.054 0.971  3.4  1000.00 10000.00  0 30 
6817840294081338496 324.2478621 -21.3595373  0.057  -2.611 -36.685 18.589 0.874  3.1  1000.00 10000.00  0 30 
1770065664607188864 324.2481375  12.8754219  0.112   1.971 -22.519 18.254 0.639  4.6  1000.00 10000.00  0 30 
2701376275604295936 324.2842079   7.2741260  0.139   0.991 -26.403 16.737 0.594  3.6  -371.47    20.78  4 30 
2694681241928668928 324.2900679   2.7203620  0.384   0.195 -29.122 18.242 0.765  3.3  1000.00 10000.00  0 30 
2687294654093004544 324.2944329  -0.1177177  0.261   0.073 -28.966 17.375 0.615  3.5  1000.00 10000.00  0 30 
6785747851768216832 324.3376725 -29.3406815  0.329  -3.288 -38.863 15.942 0.663  3.0  1000.00 10000.00  0 30 
2694795384979453568 324.3390615   3.0065731  0.227   0.210 -27.598 19.110 0.979  3.5  1000.00 10000.00  0 30 
6814127724350021760 324.3495598 -26.1258990  0.146  -3.136 -37.351 19.315 0.955  3.2  1000.00 10000.00  0 30 
2694613759402312064 324.3527997   2.3259164  0.048   0.325 -28.771 17.598 0.714  3.4  1000.00 10000.00  0 30 
2698729849900352512 324.3579887   5.2817047  0.264   0.492 -25.454 17.515 0.604  3.6  1000.00 10000.00  0 30 
6838114773101585920 324.4007571 -16.1776316  0.266  -1.873 -36.830 18.795 0.900  3.2  1000.00 10000.00  0 30 
2694627572016633600 324.4026491   2.5443051  0.303   0.548 -28.319 18.447 0.768  3.6  1000.00 10000.00  0 30 
2697915111784440960 324.4068816   3.8964949  0.764   1.511 -22.160 19.100 0.962  4.1  1000.00 10000.00  0 30 
2671698322171639296 324.4451302  -4.2320230 -0.089   0.281 -29.123 19.099 0.953  3.5  1000.00 10000.00  0 30 
6785327013692987520 324.4540568 -30.6610632  0.777  -3.415 -38.796 19.420 1.192  2.8  1000.00 10000.00  0 30 
6893672099220557952 324.4627011  -9.4171961  0.334  -0.702 -35.475 16.485 0.608  3.1  1000.00 10000.00  0 30 
6831608722280872576 324.4765489 -17.9148424  0.991  -2.436 -36.762 18.719 0.864  3.2  1000.00 10000.00  0 30 
1741549418224981632 324.4878252   9.7386092  0.000   1.700 -23.993 18.383 0.834  3.7  1000.00 10000.00  0 30 
2687460130592962816 324.5092186   0.5078414  0.490  -0.021 -28.662 18.592 0.832  3.5  1000.00 10000.00  0 30 
2688268787035343232 324.5220660   1.0916997  0.288   0.223 -27.762 18.363 0.799  3.4  1000.00 10000.00  0 30 
2694723848003804544 324.5327024   2.6697101  0.375   0.542 -29.109 19.496 0.911  3.8  1000.00 10000.00  0 30 
6844689165440393984 324.5423398 -11.9712504  0.130  -0.780 -36.740 17.621 0.712  3.1  1000.00 10000.00  0 30 
2694597782123336448 324.5874537   2.2257578 -0.028   0.113 -28.072 19.158 1.005  3.3  1000.00 10000.00  0 30 
6837714795682032128 324.6171952 -17.3356149  0.419  -1.661 -37.852 16.526 0.571  3.1  1000.00 10000.00  0 30 
2697849106726913280 324.6216943   3.6846189  0.264   0.553 -28.808 18.173 0.766  3.5  1000.00 10000.00  0 30 
2698350797561632384 324.6383919   4.5810133  0.293   0.748 -27.448 16.803 0.645  3.7  1000.00 10000.00  0 30 
2698244140638404608 324.6856118   3.9450290  0.335   0.859 -28.512 18.657 0.759  3.4  1000.00 10000.00  0 30 
2701039648951527680 324.6957875   6.1171146  0.522   0.490 -24.983 19.021 0.881  3.7  1000.00 10000.00  0 30 
6785366596112122752 324.7176897 -30.2255069  0.524  -3.420 -39.327 17.566 0.728  3.1  1000.00 10000.00  0 30 
2687286648274053120 324.7184203  -0.0493269  0.354   0.470 -30.136 18.554 0.792  3.2  1000.00 10000.00  0 30 
2698779671521159808 324.7209995   5.8616013  0.153   0.981 -27.328 17.902 0.742  3.5  1000.00 10000.00  0 30 
2667758978167166336 324.7416783  -6.6584063  0.092  -0.583 -32.278 17.344 0.656  3.4  1000.00 10000.00  0 30 
2671229174303323008 324.7847812  -5.5307946  0.434   0.209 -34.163 18.590 0.874  3.2  1000.00 10000.00  0 30 
2667812132682720896 324.7948174  -6.2361987  0.093  -0.162 -33.175 17.263 0.670  3.4  1000.00 10000.00  0 30 
2701476537320651520 324.8029253   7.4775746  0.159   0.840 -24.210 16.652 0.626  4.2  1000.00 10000.00  0 30 
2671728971058468736 324.8660261  -4.0195327  0.315  -0.107 -32.051 17.262 0.632  3.2  1000.00 10000.00  0 30 
2698643817410444416 324.9127914   4.8864273  0.205  -0.256 -29.424 16.455 0.692  4.1  1000.00 10000.00  0 30 
6841638845306893952 324.9180267 -14.9814353  0.290  -1.542 -35.737 18.447 0.754  3.4  1000.00 10000.00  0 30 
2687389658775031680 324.9202243   0.2203468  0.376   0.377 -30.560 19.414 1.073  3.3  1000.00 10000.00  0 30 
2686963357496054784 324.9605040  -1.0265402  0.177   0.335 -25.003 17.521 0.661  3.3  -137.09     3.37  7 30 
1766652711795909504 324.9628028  11.6471633  0.054   1.295 -21.430 18.485 0.660  4.5  1000.00 10000.00  0 30 
2687411923880874624 324.9879761   0.4629641 -0.265  -0.242 -30.087 19.491 1.135  3.3  1000.00 10000.00  0 30 
2686969301730803840 324.9894605  -0.9980385  0.371   0.096 -29.308 19.204 0.997  3.7  1000.00 10000.00  0 30 
6814570591313321984 325.0062014 -25.1474860  0.278  -2.474 -37.863 16.600 0.625  3.4  1000.00 10000.00  0 30 
2674248020917225600 325.0260324  -2.3325758  0.755  -0.039 -30.602 19.102 0.961  3.4  1000.00 10000.00  0 30 
2674068628722811648 325.0461377  -2.9933998  0.418   0.360 -32.237 17.296 0.679  3.3  1000.00 10000.00  0 30 
2687016271493381632 325.0518745  -0.6127944  0.204   0.162 -30.431 18.092 0.726  3.5  1000.00 10000.00  0 30 
6893811569693588224 325.0647616  -8.8534865  0.372  -0.258 -30.477 15.778 0.790  3.5  -101.17     0.48  8 30 
2667688471985245952 325.0698801  -6.9730217  0.413  -0.655 -33.249 17.232 0.671  3.1  1000.00 10000.00  0 30 
2701467466349857792 325.0847022   7.4516493  0.441   0.824 -23.313 18.191 0.664  4.0  1000.00 10000.00  0 30 
2701511476880565376 325.0969693   7.7549180 -0.308   0.530 -23.130 18.918 0.821  3.9  1000.00 10000.00  0 30 
2695199764739704576 325.1142960   3.4927860  0.183   0.348 -27.272 17.082 0.644  3.5  1000.00 10000.00  0 30 
6844577049613787776 325.1324961 -12.0443498  0.308  -1.556 -35.183 18.626 0.938  3.3  1000.00 10000.00  0 30 
2673242861130069760 325.1341215  -3.7571125  0.224   0.111 -33.981 18.063 0.734  3.2  1000.00 10000.00  0 30 
2701953725367354112 325.1555498   8.2291081  0.151   0.777 -20.017 17.506 0.609  4.5  1000.00 10000.00  0 30 
2671413789177442688 325.1660779  -4.9316579 -0.143  -0.208 -33.752 19.378 1.063  3.1  1000.00 10000.00  0 30 
2701493270513628160 325.1661174   7.5954027  0.204   0.312 -26.445 19.278 0.796  3.4  1000.00 10000.00  0 30 
6893812664909767808 325.2010653  -8.8096281  0.044  -0.419 -34.520 17.961 0.768  3.3  1000.00 10000.00  0 30 
1767466556559029760 325.2401544  13.2705765  0.050   1.671 -22.649 18.225 0.780  3.6  1000.00 10000.00  0 30 
2698459198240453760 325.2581880   4.8975180  0.264   0.701 -25.850 15.275 0.930  4.0  -353.07     0.83  8 30 
2687008888444369792 325.2624836  -0.6259354  0.273   0.048 -28.952 15.300 0.900  3.8  1000.00 10000.00  0 30 
2701963719755357824 325.2930007   8.4181846  0.237   1.046 -24.405 16.536 0.635  3.8  -389.48     2.00  7 30 
2694550056447483776 325.3235148   2.7296328 -0.956   1.070 -26.663 19.319 1.010  3.3  1000.00 10000.00  0 30 
6830315834045501056 325.3652295 -20.2488868  0.553  -2.213 -37.516 18.612 0.804  3.2  1000.00 10000.00  0 30 
2695142177818033408 325.3834010   3.2325489  0.269   0.443 -25.242 17.260 0.666  3.5  1000.00 10000.00  0 30 
2698377490782702848 325.3847475   4.3438605  0.310   0.761 -29.352 16.747 0.653  3.3  1000.00 10000.00  0 30 
1741678061085484928 325.4152999  10.2951530  0.498   1.178 -22.902 18.123 0.714  3.8  1000.00 10000.00  0 30 
2674968583285240448 325.4405491  -1.0200033  0.284   0.059 -29.511 17.331 0.659  3.2  1000.00 10000.00  0 30 
2667405553898156416 325.5264407  -7.5450996  0.269  -0.474 -33.694 17.507 0.712  3.1  1000.00 10000.00  0 30 
2673301929815992704 325.5398888  -3.1570586  0.451   0.418 -33.734 18.103 0.855  3.1  1000.00 10000.00  0 30 
6837843434249721728 325.5476125 -16.7472590  0.163  -1.795 -37.290 18.006 0.785  3.2  1000.00 10000.00  0 30 
1765692631986378880 325.5542687  10.2308148  0.350   0.718 -23.363 18.903 0.824  3.8  1000.00 10000.00  0 30 
2700223403302615552 325.5888795   5.9097088  0.190   1.853 -24.757 16.178 0.830  4.7  1000.00 10000.00  0 30 
2673307182563954048 325.6153386  -3.0466054  0.314  -0.120 -31.720 16.793 0.622  3.1  1000.00 10000.00  0 30 
2687160174372437504 325.6160533   0.0544610  0.324   0.333 -29.156 17.457 0.640  3.3  -315.07     3.20  7 30 
2674155215262873984 325.6313993  -2.9056994  0.733   0.499 -33.203 19.216 1.031  3.4  1000.00 10000.00  0 30 
2700193712193019776 325.6374028   5.5807940  0.335   0.818 -25.589 18.010 0.791  3.5  1000.00 10000.00  0 30 
2673288697021996544 325.6421595  -3.2306585  0.378  -0.140 -29.953 17.855 0.706  3.3  1000.00 10000.00  0 30 
2694429419405139584 325.6734322   2.0146743  0.410   1.162 -28.418 19.230 1.129  3.3  1000.00 10000.00  0 30 
6811529200416751872 325.7362964 -25.6435330  0.224  -2.531 -39.534 17.702 0.722  3.1  1000.00 10000.00  0 30 
2693451232013598208 325.7400993   0.9944124  0.527   0.644 -29.146 19.070 0.892  3.4  1000.00 10000.00  0 30 
1741385694070535552 325.7532919   9.4295765  0.211   1.112 -22.006 16.785 0.615  4.3  1000.00 10000.00  0 30 
2671453272812591488 325.7651857  -4.5606069  0.178  -0.551 -28.495 17.117 0.603  4.1  1000.00 10000.00  0 30 
2695182928468324224 325.7657296   3.6549491  0.596   0.477 -27.336 18.824 0.989  3.4  1000.00 10000.00  0 30 
2700255765881015040 325.7700229   6.0944657  0.355   0.519 -26.549 18.772 0.758  3.5  1000.00 10000.00  0 30 
2700011021464099072 325.8369862   5.5801685  0.282   1.384 -26.043 19.342 1.042  3.5  1000.00 10000.00  0 30 
2701238252535258624 325.8905353   7.3040320  0.291   0.773 -24.816 18.636 0.833  3.6  1000.00 10000.00  0 30 
2701210730384916736 325.9308689   6.9651535  0.380   1.061 -27.213 16.967 0.668  3.9  1000.00 10000.00  0 30 
2672960458440563456 325.9351024  -4.3193833  0.369  -0.316 -29.956 18.419 0.782  3.2  1000.00 10000.00  0 30 
2695285664085232512 325.9926766   3.8224853  0.179   0.585 -27.360 16.048 0.768  4.0  -339.73     1.48  8 30 
1767433506785488512 326.0381918  13.3457389  0.220   1.385 -21.169 13.488 1.090  5.0  -409.47     0.31  8 30 
2693176766423428608 326.0775360   0.3132989  0.007   0.387 -29.847 19.108 1.047  3.3  1000.00 10000.00  0 30 
2694965534403905920 326.1212451   3.2154613  0.321   0.546 -27.835 16.492 0.665  3.9  1000.00 10000.00  0 30 
2693688279848936448 326.2260979   2.0248983 -0.215   0.551 -27.590 19.432 0.887  3.6  1000.00 10000.00  0 30 
2693609875221180928 326.2669152   1.7731500  0.206   0.411 -28.343 15.797 0.834  4.0  -310.46    13.95  4 30 
2693608329032951168 326.2909596   1.6892261  0.267   0.540 -29.819 16.551 0.593  3.3  1000.00 10000.00  0 30 
2702048450870284032 326.3662038   8.8286822  0.063   1.116 -25.482 18.212 0.742  3.7  1000.00 10000.00  0 30 
2726174695216780288 326.3757816   9.5331817  0.229   1.433 -25.127 17.811 0.689  3.6  1000.00 10000.00  0 30 
1765465862007983232 326.4050987  10.1761164  0.300   1.168 -22.635 14.919 0.915  3.9  1000.00 10000.00  0 30 
6811571016218430976 326.4091601 -25.5005212  0.599  -2.397 -40.460 18.961 1.054  3.1  1000.00 10000.00  0 30 
2701828376745819904 326.5494784   8.3743879 -0.114   1.499 -24.837 19.010 0.871  3.4  1000.00 10000.00  0 30 
2700880017902836096 326.6831699   7.4205470  0.415   0.908 -25.023 17.118 0.621  3.5  1000.00 10000.00  0 30 
2669819737836055936 327.0950829  -4.9147357  0.252  -0.313 -30.979 18.155 0.714  3.6  1000.00 10000.00  0 30 
2701872464585955328 327.0993243   8.8446275  0.267   0.775 -24.171 14.770 0.927  4.2  1000.00 10000.00  0 30 
2696871640889570304 327.1289146   4.8490535  0.235   0.527 -27.084 17.621 0.674  3.4  1000.00 10000.00  0 30 
2696821617405264896 327.1822633   4.4341443  0.194   0.758 -26.791 15.467 0.904  3.9  -343.69     0.69  8 30 
6559351295146499200 327.2264344 -49.0258770  0.327   5.226  -6.590 18.229 0.710 10.8  1000.00 10000.00  0  1 
2673948197840292608 327.2348097  -1.8915913  0.170   0.074 -30.792 17.018 0.630  3.1  -304.95     2.68  7 30 
2693820633561623296 327.3078026   2.0392711  0.531   0.548 -27.536 18.788 0.882  3.5  1000.00 10000.00  0 30 
2674767952477227008 327.4189540  -1.1186579  0.322   0.100 -30.636 16.849 0.639  3.6  1000.00 10000.00  0 30 
2673473621133754368 327.4827015  -3.2530422  0.238   0.110 -32.713 17.824 0.720  3.0  1000.00 10000.00  0 30 
6559428329677551488 327.5498543 -49.1238047 -0.123   5.646  -6.177 19.427 0.633 10.7  1000.00 10000.00  0  1 
2700974747701430912 327.5885124   7.7543695  0.380   1.162 -26.999 17.459 0.659  3.2  1000.00 10000.00  0 30 
2618167292902878336 327.6112175  -9.2161975  0.277  -0.665 -34.372 16.772 0.618  3.2  1000.00 10000.00  0 30 
6559482278762420992 327.7527423 -48.4697621  0.107   5.114  -6.362 17.979 0.777 11.4  1000.00 10000.00  0  1 
2726726375175860864 327.9745736  10.7361967  0.104   1.352 -24.441 17.431 0.639  3.7  1000.00 10000.00  0 30 
2696768218077277696 328.0173508   4.8416330  0.111   1.834 -27.966 19.176 0.986  3.3  1000.00 10000.00  0 30 
2724967324075689984 328.2936968   8.0131387  0.364   0.640 -27.715 17.935 0.750  3.2  1000.00 10000.00  0 30 
2679930915483874944 328.4041221  -1.5392075  0.344  -0.070 -33.097 18.359 0.851  3.5  1000.00 10000.00  0 30 
6345532361265925504 328.5179108 -81.8365001  0.117   9.512   4.740 18.847 0.887  3.6  1000.00 10000.00  0 31 
6559193205987595264 329.1511486 -49.1754838  0.106   5.521  -6.200 17.025 0.905 11.3   -72.95     0.35 13  1 
6559130774342729728 329.4103363 -49.6149934  0.097   5.748  -5.525 18.172 0.706 10.7  1000.00 10000.00  0  1 
6560649474778370560 329.8590641 -49.0520032 -0.007   5.418  -5.666 17.889 0.838 11.4  1000.00 10000.00  0  1 
6559879133740862848 330.2258235 -49.4117486  0.121   5.751  -8.073 19.382 0.632 11.3  1000.00 10000.00  0  1 
6559891224072138624 330.9776367 -49.3603418  0.093   4.736  -6.145 18.053 0.650 11.3  1000.00 10000.00  0  1 
6351559231174838400 331.4317470 -81.3613722  0.120   8.241   5.339 17.972 0.702  3.7  1000.00 10000.00  0 31 
6559945546818400384 331.5464997 -49.0591207  0.261   5.265  -5.212 18.630 0.660 11.2  1000.00 10000.00  0  1 
6354722560487605632 332.6737030 -80.3392999  0.247   9.482   5.396 17.795 0.703  3.5  1000.00 10000.00  0 31 
6512005744632736896 334.1430029 -49.6909093  0.184   6.088  -6.384 17.801 0.829 11.2  1000.00 10000.00  0  1 
6511740831049465344 334.8682506 -50.3302288  0.150   5.903  -5.542 18.079 0.784 11.2  1000.00 10000.00  0  1 
6511769860732506496 334.9107384 -50.1465351  0.283   6.117  -5.788 18.259 0.739 11.2  1000.00 10000.00  0  1 
6511685335775590784 335.7585070 -50.5785256  0.107   6.232  -5.375 18.189 0.755 11.3  1000.00 10000.00  0  1 
6511705504942140928 335.7730956 -50.3353001  0.093   5.778  -5.396 18.528 0.647 11.7  1000.00 10000.00  0  1 
6516750446543992576 339.3074166 -50.6612965  0.204   5.665  -5.157 17.791 0.860 11.4  1000.00 10000.00  0  1 
6516745769322814336 339.3291550 -50.7323949  0.345   5.555  -5.263 17.783 0.865 11.1  1000.00 10000.00  0  1 
6513695517909425536 339.9521902 -51.2256630  0.172   7.073  -6.016 18.263 0.638 10.5  1000.00 10000.00  0  1 
6513733695875566080 340.0332564 -50.8206016  0.173   5.470  -5.558 17.749 0.842 11.2  1000.00 10000.00  0  1 
6357402723159184256 340.1939501 -76.5923250  0.253   7.847   6.238 18.080 0.752  3.4  1000.00 10000.00  0 31 
6513832445762378112 340.3627703 -50.6363863  0.389   6.195  -6.181 17.654 0.858 10.5  1000.00 10000.00  0  1 
6352187155393980032 340.6782715 -79.6810129 -0.155   7.938   6.251 18.155 0.715  3.9  1000.00 10000.00  0 31 
6513754582298940416 340.8261334 -51.1603126  0.056   6.608  -6.348 18.323 0.671 11.3  1000.00 10000.00  0  1 
6513757227998841472 340.9292571 -51.0084316  0.097   6.678  -6.125 19.279 0.620 10.4  1000.00 10000.00  0  1 
6513574743429250944 341.1499022 -50.9988931  0.024   6.285  -5.118 19.027 0.591 11.0  1000.00 10000.00  0  1 
6507346388014673024 341.2477900 -52.6372743  0.211   6.149  -5.347 19.255 0.595  9.6  1000.00 10000.00  0  1 
6353934077507696512 341.5865828 -77.5353207 -0.404   9.228   7.339 14.976 0.864  3.4  1000.00 10000.00  0 31 
6353751932238271104 341.6028357 -78.5094196  0.250   8.292   6.646 17.729 0.720  3.5  1000.00 10000.00  0 31 
6513580760680539392 341.7617436 -51.0581859  0.332   6.411  -5.370 16.906 0.888 11.2  1000.00 10000.00  0  1 
6513536196099858176 342.3362297 -51.0597568  0.029   5.670  -5.145 15.012 1.000 11.7    97.79     0.24 13  1 
6512767289577920000 342.6685262 -51.3426084 -0.038   7.481  -5.794 17.993 0.709 10.2  1000.00 10000.00  0  1 
6513125970885505920 343.1126030 -51.4189795  0.197   7.257  -4.645 18.303 0.718 10.8  1000.00 10000.00  0  1 
6512736846849170176 343.2073748 -51.7833129  0.476   6.707  -4.780 19.415 0.618  9.2  1000.00 10000.00  0  1 
6512682146145434112 343.4788922 -52.0491765 -0.009   7.637  -5.246 18.119 0.698  9.1  1000.00 10000.00  0  1 
6513157994162520960 343.5946888 -51.0588031  0.146   4.735  -4.932 18.334 0.737 11.9  1000.00 10000.00  0  1 
6512690529921734144 343.6008324 -51.9044404 -0.296   5.581  -6.662 19.448 0.655 10.5  1000.00 10000.00  0  1 
6512689018093159168 343.6906041 -51.9918371  0.173   7.686  -6.594 18.998 0.620  8.4  1000.00 10000.00  0  1 
6513263615997687168 343.7148863 -50.6883383 -0.015   7.161  -5.328 19.034 0.642  9.8  1000.00 10000.00  0  1 
6513104427329897984 343.7943673 -51.2690644 -0.017   5.421  -4.704 19.094 0.578 11.6  1000.00 10000.00  0  1 
6513191735424722688 344.2930278 -51.1543759 -0.338   7.381  -5.644 19.451 0.677 10.4  1000.00 10000.00  0  1 
6514798263647849728 344.3847950 -49.6405684  0.298   6.503  -5.001 18.500 0.584 11.9  1000.00 10000.00  0  1 
6512893016157074560 344.5391225 -51.6868440  0.158   5.950  -5.289 19.063 0.597 11.0  1000.00 10000.00  0  1 
6512998397473564288 344.7179322 -51.3317082  0.064   7.339  -5.842 17.400 0.873 10.2  1000.00 10000.00  0  1 
6512986126750374912 344.9550861 -51.3884107  0.148   5.248  -4.715 18.585 0.577 12.0  1000.00 10000.00  0  1 
6512800932058145408 344.9716212 -52.1500589  0.227   8.103  -5.475 17.600 0.751  8.5  1000.00 10000.00  0  1 
6512982828215474688 345.0411312 -51.4346006 -0.035   5.992  -4.717 19.050 0.579 10.0  1000.00 10000.00  0  1 
6513017634630639616 345.2296990 -51.0872128  0.194   5.993  -4.799 18.125 0.659 10.7  1000.00 10000.00  0  1 
6512830855093791360 345.3628186 -51.9331442  0.173   6.189  -4.739 19.373 0.599  9.4  1000.00 10000.00  0  1 
6512925108151555584 345.7761847 -51.5422029  0.164   7.204  -5.549 17.889 0.846 10.4  1000.00 10000.00  0  1 
6512946200735058048 346.0211930 -51.5191952  0.223   6.284  -3.934 18.922 0.587 11.2  1000.00 10000.00  0  1 
6500934620316541312 346.1095432 -51.6159814  0.112   7.872  -5.467 18.473 0.691 10.8  1000.00 10000.00  0  1 
6500935204432096384 346.2264273 -51.6064960  0.183   6.722  -4.925 19.351 0.582 10.0  1000.00 10000.00  0  1 
6502451224809012480 346.5397623 -51.1347145  0.282   6.370  -4.564 17.582 0.864 11.3  1000.00 10000.00  0  1 
6502486860153984256 346.5558523 -50.7626398  0.274   6.916  -5.436 17.742 0.751  9.2  1000.00 10000.00  0  1 
6380829471951540864 346.6519051 -72.5858067  0.153   7.632   6.484 18.689 0.855  3.5  1000.00 10000.00  0 31 
6502474108394161664 346.7595482 -50.8330612  0.130   6.279  -4.684 18.383 0.748 11.3  1000.00 10000.00  0  1 
6502465930777117824 346.7799963 -51.0131717  0.407   7.122  -4.471 18.361 0.619 10.6  1000.00 10000.00  0  1 
6500864217213250048 346.8418702 -52.0126185  0.375   7.000  -4.868 19.239 0.652  9.8  1000.00 10000.00  0  1 
6500871707636390144 346.9573061 -51.8727963 -0.388   7.209  -5.258 19.198 0.598  9.2  1000.00 10000.00  0  1 
6502384841794895872 347.1291525 -51.4781246 -0.043   7.470  -5.415 19.209 0.649  9.9  1000.00 10000.00  0  1 
6500855318041045888 347.2243158 -51.9858723  0.111   7.379  -5.492 19.327 0.630  9.4  1000.00 10000.00  0  1 
6502602235858974592 347.2366727 -50.3272380  0.389   6.532  -5.994 17.985 0.816 11.1  1000.00 10000.00  0  1 
6502371029179870208 347.2699804 -51.8251868  0.107   5.886  -5.277 19.484 0.580 11.8  1000.00 10000.00  0  1 
6500821374916405248 347.2833281 -52.3253832  0.108   7.456  -5.820 15.634 0.967 10.4   -44.38     0.17 13  1 
6502536887932789120 347.7854045 -50.5724047  0.335   6.528  -4.676 17.336 0.886 12.0  1000.00 10000.00  0  1 
6502177274615225984 347.8011554 -51.6939565 -0.087   7.226  -5.100 19.003 0.609  8.6  1000.00 10000.00  0  1 
6502344091144696192 348.1177451 -50.7574322  0.431   6.922  -4.603 19.248 0.573  9.1  1000.00 10000.00  0  1 
6502183596806626944 348.2576780 -51.8208755  0.159   6.609  -3.924 17.896 0.659 10.4  1000.00 10000.00  0  1 
6502185383513041152 348.2619432 -51.7419736  0.190   7.178  -4.469 18.578 0.668 12.0  1000.00 10000.00  0  1 
6502142708720614656 348.3451845 -52.3602228  0.115   7.173  -5.962 18.506 0.663 11.2  1000.00 10000.00  0  1 
6502178103545360128 348.5460685 -51.9600313  0.220   7.463  -5.269 17.978 0.685 10.9  1000.00 10000.00  0  1 
6502235480011975808 348.8204316 -51.6353383  0.057   7.364  -5.445 19.158 0.570  9.8  1000.00 10000.00  0  1 
6500563328984005632 348.9880191 -52.9297578  0.098   6.998  -5.341 18.245 0.666 10.7  1000.00 10000.00  0  1 
6502268297857960704 349.1459685 -51.2851910 -0.061   6.818  -4.456 18.344 0.676 10.5  1000.00 10000.00  0  1 
6502123162323684864 349.1755208 -51.9581306  0.222   7.276  -4.775 17.983 0.796  9.8  1000.00 10000.00  0  1 
6502216139775057920 349.3350108 -51.8542928  0.002   7.894  -5.776 19.150 0.600 11.4  1000.00 10000.00  0  1 
6502215761817932800 349.3832058 -51.8304238  0.019   7.649  -5.305 18.557 0.640 11.2  1000.00 10000.00  0  1 
6502683737158200576 349.5195380 -50.5059936  0.400   7.043  -5.231 18.006 0.846 11.1  1000.00 10000.00  0  1 
6502686112276125824 349.5761188 -50.4030812  0.148   6.783  -5.041 17.617 0.871 11.6  1000.00 10000.00  0  1 
6501469017327601024 349.7751434 -51.8004082 -0.030   6.626  -4.223 19.399 0.604  9.9  1000.00 10000.00  0  1 
6501501762158114048 349.8022235 -51.5188977  0.282   7.270  -4.016 18.481 0.627 10.5  1000.00 10000.00  0  1 
6501455754470169600 349.9604631 -51.9164155 -0.110   7.453  -4.350 18.038 0.709  9.8  1000.00 10000.00  0  1 
6501440086428183808 350.0202161 -52.3256737 -0.063   7.943  -5.665 18.341 0.694 10.7  1000.00 10000.00  0  1 
6501481666008359552 350.0262389 -51.7526458  0.396   7.768  -5.762 17.287 0.887 11.0  1000.00 10000.00  0  1 
6501333987852209664 350.0316487 -52.7052217  0.016   7.849  -5.654 16.943 0.905 10.4   -63.53    23.72 12  1 
6501862852944910080 350.2106624 -51.4878006  0.279   7.250  -5.547 19.441 0.603 10.7  1000.00 10000.00  0  1 
6501814508792991872 350.4066176 -51.5834206  0.319   7.656  -3.930 18.454 0.661  9.9  1000.00 10000.00  0  1 
6501813851661894016 350.4144017 -51.6538429  0.283   7.758  -4.819 19.414 0.628 10.1  1000.00 10000.00  0  1 
6501644458151972864 351.5995106 -51.4556496 -0.043   6.486  -4.427 18.487 0.705 10.7  1000.00 10000.00  0  1 
6501576975625722112 352.1219758 -51.7942654  0.024   7.498  -4.778 19.020 0.565  9.9  1000.00 10000.00  0  1 
6501566152308075392 352.3069634 -51.9467495 -0.080   7.024  -3.900 19.420 0.590  9.8  1000.00 10000.00  0  1 
6525718883717575168 353.0356032 -51.0692204 -0.029   7.276  -4.611 18.969 0.594  9.0  1000.00 10000.00  0  1 
6522717835448843520 353.3127383 -51.1598512  0.001   7.240  -4.553 19.481 0.574 10.7  1000.00 10000.00  0  1 
6498531878172540672 353.4265868 -52.4628612  0.180   8.035  -5.002 18.726 0.619 11.9  1000.00 10000.00  0  1 
6522719415996828160 353.4707836 -51.0793107  0.243   7.600  -4.799 18.693 0.619  9.7  1000.00 10000.00  0  1 
6498662410818474880 353.7202866 -51.8541930 -0.042   7.555  -4.802 18.230 0.731 10.9  1000.00 10000.00  0  1 
6522681074826300288 353.9982874 -51.0959513  0.087   7.417  -4.313 18.667 0.586 10.3  1000.00 10000.00  0  1 
6522669491296928384 354.3814659 -51.2349481  0.222   7.625  -4.274 19.212 0.620 10.3  1000.00 10000.00  0  1 
6522630600367572736 354.5435038 -51.6490739  0.253   6.879  -3.522 19.093 0.595  9.9  1000.00 10000.00  0  1 
6498589641190230912 354.5631664 -52.3052259  0.388   7.025  -4.383 19.390 0.583 11.4  1000.00 10000.00  0  1 
6522435333977834880 355.0970753 -51.9796186  0.013   7.654  -4.808 19.464 0.630 10.9  1000.00 10000.00  0  1 
6522537927858858752 355.7537641 -51.2125324  0.092   7.877  -4.007 18.074 0.745 10.2  1000.00 10000.00  0  1 
6522507038453778304 355.9326985 -51.5134991  0.157   7.795  -3.591 17.845 0.648  9.9  1000.00 10000.00  0  1 
6522909013033284736 356.2098596 -50.9692114 -0.402   7.526  -3.997 19.336 0.655  9.8  1000.00 10000.00  0  1 
6522517762989399168 356.3083079 -51.4335999 -0.008   7.940  -4.153 18.163 0.660  9.8  1000.00 10000.00  0  1 
6522910391720822016 356.4729094 -50.9973406 -0.336   7.962  -3.993 19.328 0.625  9.9  1000.00 10000.00  0  1 
6522277377963313664 357.4127096 -50.5629176  0.559   7.105  -4.101 19.232 0.628  8.7  1000.00 10000.00  0  1 
6522098295006132224 357.8340846 -51.3837191  0.418   7.743  -4.255 19.294 0.606  9.9  1000.00 10000.00  0  1 
6522212339275436288 357.9376670 -50.8543344  0.363   7.407  -3.551 19.191 0.597  9.1  1000.00 10000.00  0  1 
6522198526659974016 358.1559268 -51.1951887 -0.019   7.234  -3.104 18.853 0.602 10.3  1000.00 10000.00  0  1 
6522094962111261312 358.1681377 -51.4537125  0.062   7.656  -3.332 18.242 0.807 10.3  1000.00 10000.00  0  1 
6522020435839573760 358.3845262 -50.9976856  0.160   6.959  -4.110 17.581 0.739 10.5  1000.00 10000.00  0  1 
6522038371623191424 358.7302895 -50.7646239  0.260   7.845  -4.253 18.943 0.578  9.7  1000.00 10000.00  0  1 
6522001434903900160 358.7401428 -51.2178703 -0.142   7.853  -4.214 19.311 0.580 11.4  1000.00 10000.00  0  1 
6521976936410544000 359.1510219 -51.1189655  0.495   7.596  -3.862 19.347 0.575  9.9  1000.00 10000.00  0  1 
